sample_id,image_path,mask_path,disease,split,image_sha256,mask_sha256,source_identity
AMD Part2/AMD (48).E2E/2- 25- 2017 4- 42- 21 PM/Image 3,/kaggle/input/aether-oct5k-pilot/Images/Images_Manual/AMD Part2/AMD (48).E2E/2- 25- 2017 4- 42- 21 PM/Image 3.png,/kaggle/input/aether-oct5k-pilot/Masks/Masks_Manual/Grading_1/AMD Part2/AMD (48).E2E/2- 25- 2017 4- 42- 21 PM/Image 3.png,AMD Part2,train,38f77cb7ab74581cbe64e995c034aa868374a529b1d23562ca5adcad98da55e7,01f11085fc9c282d7bcbef733185cb080b945bde46095101efa90ee87c3cc390,e9a4a4f0e5eaa92e53bab9173695d679dc7ce58d894edc25092bf118461cbdb7
Normal Part1/Normal (13).E2E/2- 26- 2017 9- 25- 04 AM/Image 10,/kaggle/input/aether-oct5k-pilot/Images/Images_Manual/Normal Part1/Normal (13).E2E/2- 26- 2017 9- 25- 04 AM/Image 10.png,/kaggle/input/aether-oct5k-pilot/Masks/Masks_Manual/Grading_1/Normal Part1/Normal (13).E2E/2- 26- 2017 9- 25- 04 AM/Image 10.png,Normal Part1,train,abf428137a6270866565bcdbebcbbb850f3a11339b08c1ece21b8c38c4bdfba3,8faa5bf9e4506340a405b81213e6b337d4831c2e9a7220f437ada7c52dad87cc,227df9b92a9984d6b4c3fdc953b6a615b012cb87eb998563b4dba6ee4c17321a
AMD Part1/AMD (24).E2E/2- 25- 2017 5- 17- 27 PM/Image 14,/kaggle/input/aether-oct5k-pilot/Images/Images_Manual/AMD Part1/AMD (24).E2E/2- 25- 2017 5- 17- 27 PM/Image 14.png,/kaggle/input/aether-oct5k-pilot/Masks/Masks_Manual/Grading_1/AMD Part1/AMD (24).E2E/2- 25- 2017 5- 17- 27 PM/Image 14.png,AMD Part1,train,e7216c7ea396af61a2af420e20f8bb34766c664ae9fa22fbd993799f548fc9a6,a9015b5116055a0efa51a5458d437f8740fcf515bceaf714f76bfb4354a6aadb,5ff2cedf5b26ae88acab073668135156f9d18833ffbb4f87b1729ff82ac90f9e
AMD Part1/AMD (13).E2E/2- 25- 2017 4- 48- 43 PM/Image 27,/kaggle/input/aether-oct5k-pilot/Images/Images_Manual/AMD Part1/AMD (13).E2E/2- 25- 2017 4- 48- 43 PM/Image 27.png,/kaggle/input/aether-oct5k-pilot/Masks/Masks_Manual/Grading_1/AMD Part1/AMD (13).E2E/2- 25- 2017 4- 48- 43 PM/Image 27.png,AMD Part1,train,37e5e7a61d14996ad4241459e1d26d0d5ff749be56cfa0e479d11433f8b79482,bb9e2ee5e46e2e126157071c999d955be3976207a5ef5d1646d885da7bf31e25,8246d5ce20d93082379c5f6deeece34d644d1b84d2de686b87301ec1a9c4fe54
AMD Part1/AMD (23).E2E/2- 25- 2017 5- 14- 57 PM/Image 20,/kaggle/input/aether-oct5k-pilot/Images/Images_Manual/AMD Part1/AMD (23).E2E/2- 25- 2017 5- 14- 57 PM/Image 20.png,/kaggle/input/aether-oct5k-pilot/Masks/Masks_Manual/Grading_1/AMD Part1/AMD (23).E2E/2- 25- 2017 5- 14- 57 PM/Image 20.png,AMD Part1,train,f4e351de710b15c8a9ee6ba238463e69afe16467bba876398a72458ae3efe770,a35ea5072a51dc6f1f9494655e41b890da4113c4ace4e1ce0613ae903b4e8df2,18bf5d588aa3a4fda7729cb0391ec20588a8528f1a8a0758afc3bc2c1f0955af
Normal Part1/Normal (12).E2E/2- 26- 2017 9- 23- 28 AM/Image 18,/kaggle/input/aether-oct5k-pilot/Images/Images_Manual/Normal Part1/Normal (12).E2E/2- 26- 2017 9- 23- 28 AM/Image 18.png,/kaggle/input/aether-oct5k-pilot/Masks/Masks_Manual/Grading_1/Normal Part1/Normal (12).E2E/2- 26- 2017 9- 23- 28 AM/Image 18.png,Normal Part1,train,628429161e1fd94de74e20bd82a9a9518569c80a33c1081e7b205d49e777f7cc,c8ce6d3e155db9eabfebf580ee2a5fe400be55e484279da377e86fa5857d4caa,5c783cf3461dc45166c23ddec0127a62df7029ddd7f5287a382766395cdfcc3f
Normal Part2/Normal (38).E2E/2- 26- 2017 10- 06- 02 AM/Image 4,/kaggle/input/aether-oct5k-pilot/Images/Images_Manual/Normal Part2/Normal (38).E2E/2- 26- 2017 10- 06- 02 AM/Image 4.png,/kaggle/input/aether-oct5k-pilot/Masks/Masks_Manual/Grading_1/Normal Part2/Normal (38).E2E/2- 26- 2017 10- 06- 02 AM/Image 4.png,Normal Part2,train,bb10dc356676e5919db821b5db088f4a55750db363458195914aedc00887d80b,73e5b1d85cfe4925b713786b8bff489d194616b6a07948dee73a804dc58aab84,631a14b869c8c0a9db4696b293843985cbe1bba8fd01ea95000a5597e76cec9d
Normal Part1/Normal (6).E2E/2- 26- 2017 9- 12- 11 AM/Image 9,/kaggle/input/aether-oct5k-pilot/Images/Images_Manual/Normal Part1/Normal (6).E2E/2- 26- 2017 9- 12- 11 AM/Image 9.png,/kaggle/input/aether-oct5k-pilot/Masks/Masks_Manual/Grading_1/Normal Part1/Normal (6).E2E/2- 26- 2017 9- 12- 11 AM/Image 9.png,Normal Part1,train,f15c99c40dc39f0ff5666f35b1f2b645ee4e93f7954290c155baf4bdf31bb886,7ef80c8fe604e14da16519d5e21c118590ad33dc8b07b40183c58e034c3fdcda,c27c23af1105264b335c66031dfed8762727f948a3822079057531fe4c7eb248
AMD Part1/AMD (23).E2E/2- 25- 2017 5- 14- 57 PM/Image 45,/kaggle/input/aether-oct5k-pilot/Images/Images_Manual/AMD Part1/AMD (23).E2E/2- 25- 2017 5- 14- 57 PM/Image 45.png,/kaggle/input/aether-oct5k-pilot/Masks/Masks_Manual/Grading_1/AMD Part1/AMD (23).E2E/2- 25- 2017 5- 14- 57 PM/Image 45.png,AMD Part1,train,73855022326f1a51ba2728cffd191792eb0502e80af54debd1e02cb66ee9ed15,9defc4b2b1b4198981b125f8b3eeade3416dbfe750a815cfb41108b8a732f2ce,9529e02590d06e74c57237063af3a798b3567de7f8fa0996bc20fed8f9c9c988
AMD Part1/AMD (26).E2E/2- 25- 2017 5- 23- 01 PM/Image 59,/kaggle/input/aether-oct5k-pilot/Images/Images_Manual/AMD Part1/AMD (26).E2E/2- 25- 2017 5- 23- 01 PM/Image 59.png,/kaggle/input/aether-oct5k-pilot/Masks/Masks_Manual/Grading_1/AMD Part1/AMD (26).E2E/2- 25- 2017 5- 23- 01 PM/Image 59.png,AMD Part1,train,0763e5a3db9ae36ab36d8160564891acc6a7dadfebbddf5bd6893458b01f1a9e,f378c35c59985331373d37bd7824355a77a49de6961f6817c96c28b0af938f33,2a9507e3ca51cac4e004271b2af1bf7dbf1653279fed989093342e0e85735e73
Normal Part2/Normal (40).E2E/2- 26- 2017 10- 10- 37 AM/Image 18,/kaggle/input/aether-oct5k-pilot/Images/Images_Manual/Normal Part2/Normal (40).E2E/2- 26- 2017 10- 10- 37 AM/Image 18.png,/kaggle/input/aether-oct5k-pilot/Masks/Masks_Manual/Grading_1/Normal Part2/Normal (40).E2E/2- 26- 2017 10- 10- 37 AM/Image 18.png,Normal Part2,train,64cecdf86ecc281ae861183e0b0d04dd68e7ac67be6f8e7a258046243ef5ab3a,ad520a69b9353f737759555be2fe0786281bdd50ae286bcd5743010417c53e48,f56c4813755bf58488796d4fa0dbbd0d3da3620cccee1d746c36398c7e63b8be
Normal Part1/Normal (14).E2E/2- 26- 2017 9- 26- 02 AM/Image 7,/kaggle/input/aether-oct5k-pilot/Images/Images_Manual/Normal Part1/Normal (14).E2E/2- 26- 2017 9- 26- 02 AM/Image 7.png,/kaggle/input/aether-oct5k-pilot/Masks/Masks_Manual/Grading_1/Normal Part1/Normal (14).E2E/2- 26- 2017 9- 26- 02 AM/Image 7.png,Normal Part1,train,6ea3ae3161db7a5a5af33f66764ad02d68bd15332a748f2cd6aacb4b9ba7820d,cba1ea1a263ab597b48ab39da7c2d59dd311142c73c4b036edc73481b381679e,5347f40f888f1068291e4f773db997618df54f4c694564f1ffb6b4b78b86897b
DME/DME (15).E2E/2- 25- 2017 9- 53- 19 PM/Image 7,/kaggle/input/aether-oct5k-pilot/Images/Images_Manual/DME/DME (15).E2E/2- 25- 2017 9- 53- 19 PM/Image 7.png,/kaggle/input/aether-oct5k-pilot/Masks/Masks_Manual/Grading_1/DME/DME (15).E2E/2- 25- 2017 9- 53- 19 PM/Image 7.png,DME,train,629a5b663551aec681ded008799e13820193d3bc8199e268aa87581548c853ee,406d5b7b68419b94cd1a7ae3a8b874c7d4b6339cd8a719c3120202fc2be57573,5859f9b1f83d8b9b66481fb9d11f833f1359c9091c8a9bb208266ca51f1264fd
AMD Part1/AMD (23).E2E/2- 25- 2017 5- 14- 57 PM/Image 17,/kaggle/input/aether-oct5k-pilot/Images/Images_Manual/AMD Part1/AMD (23).E2E/2- 25- 2017 5- 14- 57 PM/Image 17.png,/kaggle/input/aether-oct5k-pilot/Masks/Masks_Manual/Grading_1/AMD Part1/AMD (23).E2E/2- 25- 2017 5- 14- 57 PM/Image 17.png,AMD Part1,train,cf98dff403e31c17ee39c7ebdfbcbbb55fdf32ff0b10778678b02659c48e08c3,a72566bc32da5937e9bead32c098a45b375c2d7c56701b5076f5721d488fabd1,51036bef83e027ed243c9abd7977a9181be9f8d1161426649cf88cf7887ee8ba
AMD Part1/AMD (23).E2E/2- 25- 2017 5- 14- 57 PM/Image 43,/kaggle/input/aether-oct5k-pilot/Images/Images_Manual/AMD Part1/AMD (23).E2E/2- 25- 2017 5- 14- 57 PM/Image 43.png,/kaggle/input/aether-oct5k-pilot/Masks/Masks_Manual/Grading_1/AMD Part1/AMD (23).E2E/2- 25- 2017 5- 14- 57 PM/Image 43.png,AMD Part1,train,c7ce1975c8e565c77bf296a30cc7a8fc2292adabf6af6f5c87a8873ad34cb181,41a81bd334f1755769727e5ea8f71d44c3872adaf0202d0952d1fcd31a866efb,4f9bed7a3ab523585ff76372e316b882dca081afb489e51b9ea709a31ae83081
Normal Part1/Normal (25).E2E/2- 26- 2017 9- 42- 47 AM/Image 3,/kaggle/input/aether-oct5k-pilot/Images/Images_Manual/Normal Part1/Normal (25).E2E/2- 26- 2017 9- 42- 47 AM/Image 3.png,/kaggle/input/aether-oct5k-pilot/Masks/Masks_Manual/Grading_1/Normal Part1/Normal (25).E2E/2- 26- 2017 9- 42- 47 AM/Image 3.png,Normal Part1,train,4307607ca6b5a8ff742ef61d2cf8aa77439cc1f07c0036383d1215933f0ad6d1,9421b7e6edaae6deccaa564929e77edcee1258677dd1d2a7d7e74403b5c2bc36,a6dfbfdf7397906ef65eb9b7296d91771d52cbc4546decc3491e638902c8d4f2
Normal Part2/Normal (49).E2E/2- 26- 2017 10- 23- 58 AM/Image 15,/kaggle/input/aether-oct5k-pilot/Images/Images_Manual/Normal Part2/Normal (49).E2E/2- 26- 2017 10- 23- 58 AM/Image 15.png,/kaggle/input/aether-oct5k-pilot/Masks/Masks_Manual/Grading_1/Normal Part2/Normal (49).E2E/2- 26- 2017 10- 23- 58 AM/Image 15.png,Normal Part2,train,a67cbd238b8fd960146f191e1d5cf3dbf3b5bd85828403c0ac9d07ab3d5483fc,4d4b3520dccf986479d123fa2e609213cc76b0047146908a9199883301c08f4d,b82dfc990fd3049dc347b6c2c17c8746bdab6cbe9b22da6d672b719cbd1f9340
AMD Part1/AMD (9).E2E/2- 25- 2017 9- 25- 22 PM/Image 8,/kaggle/input/aether-oct5k-pilot/Images/Images_Manual/AMD Part1/AMD (9).E2E/2- 25- 2017 9- 25- 22 PM/Image 8.png,/kaggle/input/aether-oct5k-pilot/Masks/Masks_Manual/Grading_1/AMD Part1/AMD (9).E2E/2- 25- 2017 9- 25- 22 PM/Image 8.png,AMD Part1,train,f9cc192b9aaa60f9658b695f2302fe71144f37db3e0228cb84be03d09a3e7e72,e915a8fe752c5454cb6a99074a72fd386643eb09204b66a4d631378594a106f4,d943bbbd9156ebfd3b7c797ec51e53d7de08d1d4d9560187a5181a4a67548ff3
DME/DME (19).E2E/2- 25- 2017 9- 58- 33 PM/Image 5,/kaggle/input/aether-oct5k-pilot/Images/Images_Manual/DME/DME (19).E2E/2- 25- 2017 9- 58- 33 PM/Image 5.png,/kaggle/input/aether-oct5k-pilot/Masks/Masks_Manual/Grading_1/DME/DME (19).E2E/2- 25- 2017 9- 58- 33 PM/Image 5.png,DME,train,bddb71560ec0f5f214b227015b6ee09e15a999956f3d218b3bfa65559326ec99,75c88d0fb7e30fb4486f470021c2226b95d319060677a93555cce5e9e031cb79,1636c2e900ce871b307aa74eaa0999cd1eadcf1a5140d877ed1def28e3b07c4d
DME/DME (14).E2E/2- 25- 2017 9- 51- 49 PM/Image 7,/kaggle/input/aether-oct5k-pilot/Images/Images_Manual/DME/DME (14).E2E/2- 25- 2017 9- 51- 49 PM/Image 7.png,/kaggle/input/aether-oct5k-pilot/Masks/Masks_Manual/Grading_1/DME/DME (14).E2E/2- 25- 2017 9- 51- 49 PM/Image 7.png,DME,train,29f533662a75ff2bdd0837b96a89308d817131f99b66b9c53419c508887797ba,e0734f5cb7df56490af915169906daf7ab9fe04b6059aefae52169c589c56184,b77fda198705b48acd9404371f3384a384cdf0747fa4a445cd9030a8b11079d0
Normal Part1/Normal (13).E2E/2- 26- 2017 9- 25- 04 AM/Image 17,/kaggle/input/aether-oct5k-pilot/Images/Images_Manual/Normal Part1/Normal (13).E2E/2- 26- 2017 9- 25- 04 AM/Image 17.png,/kaggle/input/aether-oct5k-pilot/Masks/Masks_Manual/Grading_1/Normal Part1/Normal (13).E2E/2- 26- 2017 9- 25- 04 AM/Image 17.png,Normal Part1,train,e15077eade584f2a4fbfadeedec4953e7b254af8c24ec0607d95c93ce939355b,da0fe976ab508a758cc069cd4a9238e643acf7172c2dad0a400ce6f86c8c3c18,8409873eb5315524987433f61035f8714f6282d74c596e9ec0138941c7843127
AMD Part1/AMD (22).E2E/2- 25- 2017 5- 11- 45 PM/Image 8,/kaggle/input/aether-oct5k-pilot/Images/Images_Manual/AMD Part1/AMD (22).E2E/2- 25- 2017 5- 11- 45 PM/Image 8.png,/kaggle/input/aether-oct5k-pilot/Masks/Masks_Manual/Grading_1/AMD Part1/AMD (22).E2E/2- 25- 2017 5- 11- 45 PM/Image 8.png,AMD Part1,train,d90e1774a3ea7539965af8529eb2a6fcd26722438c0f5ac7c25f844ed90d8b49,f446b42ee070d3928751399c0ca738142c279b7986d79f49706f1318249b3484,aaf22b9c67c469dc7c8d23023f9b6df69e476613be380b320e5e3a74ae917f34
DME/DME (14).E2E/2- 25- 2017 9- 51- 49 PM/Image 5,/kaggle/input/aether-oct5k-pilot/Images/Images_Manual/DME/DME (14).E2E/2- 25- 2017 9- 51- 49 PM/Image 5.png,/kaggle/input/aether-oct5k-pilot/Masks/Masks_Manual/Grading_1/DME/DME (14).E2E/2- 25- 2017 9- 51- 49 PM/Image 5.png,DME,train,890936293129b3cdd9c185aa80c30228e43a7c7fe202310325f1096d12ec76e6,b99df4c924622b8fe902e34677ea526ce61ceb692dcd2b4532a8ddb8b3051375,8766fbd97920e78f8bba95a4ca01395c732c7e8766d74d9dc08561204e3c23a3
AMD Part1/AMD (23).E2E/2- 25- 2017 5- 14- 57 PM/Image 15,/kaggle/input/aether-oct5k-pilot/Images/Images_Manual/AMD Part1/AMD (23).E2E/2- 25- 2017 5- 14- 57 PM/Image 15.png,/kaggle/input/aether-oct5k-pilot/Masks/Masks_Manual/Grading_1/AMD Part1/AMD (23).E2E/2- 25- 2017 5- 14- 57 PM/Image 15.png,AMD Part1,train,5b29abc168dc11f07bbe131d767c9e05c828f0999f6e0d66ed4fb73450576d91,d4496f29038cc929c30da07dac7d9d01457dfb8abdc73ef612df01c7d7d8a718,1b962c613ca8853f1cd2f8115711091bc9fe80c11b73b40abe4750e422ba3b7e
AMD Part1/AMD (3).E2E/2- 25- 2017 9- 13- 55 PM/Image 19,/kaggle/input/aether-oct5k-pilot/Images/Images_Manual/AMD Part1/AMD (3).E2E/2- 25- 2017 9- 13- 55 PM/Image 19.png,/kaggle/input/aether-oct5k-pilot/Masks/Masks_Manual/Grading_1/AMD Part1/AMD (3).E2E/2- 25- 2017 9- 13- 55 PM/Image 19.png,AMD Part1,train,8effeb971e8535e807b05ed4476b14d431176ca0822f5f91efd05b79f6ba80da,9860c05b8c584c456029ca1f0ec667c879fd74ee4394909b7436bd657546ea5e,30edc185d3d2bd55d71dffb6364429de274bcb19de34b5a82141cc7bd739a15e
AMD Part1/AMD (22).E2E/2- 25- 2017 5- 11- 45 PM/Image 20,/kaggle/input/aether-oct5k-pilot/Images/Images_Manual/AMD Part1/AMD (22).E2E/2- 25- 2017 5- 11- 45 PM/Image 20.png,/kaggle/input/aether-oct5k-pilot/Masks/Masks_Manual/Grading_1/AMD Part1/AMD (22).E2E/2- 25- 2017 5- 11- 45 PM/Image 20.png,AMD Part1,train,cd94f3aebffd5d31648b7c92c79c852997f27f2c50fd443fb56de6220e93d3e6,20d8972fd02ce24694ecce18a421c15fad28ce9ecf1ad5d23a19f4374db2cc23,30b9400cb1dca412a6955cd3adef0fc1c0d4eae329725e06430814f920705e27
AMD Part1/AMD (24).E2E/2- 25- 2017 5- 17- 27 PM/Image 47,/kaggle/input/aether-oct5k-pilot/Images/Images_Manual/AMD Part1/AMD (24).E2E/2- 25- 2017 5- 17- 27 PM/Image 47.png,/kaggle/input/aether-oct5k-pilot/Masks/Masks_Manual/Grading_1/AMD Part1/AMD (24).E2E/2- 25- 2017 5- 17- 27 PM/Image 47.png,AMD Part1,train,4832c3837c53215932b84c87e77ded075f3d8b6ef56d3e505a195795d0fe97e0,8c9b1c73c3d10af547d953c0b72d1a1c6856dc6a8f1466f3b373289d4016acf5,985229c60d1e338baec50349eb40ee786f8e160de856c5a92c4f8af4d8fb7488
AMD Part1/AMD (34).E2E/2- 25- 2017 8- 59- 29 PM/Image 15,/kaggle/input/aether-oct5k-pilot/Images/Images_Manual/AMD Part1/AMD (34).E2E/2- 25- 2017 8- 59- 29 PM/Image 15.png,/kaggle/input/aether-oct5k-pilot/Masks/Masks_Manual/Grading_1/AMD Part1/AMD (34).E2E/2- 25- 2017 8- 59- 29 PM/Image 15.png,AMD Part1,train,149fe6ef8642b997cedd5604e8b2d2ad882860cbd854e66a5c187799925f4800,21ca3a878dad04e8d2c3fecafea7fa7d83da3bf6e3d188e0aa37eff9f7baf279,5865f0bcd5442e993d9cf5e38cf659ea0f03a5efc71668f1622e74318df6ea74
DME/DME (28).E2E/2- 25- 2017 10- 12- 57 PM/Image 5,/kaggle/input/aether-oct5k-pilot/Images/Images_Manual/DME/DME (28).E2E/2- 25- 2017 10- 12- 57 PM/Image 5.png,/kaggle/input/aether-oct5k-pilot/Masks/Masks_Manual/Grading_1/DME/DME (28).E2E/2- 25- 2017 10- 12- 57 PM/Image 5.png,DME,train,ad62a22080ed2f0071f182ef22144527d0c12174b8d8f93ab20acfe6625914ad,675ab668a98524e59e0b2a86a05221c0ad520406ab37ca8ebb1d4d51eafc9236,40801efc673b8ee3ddfd8c12bd2a74bee783be53928dbcce391d73491c567188
AMD Part1/AMD (29).E2E/2- 25- 2017 8- 39- 05 PM/Image 4,/kaggle/input/aether-oct5k-pilot/Images/Images_Manual/AMD Part1/AMD (29).E2E/2- 25- 2017 8- 39- 05 PM/Image 4.png,/kaggle/input/aether-oct5k-pilot/Masks/Masks_Manual/Grading_1/AMD Part1/AMD (29).E2E/2- 25- 2017 8- 39- 05 PM/Image 4.png,AMD Part1,train,f1c88b0f8d2435b43f6efcaef6e591dd2bcc2cc5b7f14c3ffcc7a13a66e78575,90e8a43598dab5a7c480995886f5c682cc107f55d2c6ad1d26cd6696cf9d1200,a41239f3b1a053f170be182bfef08a61548b54f8fe859e2b524c86f7abf14d7a
AMD Part1/AMD (27).E2E/2- 25- 2017 8- 35- 28 PM/Image 20,/kaggle/input/aether-oct5k-pilot/Images/Images_Manual/AMD Part1/AMD (27).E2E/2- 25- 2017 8- 35- 28 PM/Image 20.png,/kaggle/input/aether-oct5k-pilot/Masks/Masks_Manual/Grading_1/AMD Part1/AMD (27).E2E/2- 25- 2017 8- 35- 28 PM/Image 20.png,AMD Part1,train,9c2d7b51ac5cf2c35d040ccc00299a63ca6012b690b74b1c5c9708b89a5141dc,6ceb0ed0c4f85ac57e0b0ede1f2c4a965e777560379f8c7da0ac03ff2a1d1f9e,cdcce7c1f230e1322ca1aacba5ad6b246294cb655efdb2a0607e4368a7ac7978
Normal Part2/Normal (36).E2E/2- 26- 2017 10- 04- 18 AM/Image 8,/kaggle/input/aether-oct5k-pilot/Images/Images_Manual/Normal Part2/Normal (36).E2E/2- 26- 2017 10- 04- 18 AM/Image 8.png,/kaggle/input/aether-oct5k-pilot/Masks/Masks_Manual/Grading_1/Normal Part2/Normal (36).E2E/2- 26- 2017 10- 04- 18 AM/Image 8.png,Normal Part2,train,9bbd71c6f8081c9b13411b33825b3867b8cf90d5e1b7e9e49a1ffea3661397d3,077ee76d1e58b3a7c3361610f8486418c519470b304f08c297154b6b432253aa,d1611b1e7ebfd6e4dbe324e01da987e01327cf97eecb4f3220cd38cf2fd5b20a
AMD Part1/AMD (1).E2E/2- 25- 2017 9- 10- 42 PM/Image 16,/kaggle/input/aether-oct5k-pilot/Images/Images_Manual/AMD Part1/AMD (1).E2E/2- 25- 2017 9- 10- 42 PM/Image 16.png,/kaggle/input/aether-oct5k-pilot/Masks/Masks_Manual/Grading_1/AMD Part1/AMD (1).E2E/2- 25- 2017 9- 10- 42 PM/Image 16.png,AMD Part1,train,9447913285f83b4664b1bd3804f046633581a7d6febc4ddff543ae4c34cde1fd,5f46a5c6286ef5b0cc648f871c600ae5f045cfc4f70537bfa99716693ebd340a,088dee9f85730f3140f99df9cc03141cb4a3d3aaa34e8857591318f664fa9863
Normal Part2/Normal (47).E2E/2- 26- 2017 10- 21- 43 AM/Image 7,/kaggle/input/aether-oct5k-pilot/Images/Images_Manual/Normal Part2/Normal (47).E2E/2- 26- 2017 10- 21- 43 AM/Image 7.png,/kaggle/input/aether-oct5k-pilot/Masks/Masks_Manual/Grading_1/Normal Part2/Normal (47).E2E/2- 26- 2017 10- 21- 43 AM/Image 7.png,Normal Part2,train,8033642bd84849210e10e1feae2edae51bdc37e0a4a1ad8ba100f2b7729d79e7,5c8ef1e315fe8556935f7456cdd404041f70f2a1eeb59a181614422747317f42,09d564df4a3d34206f4f0029eb8a979a1440c96b29c9d2b40c757568d35e6e4f
Normal Part1/Normal (9).E2E/2- 26- 2017 9- 15- 48 AM/Image 23,/kaggle/input/aether-oct5k-pilot/Images/Images_Manual/Normal Part1/Normal (9).E2E/2- 26- 2017 9- 15- 48 AM/Image 23.png,/kaggle/input/aether-oct5k-pilot/Masks/Masks_Manual/Grading_1/Normal Part1/Normal (9).E2E/2- 26- 2017 9- 15- 48 AM/Image 23.png,Normal Part1,train,e01c683f24cf154cb7f00f40da9e2ff711b784307d57b8fd814eb52e7f16145d,77bdb8680ca85f5ec2b504fd03b497855dd30db2c6c0210376a7365780f2b97a,f3b8ef4a24e238784d8336fb090840eb093dd571a780f01bf9534db5c65eb032
DME/DME (19).E2E/2- 25- 2017 9- 58- 33 PM/Image 12,/kaggle/input/aether-oct5k-pilot/Images/Images_Manual/DME/DME (19).E2E/2- 25- 2017 9- 58- 33 PM/Image 12.png,/kaggle/input/aether-oct5k-pilot/Masks/Masks_Manual/Grading_1/DME/DME (19).E2E/2- 25- 2017 9- 58- 33 PM/Image 12.png,DME,train,3ce7989768d79ea9c04699a3ebac8df81b2ec6c09601e143e04fb7cd06ff494d,1b8b3899631d70a58f9d9adac3509aa914f965b1dbdee5910c7517d8520e86d0,dbc1a07f07527e123884b09ac6bdf22e737e095ab166d6a159142a555bf57e8e
AMD Part1/AMD (29).E2E/2- 25- 2017 8- 39- 05 PM/Image 7,/kaggle/input/aether-oct5k-pilot/Images/Images_Manual/AMD Part1/AMD (29).E2E/2- 25- 2017 8- 39- 05 PM/Image 7.png,/kaggle/input/aether-oct5k-pilot/Masks/Masks_Manual/Grading_1/AMD Part1/AMD (29).E2E/2- 25- 2017 8- 39- 05 PM/Image 7.png,AMD Part1,train,131fb595ee609200447f07909b9b43065da341249898525a9001dc62ffba735f,4419d0f1a78c648e58efb113782028627e9fbbc03bee9b619c0b100f327ce9ed,3a61b6e412464e76f428ba6f3512e8d200ca1951c53db1cced7eb8b380ca3a7d
AMD Part1/AMD (11).E2E/2- 25- 2017 4- 44- 26 PM/Image 4,/kaggle/input/aether-oct5k-pilot/Images/Images_Manual/AMD Part1/AMD (11).E2E/2- 25- 2017 4- 44- 26 PM/Image 4.png,/kaggle/input/aether-oct5k-pilot/Masks/Masks_Manual/Grading_1/AMD Part1/AMD (11).E2E/2- 25- 2017 4- 44- 26 PM/Image 4.png,AMD Part1,train,9ae7ef5634d35fb5a6167d5a7e3d8598c047f98d20e0356eda2756821261bc03,d8167c57edf1917d87a7dc4069c981356bb1624c037e81b6244d0a20aff1acbe,d761d13c62eb3ba9414e9c1d37e1114047a20b94a0b3e084a4925fefc4031f75
Normal Part1/Normal (13).E2E/2- 26- 2017 9- 25- 04 AM/Image 1,/kaggle/input/aether-oct5k-pilot/Images/Images_Manual/Normal Part1/Normal (13).E2E/2- 26- 2017 9- 25- 04 AM/Image 1.png,/kaggle/input/aether-oct5k-pilot/Masks/Masks_Manual/Grading_1/Normal Part1/Normal (13).E2E/2- 26- 2017 9- 25- 04 AM/Image 1.png,Normal Part1,train,d751b77cfb245c76211fd2a12cb0e0904377c627058d5e5593b7f07e5e0ef909,d208174ff07c251efa6155028b5daeea061d8e877bcfe8380a987787dca18dfe,aa72cbecf1268f24ce038a3d92bf8624ef9b40ad4cc7180d653855962ee9fa35
DME/DME (26).E2E/2- 25- 2017 10- 10- 17 PM/Image 14,/kaggle/input/aether-oct5k-pilot/Images/Images_Manual/DME/DME (26).E2E/2- 25- 2017 10- 10- 17 PM/Image 14.png,/kaggle/input/aether-oct5k-pilot/Masks/Masks_Manual/Grading_1/DME/DME (26).E2E/2- 25- 2017 10- 10- 17 PM/Image 14.png,DME,train,ddab7c2e60198bc6b390dd797b5c514787d45fbd2a9578f410aee79dfa0ed207,e18de9b5c7828e99e0289bf6edee2c7edf24b5e4d26ad052e7e8d086e714bc36,de35581da91ec0b1567b54ebb30bb8d1c8bef987bb8214333357c4104c48da17
DME/DME (21).E2E/2- 25- 2017 10- 01- 34 PM/Image 5,/kaggle/input/aether-oct5k-pilot/Images/Images_Manual/DME/DME (21).E2E/2- 25- 2017 10- 01- 34 PM/Image 5.png,/kaggle/input/aether-oct5k-pilot/Masks/Masks_Manual/Grading_1/DME/DME (21).E2E/2- 25- 2017 10- 01- 34 PM/Image 5.png,DME,train,d4eb42648d03dd15073bac17a75260e7d214b4fdd293b183d28c72ed38f71458,dd8bffa568d2483a1d0a5e53ca8ee0a6aac0153810e9cbedf8cdf70abc10c41a,89a1029d8a4d39633e0aaa50f52dd14309b1e0ceeaeb926bb3ef9bc12eeb620c
Normal Part1/Normal (9).E2E/2- 26- 2017 9- 15- 48 AM/Image 25,/kaggle/input/aether-oct5k-pilot/Images/Images_Manual/Normal Part1/Normal (9).E2E/2- 26- 2017 9- 15- 48 AM/Image 25.png,/kaggle/input/aether-oct5k-pilot/Masks/Masks_Manual/Grading_1/Normal Part1/Normal (9).E2E/2- 26- 2017 9- 15- 48 AM/Image 25.png,Normal Part1,train,8ce5f57729bb63537d142508c7723c0907a6f70c530fc709e5674b6d8ca35bfe,0c15f2cc1170ddf8ce72c3e5dca8d0687a42bb525ae1faab4c2048fdda15a900,d2d0b0a0d40cf4d8cae5aae008eb60697f7ed83952e7e7ef3a5bedc9038a9d87
Normal Part1/Normal (25).E2E/2- 26- 2017 9- 42- 47 AM/Image 28,/kaggle/input/aether-oct5k-pilot/Images/Images_Manual/Normal Part1/Normal (25).E2E/2- 26- 2017 9- 42- 47 AM/Image 28.png,/kaggle/input/aether-oct5k-pilot/Masks/Masks_Manual/Grading_1/Normal Part1/Normal (25).E2E/2- 26- 2017 9- 42- 47 AM/Image 28.png,Normal Part1,train,fa94a38595638eb05c49fab4bc2658251784ca9ec63f3ff191abee7fae7c7941,d19ae65be2df869df64450b9732521937287613bebfb243a8d49369967ff2df0,96ba705c053f5b3bf4cdd358e7761f20214bc5140684dd251d5bba778591a455
AMD Part1/AMD (24).E2E/2- 25- 2017 5- 17- 27 PM/Image 31,/kaggle/input/aether-oct5k-pilot/Images/Images_Manual/AMD Part1/AMD (24).E2E/2- 25- 2017 5- 17- 27 PM/Image 31.png,/kaggle/input/aether-oct5k-pilot/Masks/Masks_Manual/Grading_1/AMD Part1/AMD (24).E2E/2- 25- 2017 5- 17- 27 PM/Image 31.png,AMD Part1,train,370dbe65472cc3057676fcc4faba3a980189630ccb54fbc21dddf860364e8d9b,dea4f9cc6d9839c007ccbf51a4c18c1a1b565bce677d9f95c6751c69085c4226,1c07c1be6a5886d7f13b3a677d216d33f18843f9438c736f382eaefadd950c65
DME/DME (26).E2E/2- 25- 2017 10- 10- 17 PM/Image 19,/kaggle/input/aether-oct5k-pilot/Images/Images_Manual/DME/DME (26).E2E/2- 25- 2017 10- 10- 17 PM/Image 19.png,/kaggle/input/aether-oct5k-pilot/Masks/Masks_Manual/Grading_1/DME/DME (26).E2E/2- 25- 2017 10- 10- 17 PM/Image 19.png,DME,train,75b2475b89cc7561078a09a439b967d0e1e062e1d8f55c13148e80ff6e1b19c2,ae88864ed75fb5cda09ceb5f361deeb3d0699be1a53597bf3a97a6dca4025f49,e1c4e7b24968f6088ac3f0a0537022c35e3707ff14adbbd64863171a15186f46
DME/DME (9).E2E/2- 25- 2017 9- 45- 28 PM/Image 9,/kaggle/input/aether-oct5k-pilot/Images/Images_Manual/DME/DME (9).E2E/2- 25- 2017 9- 45- 28 PM/Image 9.png,/kaggle/input/aether-oct5k-pilot/Masks/Masks_Manual/Grading_1/DME/DME (9).E2E/2- 25- 2017 9- 45- 28 PM/Image 9.png,DME,train,8139131d7d2e3627ffb4ecce00d9f0feaccf30389851ac7d5f5d2182b839f07e,c3ff3e09c979f2d27822fd43c820fe606dca17741127db7add918a548271539c,a429a5307b4e8bbd9230f0fb4b63ef0ff7c67aa4c6f093e59b1b0b1f5d0933f2
Normal Part1/Normal (13).E2E/2- 26- 2017 9- 25- 04 AM/Image 2,/kaggle/input/aether-oct5k-pilot/Images/Images_Manual/Normal Part1/Normal (13).E2E/2- 26- 2017 9- 25- 04 AM/Image 2.png,/kaggle/input/aether-oct5k-pilot/Masks/Masks_Manual/Grading_1/Normal Part1/Normal (13).E2E/2- 26- 2017 9- 25- 04 AM/Image 2.png,Normal Part1,train,0b5bdc92d38be64e6eea4be57bd8cf949a5bef3db114c42d4ece0fadc4294ef0,ec4b3d48aa4b8f60ae7a154482af8f0019f123fd2bd7a9b183770b7e958064bb,8d620d4c6b11a8e5c031746ae62e6498dc547f08b13833432c6fe69d1d76d038
AMD Part1/AMD (1).E2E/2- 25- 2017 9- 10- 42 PM/Image 9,/kaggle/input/aether-oct5k-pilot/Images/Images_Manual/AMD Part1/AMD (1).E2E/2- 25- 2017 9- 10- 42 PM/Image 9.png,/kaggle/input/aether-oct5k-pilot/Masks/Masks_Manual/Grading_1/AMD Part1/AMD (1).E2E/2- 25- 2017 9- 10- 42 PM/Image 9.png,AMD Part1,train,82fb6ef7523a936478ea7a50021e0e71a141b59332c6812f224b5e08a4660252,ef050f5e15680d23742f3c2ee4fdb642211db78ecddbd45285ce2e948af68a23,8d11cde899f6a4c0b6e9d353228c9a65a77e26cbe6c10cd823160ac73383d557
AMD Part1/AMD (23).E2E/2- 25- 2017 5- 14- 57 PM/Image 57,/kaggle/input/aether-oct5k-pilot/Images/Images_Manual/AMD Part1/AMD (23).E2E/2- 25- 2017 5- 14- 57 PM/Image 57.png,/kaggle/input/aether-oct5k-pilot/Masks/Masks_Manual/Grading_1/AMD Part1/AMD (23).E2E/2- 25- 2017 5- 14- 57 PM/Image 57.png,AMD Part1,train,2ae25cc70426cbadad0ab1a1426b174ce222272ef585c73ccadc2f95fd9d0dc5,95817067b4270d94e4928171947dd21338b170606bcd0008ec2eae2ebf6cb97f,3c915df38c869399c04a0f2393a53a709932f930d74bf40d466863e0ded01197
AMD Part1/AMD (24).E2E/2- 25- 2017 5- 17- 27 PM/Image 38,/kaggle/input/aether-oct5k-pilot/Images/Images_Manual/AMD Part1/AMD (24).E2E/2- 25- 2017 5- 17- 27 PM/Image 38.png,/kaggle/input/aether-oct5k-pilot/Masks/Masks_Manual/Grading_1/AMD Part1/AMD (24).E2E/2- 25- 2017 5- 17- 27 PM/Image 38.png,AMD Part1,train,38f22a43edf36ce37172c637e47db1dced57de2e0db270d94341def073d548aa,dd24f37cef505cc2b300be8828f835f7e662e0297d6d8accc83394921b21633f,e969e88de7647aa8dbd0445a93c0fe0dc914e6685f8a08921f9d80d768c6b906
DME/DME (28).E2E/2- 25- 2017 10- 12- 57 PM/Image 16,/kaggle/input/aether-oct5k-pilot/Images/Images_Manual/DME/DME (28).E2E/2- 25- 2017 10- 12- 57 PM/Image 16.png,/kaggle/input/aether-oct5k-pilot/Masks/Masks_Manual/Grading_1/DME/DME (28).E2E/2- 25- 2017 10- 12- 57 PM/Image 16.png,DME,train,cd00b5c6ccea08981ebbedd4d775cbf448cbbcb35f90adfaef3cb88453f16095,8eafe064a1e996e78eb92f0d801f9638fdabc15a8b569d7b04eec8bbd75b5f51,21706bf56cf9010194ebed78ff42985681fc9d62376c114e54f70e84619919c9
AMD Part1/AMD (26).E2E/2- 25- 2017 5- 23- 01 PM/Image 46,/kaggle/input/aether-oct5k-pilot/Images/Images_Manual/AMD Part1/AMD (26).E2E/2- 25- 2017 5- 23- 01 PM/Image 46.png,/kaggle/input/aether-oct5k-pilot/Masks/Masks_Manual/Grading_1/AMD Part1/AMD (26).E2E/2- 25- 2017 5- 23- 01 PM/Image 46.png,AMD Part1,train,71efb7ddb05e19426c82ad5f418e69de390e344d1d9a60e9abf50cb6292493dc,81c1669a6f396c558e19685b0cd33cdcbe72c97aae20394c4f75fb86f1dac930,955ad058dcce1f61781410bfc62ce3df75718e1378954ad72315ee1a42b9dc43
AMD Part1/AMD (3).E2E/2- 25- 2017 9- 13- 55 PM/Image 4,/kaggle/input/aether-oct5k-pilot/Images/Images_Manual/AMD Part1/AMD (3).E2E/2- 25- 2017 9- 13- 55 PM/Image 4.png,/kaggle/input/aether-oct5k-pilot/Masks/Masks_Manual/Grading_1/AMD Part1/AMD (3).E2E/2- 25- 2017 9- 13- 55 PM/Image 4.png,AMD Part1,train,6679e411cf81d35a6730af298b3e49b22dc4a833564083b79e93e6d3f69bf784,914c3401056552363cafde2deb7b4a8c3a67f9c6fb14fd16dbec96f0fc240bc3,cbecf3d99f80c3c13526d3c2842493b6cab1770d4a24ed7626d836ab3d2cccad
DME/DME (33).E2E/2- 25- 2017 10- 21- 00 PM/Image 18,/kaggle/input/aether-oct5k-pilot/Images/Images_Manual/DME/DME (33).E2E/2- 25- 2017 10- 21- 00 PM/Image 18.png,/kaggle/input/aether-oct5k-pilot/Masks/Masks_Manual/Grading_1/DME/DME (33).E2E/2- 25- 2017 10- 21- 00 PM/Image 18.png,DME,train,3df2e0622f50db396d7a63b17530c435270030f4a420c60b74da0636c88d89a1,674dc3c1a6875b88f0db38df1f1ab9d91b2fe698b134ce17d4e358c7ede15dc0,029f5b42478240850ec5b990b4c9705d1ab58aa158d0b75703464035014e656d
AMD Part1/AMD (23).E2E/2- 25- 2017 5- 14- 57 PM/Image 33,/kaggle/input/aether-oct5k-pilot/Images/Images_Manual/AMD Part1/AMD (23).E2E/2- 25- 2017 5- 14- 57 PM/Image 33.png,/kaggle/input/aether-oct5k-pilot/Masks/Masks_Manual/Grading_1/AMD Part1/AMD (23).E2E/2- 25- 2017 5- 14- 57 PM/Image 33.png,AMD Part1,train,22d6fcfada9ee08bf0fae45a8836abc704f71d7dc74addf14d108068f1cb1d1e,ebcbe75cba82b5f8e5cde9d5a8f66a3a1547bab3f44e00488fdaa5baa87bcee3,266724deec04e60eb90d2fd4741466daf49b8ac5f2e60decddb5ed454edb8425
Normal Part1/Normal (13).E2E/2- 26- 2017 9- 25- 04 AM/Image 11,/kaggle/input/aether-oct5k-pilot/Images/Images_Manual/Normal Part1/Normal (13).E2E/2- 26- 2017 9- 25- 04 AM/Image 11.png,/kaggle/input/aether-oct5k-pilot/Masks/Masks_Manual/Grading_1/Normal Part1/Normal (13).E2E/2- 26- 2017 9- 25- 04 AM/Image 11.png,Normal Part1,train,bebb89de894f3dc77c5601b8d5202f69c53648256411f258353a7f3080a2701c,0b31c20deeca77e4048a7adee0f4d0b25ad6e1ec1034a39fe96855bb9ef6be6a,a3a365d912e9db877ddfe9d298c92210788af8147bb1a91e127ee067e44908bd
DME/DME (9).E2E/2- 25- 2017 9- 45- 28 PM/Image 45,/kaggle/input/aether-oct5k-pilot/Images/Images_Manual/DME/DME (9).E2E/2- 25- 2017 9- 45- 28 PM/Image 45.png,/kaggle/input/aether-oct5k-pilot/Masks/Masks_Manual/Grading_1/DME/DME (9).E2E/2- 25- 2017 9- 45- 28 PM/Image 45.png,DME,train,3170244b48623ae077545cb52175784b050acf92597883fd6b26d2dbfbd70754,540b107b76f41b37aa414760c96e8d109acff9e2d6877d02cf03e84e9a274a48,09429655d8c994be2d1cf5022c6b9ed54545fb20d2c3f1a871482aa7dfcc2a60
AMD Part1/AMD (22).E2E/2- 25- 2017 5- 11- 45 PM/Image 61,/kaggle/input/aether-oct5k-pilot/Images/Images_Manual/AMD Part1/AMD (22).E2E/2- 25- 2017 5- 11- 45 PM/Image 61.png,/kaggle/input/aether-oct5k-pilot/Masks/Masks_Manual/Grading_1/AMD Part1/AMD (22).E2E/2- 25- 2017 5- 11- 45 PM/Image 61.png,AMD Part1,train,edcb28802d001b48849166ad7a3dfea75f9f11257072662a7a253e7454d3735b,07643d07e2aab3d41fb00f5e97396045d37185092022f0294e49355b695970e3,41107b4f49166053e5fd2cea892ce662ab7b26d402b6de4d93cf6fd7fcb2bbc4
AMD Part1/AMD (22).E2E/2- 25- 2017 5- 11- 45 PM/Image 47,/kaggle/input/aether-oct5k-pilot/Images/Images_Manual/AMD Part1/AMD (22).E2E/2- 25- 2017 5- 11- 45 PM/Image 47.png,/kaggle/input/aether-oct5k-pilot/Masks/Masks_Manual/Grading_1/AMD Part1/AMD (22).E2E/2- 25- 2017 5- 11- 45 PM/Image 47.png,AMD Part1,train,b5955404df5bf36f0862e7fa54e7e4edeb4d532ea6468f77cc98e0f79e07f4e5,301433566b28012160113d7c821be1734922a059182e096a541c436dbfc2d0de,6a9d189df6d4bb269e3b09fb9b94f78e92796c92ce365ac18e252b916e0747fc
DME/DME (22).E2E/2- 25- 2017 10- 03- 04 PM/Image 16,/kaggle/input/aether-oct5k-pilot/Images/Images_Manual/DME/DME (22).E2E/2- 25- 2017 10- 03- 04 PM/Image 16.png,/kaggle/input/aether-oct5k-pilot/Masks/Masks_Manual/Grading_1/DME/DME (22).E2E/2- 25- 2017 10- 03- 04 PM/Image 16.png,DME,train,bc0de01a4a9af276cfb37a216233792e51a0c6c4be356cd4d1cf00f825c7d931,03342562b8e05481f7f2f63717707751609138093ee875e02ab77c4be9628ceb,a32ae808e79a54ac676d3ce9db709e16bcdbefb3d7e907d61184c87b7faa1f35
AMD Part1/AMD (3).E2E/2- 25- 2017 9- 13- 55 PM/Image 16,/kaggle/input/aether-oct5k-pilot/Images/Images_Manual/AMD Part1/AMD (3).E2E/2- 25- 2017 9- 13- 55 PM/Image 16.png,/kaggle/input/aether-oct5k-pilot/Masks/Masks_Manual/Grading_1/AMD Part1/AMD (3).E2E/2- 25- 2017 9- 13- 55 PM/Image 16.png,AMD Part1,train,5594e9d2e2c01896f9a00af609bb5a4b07c1a4d450a54d135dc6baf9121e50eb,987444cf103d95950baf1b348f29aa0b4bb60b1b118fa71c29d3c5a901c66061,2ab1eb4cc352ea5f9de4edcc980e624df136a042b400dbc607f2f6a07cf1f0a5
AMD Part1/AMD (24).E2E/2- 25- 2017 5- 17- 27 PM/Image 45,/kaggle/input/aether-oct5k-pilot/Images/Images_Manual/AMD Part1/AMD (24).E2E/2- 25- 2017 5- 17- 27 PM/Image 45.png,/kaggle/input/aether-oct5k-pilot/Masks/Masks_Manual/Grading_1/AMD Part1/AMD (24).E2E/2- 25- 2017 5- 17- 27 PM/Image 45.png,AMD Part1,train,be6af5f0acbb22943d46faad24f97fc1056d37350c15f74b36417b73fca543d5,2e83fa95cb603729ff5a13b4e30d4f1e20a4062c334ccd5648e35bcb029bb8f2,48775fb3dc8aa93f52ec7e0a109a368ae2f20c6261f869198403c9c017e37d0d
AMD Part1/AMD (2).E2E/2- 25- 2017 9- 12- 39 PM/Image 22,/kaggle/input/aether-oct5k-pilot/Images/Images_Manual/AMD Part1/AMD (2).E2E/2- 25- 2017 9- 12- 39 PM/Image 22.png,/kaggle/input/aether-oct5k-pilot/Masks/Masks_Manual/Grading_1/AMD Part1/AMD (2).E2E/2- 25- 2017 9- 12- 39 PM/Image 22.png,AMD Part1,train,ace1cb915d7296435eb3e3f8bef7ff89c51241514064a3e792d4ddd5b846af07,2b9e7ab8f61c258caccebaf1afdc66c2d63916a499e2b11b6500239f9475b326,a5cc4a04165a32f13478f53cfbf755860d5737c4c861273415ddd2cd859f7a47
AMD Part2/AMD (40).E2E/2- 25- 2017 9- 08- 13 PM/Image 11,/kaggle/input/aether-oct5k-pilot/Images/Images_Manual/AMD Part2/AMD (40).E2E/2- 25- 2017 9- 08- 13 PM/Image 11.png,/kaggle/input/aether-oct5k-pilot/Masks/Masks_Manual/Grading_1/AMD Part2/AMD (40).E2E/2- 25- 2017 9- 08- 13 PM/Image 11.png,AMD Part2,train,6969981d7213124b24ab917b8c0ccb8e3c72b02d3b2fc9fcf53807967a0afc38,3856c9ab47ec2e230e68b335699fb0c3a321263e6a03363d195fc382e5739c76,26b37140d7c48b4cd74e333f2b3409d7fb20acab57c29a6514295de63de15e87
AMD Part2/AMD (48).E2E/2- 25- 2017 4- 42- 21 PM/Image 1,/kaggle/input/aether-oct5k-pilot/Images/Images_Manual/AMD Part2/AMD (48).E2E/2- 25- 2017 4- 42- 21 PM/Image 1.png,/kaggle/input/aether-oct5k-pilot/Masks/Masks_Manual/Grading_1/AMD Part2/AMD (48).E2E/2- 25- 2017 4- 42- 21 PM/Image 1.png,AMD Part2,train,7a85f54d6a9817e9a3725a9fbe83d380c8bd93ba96b7c414e9189e1c83915f45,3b333fc8a6ba2c3d8ba7f46ea76e353040985c1fcd53e927690e2d749149d0d8,69d45e77f0b2a7abe88a9f249f0e756d5c70dad504901d580c17d22eaf177764
DME/DME (28).E2E/2- 25- 2017 10- 12- 57 PM/Image 10,/kaggle/input/aether-oct5k-pilot/Images/Images_Manual/DME/DME (28).E2E/2- 25- 2017 10- 12- 57 PM/Image 10.png,/kaggle/input/aether-oct5k-pilot/Masks/Masks_Manual/Grading_1/DME/DME (28).E2E/2- 25- 2017 10- 12- 57 PM/Image 10.png,DME,train,470122e942f3449f1a0e479cc06141fed9f11b3ecdba946c6780e00a1c71e2dd,d3283b450d63eb89b07f73d097087ee0e7c5d835332731faaae8c7b6d0a76d20,4dca7b96ba3c78936252cb4415501d4f1a7777067191cbca8b1836b65499eb4d
Normal Part1/Normal (9).E2E/2- 26- 2017 9- 15- 48 AM/Image 8,/kaggle/input/aether-oct5k-pilot/Images/Images_Manual/Normal Part1/Normal (9).E2E/2- 26- 2017 9- 15- 48 AM/Image 8.png,/kaggle/input/aether-oct5k-pilot/Masks/Masks_Manual/Grading_1/Normal Part1/Normal (9).E2E/2- 26- 2017 9- 15- 48 AM/Image 8.png,Normal Part1,train,1524a2782cb047b8a31e7d903e89f299d47eb0b67c57b78ba74ceb370b687324,58f9823e7710bd8a99f212339165dd02bb4684fc4745422b632c7a8bb3dca7e9,bef39164bbd705ef2eaefd84d5b3b0879c0982e6a987bc89a79cf752d106d4d1
AMD Part1/AMD (9).E2E/2- 25- 2017 9- 25- 22 PM/Image 19,/kaggle/input/aether-oct5k-pilot/Images/Images_Manual/AMD Part1/AMD (9).E2E/2- 25- 2017 9- 25- 22 PM/Image 19.png,/kaggle/input/aether-oct5k-pilot/Masks/Masks_Manual/Grading_1/AMD Part1/AMD (9).E2E/2- 25- 2017 9- 25- 22 PM/Image 19.png,AMD Part1,train,b4ebc23ea2044538bd41592afbb14676b9047df15eabb33f6db3c5f11f3d93b8,f91829248c9b5af2b3ca4991f0bf5d53d62c60252deb7273d088845411273c9c,69e864a6b4b81d9ed969283f5af2fad274eb6ba1290c27c61f36a30c4193c935
Normal Part2/Normal (47).E2E/2- 26- 2017 10- 21- 43 AM/Image 4,/kaggle/input/aether-oct5k-pilot/Images/Images_Manual/Normal Part2/Normal (47).E2E/2- 26- 2017 10- 21- 43 AM/Image 4.png,/kaggle/input/aether-oct5k-pilot/Masks/Masks_Manual/Grading_1/Normal Part2/Normal (47).E2E/2- 26- 2017 10- 21- 43 AM/Image 4.png,Normal Part2,train,6fbbe0ead8138506e446f7b06b85943660c81fc43d64d919bfd3daeafbcf405c,d6a6b7dc8b75e6bcffdd4a7f2936f9d6febf472488775de81c52f519696f0244,ee3436f2e779bd94af06d285116717400176c7212b636534a85819fc16b4b090
DME/DME (21).E2E/2- 25- 2017 10- 01- 34 PM/Image 10,/kaggle/input/aether-oct5k-pilot/Images/Images_Manual/DME/DME (21).E2E/2- 25- 2017 10- 01- 34 PM/Image 10.png,/kaggle/input/aether-oct5k-pilot/Masks/Masks_Manual/Grading_1/DME/DME (21).E2E/2- 25- 2017 10- 01- 34 PM/Image 10.png,DME,train,c83bfbe8e99b281dcf4120e611fc8b4f96a2692dfc9003aabc32bbe6a5cf61ba,0d1f1177bb5c57d9fbb938c332f8c528a5fac8d2367397df1bf323638708467d,183d342702e5e4bd100bda536b6d0797ad97f24641c3cd2dea6b29ccfb3251f2
DME/DME (6).E2E/2- 25- 2017 9- 40- 56 PM/Image 5,/kaggle/input/aether-oct5k-pilot/Images/Images_Manual/DME/DME (6).E2E/2- 25- 2017 9- 40- 56 PM/Image 5.png,/kaggle/input/aether-oct5k-pilot/Masks/Masks_Manual/Grading_1/DME/DME (6).E2E/2- 25- 2017 9- 40- 56 PM/Image 5.png,DME,train,36088f520876fe027f90c772415dec83918b6dacb66d05dd804d96bea628d324,ce94f6f8744ff5fc94056c9b13b26ee7448474191fd1517e40c70c05a8850a47,d4c3b2336c9237c1cb8b55c4623963ad2a0fccc55ba1dda55517636e1b25b115
AMD Part1/AMD (1).E2E/2- 25- 2017 9- 10- 42 PM/Image 7,/kaggle/input/aether-oct5k-pilot/Images/Images_Manual/AMD Part1/AMD (1).E2E/2- 25- 2017 9- 10- 42 PM/Image 7.png,/kaggle/input/aether-oct5k-pilot/Masks/Masks_Manual/Grading_1/AMD Part1/AMD (1).E2E/2- 25- 2017 9- 10- 42 PM/Image 7.png,AMD Part1,train,13443e4e4c2384ffbf5061d7e32016d3afb288b3ddea2302ea9c8561d411c045,eca578054909e81ead5c906b2276ac0a1ccc99068757cb80c7769b2e05929222,a3684d7b77f0c362147fde288e96a3ccc01400918d4b7f0185570c9376dda77c
AMD Part1/AMD (29).E2E/2- 25- 2017 8- 39- 05 PM/Image 11,/kaggle/input/aether-oct5k-pilot/Images/Images_Manual/AMD Part1/AMD (29).E2E/2- 25- 2017 8- 39- 05 PM/Image 11.png,/kaggle/input/aether-oct5k-pilot/Masks/Masks_Manual/Grading_1/AMD Part1/AMD (29).E2E/2- 25- 2017 8- 39- 05 PM/Image 11.png,AMD Part1,train,572f96e0c1f0f6f088ab3a2e33f52b955e443d36ea5d274c4c974fd4ec385aa3,0f69fc85ab33427d9c47480c3f314284834f9a7222ba9262ad684c6d80d71ffe,48c9eed1adc0da018d0b595160d38aa06683a2d8908defc7120e95fb0eb9d197
AMD Part1/AMD (9).E2E/2- 25- 2017 9- 25- 22 PM/Image 11,/kaggle/input/aether-oct5k-pilot/Images/Images_Manual/AMD Part1/AMD (9).E2E/2- 25- 2017 9- 25- 22 PM/Image 11.png,/kaggle/input/aether-oct5k-pilot/Masks/Masks_Manual/Grading_1/AMD Part1/AMD (9).E2E/2- 25- 2017 9- 25- 22 PM/Image 11.png,AMD Part1,train,d05d2928e5448a2ba610d7e44d66357f66ac43bd608abde8ee5f8cc41d009d64,a90ac4779a9cb187aa6dfeacf59d31ba8c4994cb65503a1e0605a43b28193df4,5ef8a9f49edc0d54cf228dffcbb7c9695779024e3827925e5e1082fccaaa3e2a
AMD Part1/AMD (23).E2E/2- 25- 2017 5- 14- 57 PM/Image 44,/kaggle/input/aether-oct5k-pilot/Images/Images_Manual/AMD Part1/AMD (23).E2E/2- 25- 2017 5- 14- 57 PM/Image 44.png,/kaggle/input/aether-oct5k-pilot/Masks/Masks_Manual/Grading_1/AMD Part1/AMD (23).E2E/2- 25- 2017 5- 14- 57 PM/Image 44.png,AMD Part1,train,901823a14e59385128ef5cab7d7b4bee8e01dec937e6ce1c260f37290be79dac,3f56a0103ef07c01348d74ce2862099b29bb813210d4b77394a3830c0c23592e,239ea30e11f828c23ce1c2fff211e46adf5f18baff8c02841b60a6adaba0f21f
DME/DME (29).E2E/2- 25- 2017 10- 15- 35 PM/Image 15,/kaggle/input/aether-oct5k-pilot/Images/Images_Manual/DME/DME (29).E2E/2- 25- 2017 10- 15- 35 PM/Image 15.png,/kaggle/input/aether-oct5k-pilot/Masks/Masks_Manual/Grading_1/DME/DME (29).E2E/2- 25- 2017 10- 15- 35 PM/Image 15.png,DME,train,951476d6ff0f8003c77d984f0816f13f22e7151fe1c89fc7d86f0dd0c3f2a8b2,cc8c98c54e2d9c21ebeb07a75b6e402f4e93fcb25d62d6afe461e49f495efc21,e9f764ac5c5de64da8822a6cee68ea194584dd24c5795aa6f7ae6ed48ee58a4f
AMD Part1/AMD (22).E2E/2- 25- 2017 5- 11- 45 PM/Image 57,/kaggle/input/aether-oct5k-pilot/Images/Images_Manual/AMD Part1/AMD (22).E2E/2- 25- 2017 5- 11- 45 PM/Image 57.png,/kaggle/input/aether-oct5k-pilot/Masks/Masks_Manual/Grading_1/AMD Part1/AMD (22).E2E/2- 25- 2017 5- 11- 45 PM/Image 57.png,AMD Part1,train,1ced11d4c48befaf327fea0f0e88e28d5ecc945e4963b4b331f24326d06eaae0,87824fa8cf059d59acb9fc508e70edf90c78cb35985ce73bb1eaffcc4082f6a8,ff321e28be7e8e130e84a7ef105e895ccd375ec04bf7a0039580d5ca819ce9c2
DME/DME (26).E2E/2- 25- 2017 10- 10- 17 PM/Image 2,/kaggle/input/aether-oct5k-pilot/Images/Images_Manual/DME/DME (26).E2E/2- 25- 2017 10- 10- 17 PM/Image 2.png,/kaggle/input/aether-oct5k-pilot/Masks/Masks_Manual/Grading_1/DME/DME (26).E2E/2- 25- 2017 10- 10- 17 PM/Image 2.png,DME,train,2a536e6721d981a3e19d4dbafd3a4dba63934d281107c44ec0ef0edccdf76039,dc4582139807a22d2a4f476089efa04dd7e3d057af446f220f1ee2335d7ad016,c5b0042190d7ab915f52bf48e7a8d1e9737ce054da654f1c3463af7a4f6a2779
DME/DME (35).E2E/2- 25- 2017 10- 23- 21 PM/Image 11,/kaggle/input/aether-oct5k-pilot/Images/Images_Manual/DME/DME (35).E2E/2- 25- 2017 10- 23- 21 PM/Image 11.png,/kaggle/input/aether-oct5k-pilot/Masks/Masks_Manual/Grading_1/DME/DME (35).E2E/2- 25- 2017 10- 23- 21 PM/Image 11.png,DME,train,ff1e579a7cb256732558b03c8c83cd7b975166d4f2e542d5dfd704b2722b6878,b9583928fa315789a41ce36bbf608f2734db184e7412b8089d99339ab2a81722,383c7afd2bf5053f278fac74ceb320b158f70a4e94300f765f5f76f4cf30e185
AMD Part1/AMD (35).E2E/2- 25- 2017 9- 00- 52 PM/Image 14,/kaggle/input/aether-oct5k-pilot/Images/Images_Manual/AMD Part1/AMD (35).E2E/2- 25- 2017 9- 00- 52 PM/Image 14.png,/kaggle/input/aether-oct5k-pilot/Masks/Masks_Manual/Grading_1/AMD Part1/AMD (35).E2E/2- 25- 2017 9- 00- 52 PM/Image 14.png,AMD Part1,train,c9160844af5eeed687ddc316ebc410701d025577aa7f07b2081f1656d3dc49ad,fd9236a005a98fd9de116a97b4ffc03274b5468d2d7886851761cc65211c31fe,230a4a1e8de69cc67dca65fdd8ee17c3e5e33b44e68f189a87c782357ff662be
DME/DME (6).E2E/2- 25- 2017 9- 40- 56 PM/Image 1,/kaggle/input/aether-oct5k-pilot/Images/Images_Manual/DME/DME (6).E2E/2- 25- 2017 9- 40- 56 PM/Image 1.png,/kaggle/input/aether-oct5k-pilot/Masks/Masks_Manual/Grading_1/DME/DME (6).E2E/2- 25- 2017 9- 40- 56 PM/Image 1.png,DME,train,43251db3a2ef9155c891f3aa0db79f76cde0db1f9644d99a4c6f68af72b822c8,54b1e60417b93486508f2760606e3ba51dd8e44907422dc5b8494e2b35ca29fd,743dedefc59468525e01849e51f7d8e0492f2e0f11298bafeb8ba2095f5ca490
Normal Part1/Normal (27).E2E/2- 26- 2017 9- 46- 33 AM/Image 16,/kaggle/input/aether-oct5k-pilot/Images/Images_Manual/Normal Part1/Normal (27).E2E/2- 26- 2017 9- 46- 33 AM/Image 16.png,/kaggle/input/aether-oct5k-pilot/Masks/Masks_Manual/Grading_1/Normal Part1/Normal (27).E2E/2- 26- 2017 9- 46- 33 AM/Image 16.png,Normal Part1,train,30c6d4613b912aad03812820a71a2a202e0784945e625105892b599ed06c5785,7badbb1e6097a79f7ebea4b28933afbfdabea9bfbaaee8b059d2f8e0c79a3977,93b0039d3396e6062b565f1b3f46bad699e0289690e5ce5cd210e653ff930957
Normal Part2/Normal (34).E2E/2- 26- 2017 10- 01- 13 AM/Image 17,/kaggle/input/aether-oct5k-pilot/Images/Images_Manual/Normal Part2/Normal (34).E2E/2- 26- 2017 10- 01- 13 AM/Image 17.png,/kaggle/input/aether-oct5k-pilot/Masks/Masks_Manual/Grading_1/Normal Part2/Normal (34).E2E/2- 26- 2017 10- 01- 13 AM/Image 17.png,Normal Part2,train,a72434ba814f15114e389caf96c77d4c40b81024e62b08d810764bbb9ecadd98,4f61c7c56941d6fb5f06bd3b6ca5fe964b793edf132aac425a50fd3856ac5c0c,c89cd4aaf156135030bc102d014156365164d97de3cf942341117f50982d23f0
Normal Part2/Normal (39).E2E/2- 26- 2017 10- 08- 18 AM/Image 16,/kaggle/input/aether-oct5k-pilot/Images/Images_Manual/Normal Part2/Normal (39).E2E/2- 26- 2017 10- 08- 18 AM/Image 16.png,/kaggle/input/aether-oct5k-pilot/Masks/Masks_Manual/Grading_1/Normal Part2/Normal (39).E2E/2- 26- 2017 10- 08- 18 AM/Image 16.png,Normal Part2,train,71eacadd1893353eabd06408386bf85a1f24f94a10553fa6a514fc10ba190546,b703a9a8f43c1c18d840441c5dae9aa0630b6734edfd93288a77c85c3cb5d69d,e907f84b5bfce4eb36bc693ff5a486ae7ef77ada36425d89437437818fffe6ce
AMD Part1/AMD (21).E2E/2- 25- 2017 5- 10- 29 PM/Image 58,/kaggle/input/aether-oct5k-pilot/Images/Images_Manual/AMD Part1/AMD (21).E2E/2- 25- 2017 5- 10- 29 PM/Image 58.png,/kaggle/input/aether-oct5k-pilot/Masks/Masks_Manual/Grading_1/AMD Part1/AMD (21).E2E/2- 25- 2017 5- 10- 29 PM/Image 58.png,AMD Part1,train,007520813d1371833e0b784a9161aba65b84980fd4437a68ae158fb4b864b82b,ef142d29e0076305cda2e4a2e9171e375e39718e86761aee4d6a1fc012aa119a,a5df5a669327025e7a8cdeacd44cc4bf2ef6967989924c9184728434f27c09e9
AMD Part1/AMD (26).E2E/2- 25- 2017 5- 23- 01 PM/Image 6,/kaggle/input/aether-oct5k-pilot/Images/Images_Manual/AMD Part1/AMD (26).E2E/2- 25- 2017 5- 23- 01 PM/Image 6.png,/kaggle/input/aether-oct5k-pilot/Masks/Masks_Manual/Grading_1/AMD Part1/AMD (26).E2E/2- 25- 2017 5- 23- 01 PM/Image 6.png,AMD Part1,train,88543b46a91ee968cdfbda4e440dd19761ff9757c2e40e0ec17b5fe2a15e132d,f6c47b5771e41d0b5d6b984b7160537df6c49bf96fea37c4bb57dcfbd5c6a521,ccdf3205586e0c4e8ceaca0b0c08bdf681ee4e9a1de0a2264cfda500f781f17f
AMD Part1/AMD (22).E2E/2- 25- 2017 5- 11- 45 PM/Image 6,/kaggle/input/aether-oct5k-pilot/Images/Images_Manual/AMD Part1/AMD (22).E2E/2- 25- 2017 5- 11- 45 PM/Image 6.png,/kaggle/input/aether-oct5k-pilot/Masks/Masks_Manual/Grading_1/AMD Part1/AMD (22).E2E/2- 25- 2017 5- 11- 45 PM/Image 6.png,AMD Part1,train,ede33118378454faafcfe2f900a496108121890b54bfd0ca24d767e7bae996cb,c64caa9bd6bde98678e3e5a7f20d532e9151337f68a3d0505650c804160c2c1c,28e153ad9f1f9f1ad5670de56b045d8a679db84b5e664d60559c9e982bad159d
Normal Part2/Normal (37).E2E/2- 26- 2017 10- 05- 11 AM/Image 6,/kaggle/input/aether-oct5k-pilot/Images/Images_Manual/Normal Part2/Normal (37).E2E/2- 26- 2017 10- 05- 11 AM/Image 6.png,/kaggle/input/aether-oct5k-pilot/Masks/Masks_Manual/Grading_1/Normal Part2/Normal (37).E2E/2- 26- 2017 10- 05- 11 AM/Image 6.png,Normal Part2,train,5a5a03e714e118773fc44b41e5cdbb64fcb1e9178129d382b0c66938802c9b8b,47576832a5b65555aa228eb89555dd1d1294759e1d1e9d4b6aa3fee5d2bbdd0d,489d963a41304fbe3955951696d27e45deececbc0c23256c08dcf4129181ea65
AMD Part1/AMD (21).E2E/2- 25- 2017 5- 10- 29 PM/Image 18,/kaggle/input/aether-oct5k-pilot/Images/Images_Manual/AMD Part1/AMD (21).E2E/2- 25- 2017 5- 10- 29 PM/Image 18.png,/kaggle/input/aether-oct5k-pilot/Masks/Masks_Manual/Grading_1/AMD Part1/AMD (21).E2E/2- 25- 2017 5- 10- 29 PM/Image 18.png,AMD Part1,train,fdc9a7d34e0985a3d116307cab10406c699aed6feebd1361250e1c2aa1bbcaa0,8eaeb02db609f36bc56cfe6dd91b534b604409cde83cb30b2277b276ee057bb4,401937cd996db7b80f6bb3c7170744a7717f2a3742bc719d1240d5a9a5dae196
DME/DME (21).E2E/2- 25- 2017 10- 01- 34 PM/Image 4,/kaggle/input/aether-oct5k-pilot/Images/Images_Manual/DME/DME (21).E2E/2- 25- 2017 10- 01- 34 PM/Image 4.png,/kaggle/input/aether-oct5k-pilot/Masks/Masks_Manual/Grading_1/DME/DME (21).E2E/2- 25- 2017 10- 01- 34 PM/Image 4.png,DME,train,15dac5af1bad68b72f9d00f15ea7824fb1ab8c2966fa62d74a6fe6d88b94701f,ee4ae6b290d7162ed1c439d933d9c5e258e4bc8a6b91db685e18577b7d6825cf,b6cf4add5b4bcf96b512e250c1b2eae96a6847b8942c96db30116e3a8ccb7494
AMD Part1/AMD (26).E2E/2- 25- 2017 5- 23- 01 PM/Image 42,/kaggle/input/aether-oct5k-pilot/Images/Images_Manual/AMD Part1/AMD (26).E2E/2- 25- 2017 5- 23- 01 PM/Image 42.png,/kaggle/input/aether-oct5k-pilot/Masks/Masks_Manual/Grading_1/AMD Part1/AMD (26).E2E/2- 25- 2017 5- 23- 01 PM/Image 42.png,AMD Part1,train,fd1b7745e194292daf804f07cb01effa59be698860a24f04d750bafdd60535cd,999a1657dcca4c14912c276a18b05bd4cb92feeaf79de1293c4053c292cad108,cc27d8f29a30426bdb548d7b13f42651486d6187bcebcd33013e2b7627a50529
AMD Part1/AMD (13).E2E/2- 25- 2017 4- 48- 43 PM/Image 50,/kaggle/input/aether-oct5k-pilot/Images/Images_Manual/AMD Part1/AMD (13).E2E/2- 25- 2017 4- 48- 43 PM/Image 50.png,/kaggle/input/aether-oct5k-pilot/Masks/Masks_Manual/Grading_1/AMD Part1/AMD (13).E2E/2- 25- 2017 4- 48- 43 PM/Image 50.png,AMD Part1,train,ab451227741b036f835faa1d76a7e179ba7a4fdc48d16ea3e6e6cc9cff3e1c33,6d27fbed869f936db387de7ce910795a6c7b956cab31bc03c3d7b3a67a1bc853,62dcfa7e66a29a9b572a2f3324ffd0bfe2f748fbb8765db4332e4dab8fd7fed2
DME/DME (11).E2E/2- 25- 2017 9- 47- 31 PM/Image 1,/kaggle/input/aether-oct5k-pilot/Images/Images_Manual/DME/DME (11).E2E/2- 25- 2017 9- 47- 31 PM/Image 1.png,/kaggle/input/aether-oct5k-pilot/Masks/Masks_Manual/Grading_1/DME/DME (11).E2E/2- 25- 2017 9- 47- 31 PM/Image 1.png,DME,train,df2e0587769a166ebe9afc484a31852e0b96e6e082159d34347fc28ebda0078f,22abbcb0be4c25f68cfef0f39fc990fe97794b7fd2cacd71a3c32996a36ffd11,2db09ceaae4c88bafc76832e30ee684228ea7b44def345f2148c4a062519a34b
Normal Part1/Normal (12).E2E/2- 26- 2017 9- 23- 28 AM/Image 23,/kaggle/input/aether-oct5k-pilot/Images/Images_Manual/Normal Part1/Normal (12).E2E/2- 26- 2017 9- 23- 28 AM/Image 23.png,/kaggle/input/aether-oct5k-pilot/Masks/Masks_Manual/Grading_1/Normal Part1/Normal (12).E2E/2- 26- 2017 9- 23- 28 AM/Image 23.png,Normal Part1,train,26e767e0690523fd9b3325971651e060931d4dc6f416749b6754465a18a22d6e,975f07285fbd34d0fd3306d2d77aab1072e6e30a0a5bf4f2114e68470e6599a4,4e9438ecbc149d2a9fcace9c2ad24d8b5196d2b533d1b54c59011ef0ba67cf9a
AMD Part1/AMD (1).E2E/2- 25- 2017 9- 10- 42 PM/Image 13,/kaggle/input/aether-oct5k-pilot/Images/Images_Manual/AMD Part1/AMD (1).E2E/2- 25- 2017 9- 10- 42 PM/Image 13.png,/kaggle/input/aether-oct5k-pilot/Masks/Masks_Manual/Grading_1/AMD Part1/AMD (1).E2E/2- 25- 2017 9- 10- 42 PM/Image 13.png,AMD Part1,train,c8179ce3babda1ecf560efb5661a86c31f7077b25622cbf2f1ef9f3a9cf0e3ab,4ba55cc9b09332428dfeb204a4d7c05c7a01600772c00df1ff210c396b4887aa,181eab064d0c61fd6a98dc2cbf2f8d5fc262a4bb265a982e950d29d89ab90b09
DME/DME (9).E2E/2- 25- 2017 9- 45- 28 PM/Image 6,/kaggle/input/aether-oct5k-pilot/Images/Images_Manual/DME/DME (9).E2E/2- 25- 2017 9- 45- 28 PM/Image 6.png,/kaggle/input/aether-oct5k-pilot/Masks/Masks_Manual/Grading_1/DME/DME (9).E2E/2- 25- 2017 9- 45- 28 PM/Image 6.png,DME,train,b5fbd6a5515e093c81bcf19026bcdc3f2a5fabdaf7ab1bce695d06a94e603c64,45d7ec95f153ea1dfda93be17ba807d8296800c00fbc6f4e4e1924afd1e0eb15,0bd74b901ab22fa5103ca7b0575fefa6a102fab3b5806f3effeb465563caa14e
DME/DME (31).E2E/2- 25- 2017 10- 17- 51 PM/Image 8,/kaggle/input/aether-oct5k-pilot/Images/Images_Manual/DME/DME (31).E2E/2- 25- 2017 10- 17- 51 PM/Image 8.png,/kaggle/input/aether-oct5k-pilot/Masks/Masks_Manual/Grading_1/DME/DME (31).E2E/2- 25- 2017 10- 17- 51 PM/Image 8.png,DME,train,2374fed49f88b225ac68eb99d42e2f0b3acedf59ddf6aea7af1c5bf3fe3c9569,c1cc232d24bd282266d00d71e2c213018d30910b9c284d8764a582516ac46f2d,b485917aacccbe4e8165e9ecd6823ac3952c1ed413edf9b166ede8b6ca9c97f7
AMD Part1/AMD (3).E2E/2- 25- 2017 9- 13- 55 PM/Image 47,/kaggle/input/aether-oct5k-pilot/Images/Images_Manual/AMD Part1/AMD (3).E2E/2- 25- 2017 9- 13- 55 PM/Image 47.png,/kaggle/input/aether-oct5k-pilot/Masks/Masks_Manual/Grading_1/AMD Part1/AMD (3).E2E/2- 25- 2017 9- 13- 55 PM/Image 47.png,AMD Part1,train,fcb41549b0bb426ebcd069c2e5dbc30921f3da78b1d9b1c8d5a6eca9fdacdd83,563d316f7fe0bf5211863186f79cfb50cee726b2d8dacd9fc4a27beaaf669741,15202e06255706a0593bb6bea00c9e827cb02961175d1608e4439e223d4bbda5
AMD Part1/AMD (23).E2E/2- 25- 2017 5- 14- 57 PM/Image 35,/kaggle/input/aether-oct5k-pilot/Images/Images_Manual/AMD Part1/AMD (23).E2E/2- 25- 2017 5- 14- 57 PM/Image 35.png,/kaggle/input/aether-oct5k-pilot/Masks/Masks_Manual/Grading_1/AMD Part1/AMD (23).E2E/2- 25- 2017 5- 14- 57 PM/Image 35.png,AMD Part1,train,165fc366d92613300f64694e74dd28f187042bc2874811ae292423a15fdce2e9,ac3882d7379408c62edc3dff7b8eb88b979892284889d727ea8e0f6eb6bf056c,b684421a8002b57a8b1adf58876bc0c19a569f5c2587626f27da6aec5310edf0
AMD Part1/AMD (21).E2E/2- 25- 2017 5- 10- 29 PM/Image 23,/kaggle/input/aether-oct5k-pilot/Images/Images_Manual/AMD Part1/AMD (21).E2E/2- 25- 2017 5- 10- 29 PM/Image 23.png,/kaggle/input/aether-oct5k-pilot/Masks/Masks_Manual/Grading_1/AMD Part1/AMD (21).E2E/2- 25- 2017 5- 10- 29 PM/Image 23.png,AMD Part1,train,be2b2569c73c1d306dfc727bb9b6db42ede43bb2b2902197eccd2f40aa74218c,e7e320adb0b41594a75d4c02b0e5b57f587f12deb236463d091e092584ab8956,7eb84c06a3be54fd1d33f798d24eaee4f8d156a38ae32b1a9f818a89c4101fa6
Normal Part2/Normal (34).E2E/2- 26- 2017 10- 01- 13 AM/Image 4,/kaggle/input/aether-oct5k-pilot/Images/Images_Manual/Normal Part2/Normal (34).E2E/2- 26- 2017 10- 01- 13 AM/Image 4.png,/kaggle/input/aether-oct5k-pilot/Masks/Masks_Manual/Grading_1/Normal Part2/Normal (34).E2E/2- 26- 2017 10- 01- 13 AM/Image 4.png,Normal Part2,train,ccd989b8e9b012e052f53d876ee3b9fc3e2fa814d37d5dba4b2bf3add8f32423,be065999306e42df5737daf5b2e8c563fd674fe60d2b7d8242cc9d693411b879,6e6e3da1ca276b55799cfe6bc6919118e37f2f8aa28756344ef7a2c07c920a0e
DME/DME (6).E2E/2- 25- 2017 9- 40- 56 PM/Image 13,/kaggle/input/aether-oct5k-pilot/Images/Images_Manual/DME/DME (6).E2E/2- 25- 2017 9- 40- 56 PM/Image 13.png,/kaggle/input/aether-oct5k-pilot/Masks/Masks_Manual/Grading_1/DME/DME (6).E2E/2- 25- 2017 9- 40- 56 PM/Image 13.png,DME,train,e420906f9aa045fe23b13add92e87f5d1ac5bdfc8a272bb7af3225103a8e45b6,45780ec094d70f28fbb11c74b7610119e27c7d2828f851085535c2f83f5a89d8,1411e641e812202acdeb4e5a0c250b28118dfa30b5cd9ba7cf1f8e628005d4c2
DME/DME (9).E2E/2- 25- 2017 9- 45- 28 PM/Image 23,/kaggle/input/aether-oct5k-pilot/Images/Images_Manual/DME/DME (9).E2E/2- 25- 2017 9- 45- 28 PM/Image 23.png,/kaggle/input/aether-oct5k-pilot/Masks/Masks_Manual/Grading_1/DME/DME (9).E2E/2- 25- 2017 9- 45- 28 PM/Image 23.png,DME,train,039c54a513056e6d68fa323d832557decd6a22415a8f4efd08ba02099326805d,a4a58d0bb8f77e06977ab4f63f195a750288adb34dc4051597920160550b2ed4,13f789202f6adfaece65dd9b5bf03079e1c07b47ec430335ea24e5c35c65319b
AMD Part1/AMD (31).E2E/2- 25- 2017 8- 43- 15 PM/Image 15,/kaggle/input/aether-oct5k-pilot/Images/Images_Manual/AMD Part1/AMD (31).E2E/2- 25- 2017 8- 43- 15 PM/Image 15.png,/kaggle/input/aether-oct5k-pilot/Masks/Masks_Manual/Grading_1/AMD Part1/AMD (31).E2E/2- 25- 2017 8- 43- 15 PM/Image 15.png,AMD Part1,train,8cf82992bc38a3b9d6f0895ef9adc27619e45fe966b990bd6c4d375ddba4d80b,769c25999e8467eea8aad61f43c262fea48c62fe73228840d1fbcbfd2af99c23,fdf05f7891e06cb9964d23cb2607402cfe5f0970c9014ed9f8541694fc627b17
AMD Part1/AMD (2).E2E/2- 25- 2017 9- 12- 39 PM/Image 11,/kaggle/input/aether-oct5k-pilot/Images/Images_Manual/AMD Part1/AMD (2).E2E/2- 25- 2017 9- 12- 39 PM/Image 11.png,/kaggle/input/aether-oct5k-pilot/Masks/Masks_Manual/Grading_1/AMD Part1/AMD (2).E2E/2- 25- 2017 9- 12- 39 PM/Image 11.png,AMD Part1,train,39f6c034b56037ec0db35cfb243ead31f7c7245d5f2f952c86c6171d6f26ecd3,651ec4348af9b4b1dc55bac4c48664fb2eaa49917fe36f2d2d8372ec0cb7d1d7,1938c1ff2ddf139f36939de55d11673104ad30a78a0b9eff74fcd73a0b9cf0d8
DME/DME (30).E2E/2- 25- 2017 10- 16- 46 PM/Image 9,/kaggle/input/aether-oct5k-pilot/Images/Images_Manual/DME/DME (30).E2E/2- 25- 2017 10- 16- 46 PM/Image 9.png,/kaggle/input/aether-oct5k-pilot/Masks/Masks_Manual/Grading_1/DME/DME (30).E2E/2- 25- 2017 10- 16- 46 PM/Image 9.png,DME,train,935317042de12467625eaaecfd9e092fc808adf2610dd4f9b3e6374bacc317d2,2f8683648d02df7bd501a65641df9df837327eda268aa21f366cf7acf0538f69,99db57f9e3a81cc31410cf6b2818ec31c23206a06d773d97cc9cfbf1f9a4d545
DME/DME (6).E2E/2- 25- 2017 9- 40- 56 PM/Image 9,/kaggle/input/aether-oct5k-pilot/Images/Images_Manual/DME/DME (6).E2E/2- 25- 2017 9- 40- 56 PM/Image 9.png,/kaggle/input/aether-oct5k-pilot/Masks/Masks_Manual/Grading_1/DME/DME (6).E2E/2- 25- 2017 9- 40- 56 PM/Image 9.png,DME,train,fb439023c0ac271c4244c38a9087afa4e79adfb1aa2f1b67cfc6b2767f3a7288,55a3d455f85a2134dce819a193c7918b1923c8901af022228825264729eb4d69,038060e278a58544973329a99fe9f03aedc890f93ab7627921f93028f5c1cab3
AMD Part1/AMD (9).E2E/2- 25- 2017 9- 25- 22 PM/Image 3,/kaggle/input/aether-oct5k-pilot/Images/Images_Manual/AMD Part1/AMD (9).E2E/2- 25- 2017 9- 25- 22 PM/Image 3.png,/kaggle/input/aether-oct5k-pilot/Masks/Masks_Manual/Grading_1/AMD Part1/AMD (9).E2E/2- 25- 2017 9- 25- 22 PM/Image 3.png,AMD Part1,train,22daf6b0ec4024880858fe9cdc338757b92aa12f9c68f97cb108efba136aaf4b,ac6495ab6f91f7e3752f5ac15ac3c7e8ee3838a175e5f8a6d8213eb8cb723d4f,f1f0e7d5fed3d13412003471c8c232440457ebf57b4cf54547421fe910163dbe
AMD Part1/AMD (26).E2E/2- 25- 2017 5- 23- 01 PM/Image 13,/kaggle/input/aether-oct5k-pilot/Images/Images_Manual/AMD Part1/AMD (26).E2E/2- 25- 2017 5- 23- 01 PM/Image 13.png,/kaggle/input/aether-oct5k-pilot/Masks/Masks_Manual/Grading_1/AMD Part1/AMD (26).E2E/2- 25- 2017 5- 23- 01 PM/Image 13.png,AMD Part1,train,90869e21d7a0039f277e6b886aabc167f514b7d7a6fba0957aa30de09aa62d53,03c0e4d5e72bae90a4b41dc0bdbd6b608c55f185cac0114e84a678afd4beff74,8c3904a2615d0f19a11d1421e42c8440c84faaab3a90b8b12447b62a209655fc
AMD Part1/AMD (8).E2E/2- 25- 2017 9- 21- 50 PM/Image 12,/kaggle/input/aether-oct5k-pilot/Images/Images_Manual/AMD Part1/AMD (8).E2E/2- 25- 2017 9- 21- 50 PM/Image 12.png,/kaggle/input/aether-oct5k-pilot/Masks/Masks_Manual/Grading_1/AMD Part1/AMD (8).E2E/2- 25- 2017 9- 21- 50 PM/Image 12.png,AMD Part1,train,26e4a185843e8d7daed7a03c736cba537d73404fb19512fd6e2be57f0d60e59d,f2550b2982a6ade32e7b76bca77dbfe2de3ba24b23a0a3b91a797e77413181ec,0970a721df1a1da284558cbc8747b4867650ffb682e857aaf36464bde170abbb
Normal Part2/Normal (49).E2E/2- 26- 2017 10- 23- 58 AM/Image 9,/kaggle/input/aether-oct5k-pilot/Images/Images_Manual/Normal Part2/Normal (49).E2E/2- 26- 2017 10- 23- 58 AM/Image 9.png,/kaggle/input/aether-oct5k-pilot/Masks/Masks_Manual/Grading_1/Normal Part2/Normal (49).E2E/2- 26- 2017 10- 23- 58 AM/Image 9.png,Normal Part2,train,147f19745cca48518db0c4618301b7adeb359389de15cb5c4a0969a201a5b558,59373c87040e7c259bd104a596174adab921e81bb098560cc36699a0d41dc4dd,f1782759abc94a210152b0947a80af9877f4a02e9a0976c5feb1bf943a8eb9d9
Normal Part1/Normal (7).E2E/2- 26- 2017 9- 14- 12 AM/Image 10,/kaggle/input/aether-oct5k-pilot/Images/Images_Manual/Normal Part1/Normal (7).E2E/2- 26- 2017 9- 14- 12 AM/Image 10.png,/kaggle/input/aether-oct5k-pilot/Masks/Masks_Manual/Grading_1/Normal Part1/Normal (7).E2E/2- 26- 2017 9- 14- 12 AM/Image 10.png,Normal Part1,train,2c51be1cebbc18c1cbb582aa31b2896337b953666bd4eacd61003705cf1f33e9,8f31065c96b557f7236d220fb9cf875013e8510d768a744b53aac98ee928d0ff,a8e1f206ebd4430e0fa2e7a4b37335dad41a1c6834feedc32641ee0b690c54b2
Normal Part1/Normal (25).E2E/2- 26- 2017 9- 42- 47 AM/Image 34,/kaggle/input/aether-oct5k-pilot/Images/Images_Manual/Normal Part1/Normal (25).E2E/2- 26- 2017 9- 42- 47 AM/Image 34.png,/kaggle/input/aether-oct5k-pilot/Masks/Masks_Manual/Grading_1/Normal Part1/Normal (25).E2E/2- 26- 2017 9- 42- 47 AM/Image 34.png,Normal Part1,train,eeba812ce2812795af789a59f31c27c0d2dbe3246f14fbb580a630abd180563e,aa36c4db94176caf543abd059cb21dbef0156b531fcc985cebb1f4fc18b5cb13,f9268320abea12ff3a6d546336cc0d25f329018d21863a9920c344492a48acc0
DME/DME (15).E2E/2- 25- 2017 9- 53- 19 PM/Image 16,/kaggle/input/aether-oct5k-pilot/Images/Images_Manual/DME/DME (15).E2E/2- 25- 2017 9- 53- 19 PM/Image 16.png,/kaggle/input/aether-oct5k-pilot/Masks/Masks_Manual/Grading_1/DME/DME (15).E2E/2- 25- 2017 9- 53- 19 PM/Image 16.png,DME,train,e7b2cc804867589122f110fbcc5e673575963d8abff2abbacab6eb51fb639dfc,988ebb3036476ca5df60800f698a83f7c7c1dca2ba48786a7ecc07386bb0a3d3,85a0646f4b7323f55678b05e8c7254790608129bf546ac9c73ff60ec12a25262
AMD Part1/AMD (2).E2E/2- 25- 2017 9- 12- 39 PM/Image 7,/kaggle/input/aether-oct5k-pilot/Images/Images_Manual/AMD Part1/AMD (2).E2E/2- 25- 2017 9- 12- 39 PM/Image 7.png,/kaggle/input/aether-oct5k-pilot/Masks/Masks_Manual/Grading_1/AMD Part1/AMD (2).E2E/2- 25- 2017 9- 12- 39 PM/Image 7.png,AMD Part1,train,5e4e37e60a907214c8b51ba5cdd4d648647180c51b851778f19c63ec8d9164cd,6c666c87c729e6339fd78bca35385a10b9b4318d797af5b4b945134036dc3758,9cbcb6cda06e0f233cccaf8d0bc4de0bb57f763d0ed7dec697cec34a251ec50c
DME/DME (11).E2E/2- 25- 2017 9- 47- 31 PM/Image 11,/kaggle/input/aether-oct5k-pilot/Images/Images_Manual/DME/DME (11).E2E/2- 25- 2017 9- 47- 31 PM/Image 11.png,/kaggle/input/aether-oct5k-pilot/Masks/Masks_Manual/Grading_1/DME/DME (11).E2E/2- 25- 2017 9- 47- 31 PM/Image 11.png,DME,train,e0e8f0207c0d7aeadad4d903fe9de031e8b8a48a21d5a6041a7079cf939248f1,45983708aa1d52a8540e4d7946c642c31336d724432315289bba3b91ef457a56,3538565ca9017e8d9c6f41fc3a4599b10b108dda26bfd0961c77c2c393531bbc
Normal Part1/Normal (15).E2E/2- 26- 2017 9- 28- 04 AM/Image 5,/kaggle/input/aether-oct5k-pilot/Images/Images_Manual/Normal Part1/Normal (15).E2E/2- 26- 2017 9- 28- 04 AM/Image 5.png,/kaggle/input/aether-oct5k-pilot/Masks/Masks_Manual/Grading_1/Normal Part1/Normal (15).E2E/2- 26- 2017 9- 28- 04 AM/Image 5.png,Normal Part1,train,c99c0049cfe321866d31980eedd626a3a26288ab69c7d33f6e69988b00f40f50,7f6f49d3b3004116772f9f9fb39df04a05230296c6cb829a05c9f2b806d70372,47a7493e2830f796753e3b1dcbbc736e568f95affca34b0f04108e5fd19f1d30
DME/DME (21).E2E/2- 25- 2017 10- 01- 34 PM/Image 19,/kaggle/input/aether-oct5k-pilot/Images/Images_Manual/DME/DME (21).E2E/2- 25- 2017 10- 01- 34 PM/Image 19.png,/kaggle/input/aether-oct5k-pilot/Masks/Masks_Manual/Grading_1/DME/DME (21).E2E/2- 25- 2017 10- 01- 34 PM/Image 19.png,DME,train,e938c0f8052ad15b75d2d95e42b7f29ded1090ab3042575a68721a583d275a5e,9c42fe1c87620fc9363a0bd3db4a83f53f6e7e6ec39df951ef86b5f5392cb3fa,2f82ea58f2736bd6817c917376ba38b5c3a5ba4b66369fefc007a65fd83d5f9e
AMD Part1/AMD (23).E2E/2- 25- 2017 5- 14- 57 PM/Image 16,/kaggle/input/aether-oct5k-pilot/Images/Images_Manual/AMD Part1/AMD (23).E2E/2- 25- 2017 5- 14- 57 PM/Image 16.png,/kaggle/input/aether-oct5k-pilot/Masks/Masks_Manual/Grading_1/AMD Part1/AMD (23).E2E/2- 25- 2017 5- 14- 57 PM/Image 16.png,AMD Part1,train,486c9b017da0f4beeddd6e291a067508dcdd84f24cef246ee2a3bb88f88673e1,f5cd451b3816b94bd2ebda9e1d2a223ae916afc1cb7e0973c479d791256a4b63,0e3ffa74c7e7eee542a7605c4623d0bb02a86ef109ee6c027802fc29ced6d9cd
Normal Part1/Normal (15).E2E/2- 26- 2017 9- 28- 04 AM/Image 8,/kaggle/input/aether-oct5k-pilot/Images/Images_Manual/Normal Part1/Normal (15).E2E/2- 26- 2017 9- 28- 04 AM/Image 8.png,/kaggle/input/aether-oct5k-pilot/Masks/Masks_Manual/Grading_1/Normal Part1/Normal (15).E2E/2- 26- 2017 9- 28- 04 AM/Image 8.png,Normal Part1,train,433ab6a897cf852981734abaae7439437eb157faa072e6350e753b26cb2bdd18,f833e56781135290598e3b09779e474655d107afb572d27d2f326869377ad9e4,c9629d5cbed6fe12f3eb577f11f9c749569c2d0ec5a099108bb2235a5b5b8360
DME/DME (26).E2E/2- 25- 2017 10- 10- 17 PM/Image 1,/kaggle/input/aether-oct5k-pilot/Images/Images_Manual/DME/DME (26).E2E/2- 25- 2017 10- 10- 17 PM/Image 1.png,/kaggle/input/aether-oct5k-pilot/Masks/Masks_Manual/Grading_1/DME/DME (26).E2E/2- 25- 2017 10- 10- 17 PM/Image 1.png,DME,train,43436d14e0c0aafb7a626dc3835be29f1ef51bcc099a65dddfd67a0895c553bb,c6cd69b522ef82cfddd3d16d948c7d04e951caa65cc919e62bee3f5af5b30b31,b94f52ffe4e0bd3091afa8df4e0d605cac4852386f60aee29013223397d344f4
AMD Part1/AMD (3).E2E/2- 25- 2017 9- 13- 55 PM/Image 38,/kaggle/input/aether-oct5k-pilot/Images/Images_Manual/AMD Part1/AMD (3).E2E/2- 25- 2017 9- 13- 55 PM/Image 38.png,/kaggle/input/aether-oct5k-pilot/Masks/Masks_Manual/Grading_1/AMD Part1/AMD (3).E2E/2- 25- 2017 9- 13- 55 PM/Image 38.png,AMD Part1,train,f2318f0764f49f5069c809a252d9b911a1c4e0d5c6eecfbeee8c35e853e5c825,a8cdbe43507dbeee85b3be233b84aa361641282ca8df820a69f1e3861121a486,f7559e4d4d05ac14c1eb8f117d7ce4c1a0d5cd9d6e7274c373dced6305b6ff90
DME/DME (33).E2E/2- 25- 2017 10- 21- 00 PM/Image 4,/kaggle/input/aether-oct5k-pilot/Images/Images_Manual/DME/DME (33).E2E/2- 25- 2017 10- 21- 00 PM/Image 4.png,/kaggle/input/aether-oct5k-pilot/Masks/Masks_Manual/Grading_1/DME/DME (33).E2E/2- 25- 2017 10- 21- 00 PM/Image 4.png,DME,train,973d56cee6055326735e1f93dfbdbc8ed232b1d083cdd9e5f2170b0b5edeed73,cdaaac4c71aa36fbcc2eb1db41e22f65240006972b07f5518dcc89c029056090,bd56a463129b0b9e310c28a9eae1629f9f7417840f216f88444d5ed27d0f78e5
AMD Part1/AMD (2).E2E/2- 25- 2017 9- 12- 39 PM/Image 3,/kaggle/input/aether-oct5k-pilot/Images/Images_Manual/AMD Part1/AMD (2).E2E/2- 25- 2017 9- 12- 39 PM/Image 3.png,/kaggle/input/aether-oct5k-pilot/Masks/Masks_Manual/Grading_1/AMD Part1/AMD (2).E2E/2- 25- 2017 9- 12- 39 PM/Image 3.png,AMD Part1,train,b25ebf6d667b244cfdda510f986ac45beb07b93f22d06a8c0992946ba17a7eac,33a106fcec144840ba019ef4bf15799d967a5d27cc57e2b7a5461c9f559da452,38facf3c674d9a67aa3b9e443851b2038b83c54a9b99fea94c876295d0dc4571
AMD Part1/AMD (26).E2E/2- 25- 2017 5- 23- 01 PM/Image 22,/kaggle/input/aether-oct5k-pilot/Images/Images_Manual/AMD Part1/AMD (26).E2E/2- 25- 2017 5- 23- 01 PM/Image 22.png,/kaggle/input/aether-oct5k-pilot/Masks/Masks_Manual/Grading_1/AMD Part1/AMD (26).E2E/2- 25- 2017 5- 23- 01 PM/Image 22.png,AMD Part1,train,f7bda2cd8f4f71b7a8064a4a0f7db15a6352a01517ee9051a83500499a7fa51e,0c94a787f0ca1212733c87074f2eb5a2f82329467877ecfdfb395af4695c390e,ab6e235ac08b3e75983a99d9fde67c8f8cad93f680194319192151782df8ac89
AMD Part1/AMD (13).E2E/2- 25- 2017 4- 48- 43 PM/Image 56,/kaggle/input/aether-oct5k-pilot/Images/Images_Manual/AMD Part1/AMD (13).E2E/2- 25- 2017 4- 48- 43 PM/Image 56.png,/kaggle/input/aether-oct5k-pilot/Masks/Masks_Manual/Grading_1/AMD Part1/AMD (13).E2E/2- 25- 2017 4- 48- 43 PM/Image 56.png,AMD Part1,train,c60b5cf8f0e9d3d29b1ab583d6246a8025ee545405a7ea5ff1a93e2edb6e23b0,f732068748c4d9c5f938110632db62bfff2c10f265e39ff1b03783c26d16bb16,bad794891ef790f1896b40d7f5354ed6477dced814a60116cfeb8cd0457f3e0f
AMD Part1/AMD (2).E2E/2- 25- 2017 9- 12- 39 PM/Image 4,/kaggle/input/aether-oct5k-pilot/Images/Images_Manual/AMD Part1/AMD (2).E2E/2- 25- 2017 9- 12- 39 PM/Image 4.png,/kaggle/input/aether-oct5k-pilot/Masks/Masks_Manual/Grading_1/AMD Part1/AMD (2).E2E/2- 25- 2017 9- 12- 39 PM/Image 4.png,AMD Part1,train,3ad01a761620a9a16a6aa8ada031875074382e764c40d9a041d310aa86874cc4,2f25c3530f98261a0bf593599f82c7f4b344e3ae85f25418a64c87117da6d5a2,2a1703d06d28bed438052eed8845817e45773e5f013a8f452aa6322f6e0c9470
DME/DME (11).E2E/2- 25- 2017 9- 47- 31 PM/Image 12,/kaggle/input/aether-oct5k-pilot/Images/Images_Manual/DME/DME (11).E2E/2- 25- 2017 9- 47- 31 PM/Image 12.png,/kaggle/input/aether-oct5k-pilot/Masks/Masks_Manual/Grading_1/DME/DME (11).E2E/2- 25- 2017 9- 47- 31 PM/Image 12.png,DME,train,88b772e6f5166a6ec2ec4a13a2408aa925586dc4d1cb4c74de29443a949b8297,0784f27321b7cc66e096b218e4091b4a1f98947b04949314edc52e3eb6db38ec,863018906a5a69c537597289cbc5377c29039b92a1b666e7de6f23f4b1267bf3
AMD Part1/AMD (11).E2E/2- 25- 2017 4- 44- 26 PM/Image 12,/kaggle/input/aether-oct5k-pilot/Images/Images_Manual/AMD Part1/AMD (11).E2E/2- 25- 2017 4- 44- 26 PM/Image 12.png,/kaggle/input/aether-oct5k-pilot/Masks/Masks_Manual/Grading_1/AMD Part1/AMD (11).E2E/2- 25- 2017 4- 44- 26 PM/Image 12.png,AMD Part1,train,56e066ad8dc8f3a80d6b8b11ed7f9b7b427273ea8ef411c7419cf1c311b7a2c7,387faf853ee9ef054c538465034157c072243ba9a1331a4071744fd14fb3943b,3de3bf3835357d81bf10afb32651c7c9008a450afaacd2cfd47840eed9a61f10
Normal Part2/Normal (49).E2E/2- 26- 2017 10- 23- 58 AM/Image 6,/kaggle/input/aether-oct5k-pilot/Images/Images_Manual/Normal Part2/Normal (49).E2E/2- 26- 2017 10- 23- 58 AM/Image 6.png,/kaggle/input/aether-oct5k-pilot/Masks/Masks_Manual/Grading_1/Normal Part2/Normal (49).E2E/2- 26- 2017 10- 23- 58 AM/Image 6.png,Normal Part2,train,b786eb7e164602ba1cd75d60451e13469b29ab9152563f46ed01293314801e2c,c929e9739e3a8941bfcc0572e16ed6a9fc8c067ae01d1f1a048ebc0623573c1b,94a7a6d96c002d4a0dc156bf65ade39e26bb01f1626d8d86353ea65eadf96703
AMD Part1/AMD (13).E2E/2- 25- 2017 4- 48- 43 PM/Image 39,/kaggle/input/aether-oct5k-pilot/Images/Images_Manual/AMD Part1/AMD (13).E2E/2- 25- 2017 4- 48- 43 PM/Image 39.png,/kaggle/input/aether-oct5k-pilot/Masks/Masks_Manual/Grading_1/AMD Part1/AMD (13).E2E/2- 25- 2017 4- 48- 43 PM/Image 39.png,AMD Part1,train,d4db6b8b20f84adbe0484a2462d8eccea603dd13855871041b45a0b3048fbf35,3b19274613c0703dfc392b546328cd941bb7e218d8dbeb2b606cc12588c834f7,77a4a7ce4bfdd12c8d0789fd394f8f0dce954f53c868df54c4a0435b201275c0
AMD Part2/AMD (40).E2E/2- 25- 2017 9- 08- 13 PM/Image 6,/kaggle/input/aether-oct5k-pilot/Images/Images_Manual/AMD Part2/AMD (40).E2E/2- 25- 2017 9- 08- 13 PM/Image 6.png,/kaggle/input/aether-oct5k-pilot/Masks/Masks_Manual/Grading_1/AMD Part2/AMD (40).E2E/2- 25- 2017 9- 08- 13 PM/Image 6.png,AMD Part2,train,ddf77de90bf56c524d4c6ef325b417ca49d5d6c2020882f7601e5fa8ef93e6d9,53ab8fa02eb04f47c12b678c3f533822f2bf8692f1e9b3777603e649d0df7256,b0ab84da637521bfbad233827beec78662bbf1d50d1aa44c4a8c8b38a831c52b
Normal Part2/Normal (38).E2E/2- 26- 2017 10- 06- 02 AM/Image 8,/kaggle/input/aether-oct5k-pilot/Images/Images_Manual/Normal Part2/Normal (38).E2E/2- 26- 2017 10- 06- 02 AM/Image 8.png,/kaggle/input/aether-oct5k-pilot/Masks/Masks_Manual/Grading_1/Normal Part2/Normal (38).E2E/2- 26- 2017 10- 06- 02 AM/Image 8.png,Normal Part2,train,75404b2f23678c789da7d6f731952a8a2e7f241fff79bbbc5452b5e2af367c0f,9aa468cb431b1e569d5eae2fc1ca439d6682229ccc8c4ebbfa9a0ffa9c8bd686,f6e8b5163afba8dcb6da0bce0db0aa73f36e350eda10b5c0cd7f14de4e402997
AMD Part1/AMD (22).E2E/2- 25- 2017 5- 11- 45 PM/Image 1,/kaggle/input/aether-oct5k-pilot/Images/Images_Manual/AMD Part1/AMD (22).E2E/2- 25- 2017 5- 11- 45 PM/Image 1.png,/kaggle/input/aether-oct5k-pilot/Masks/Masks_Manual/Grading_1/AMD Part1/AMD (22).E2E/2- 25- 2017 5- 11- 45 PM/Image 1.png,AMD Part1,train,6048eee7e7e02adcb0eb77df8976873cad8ea8bae81a48d9182bbde2af7639d9,eb2304d4ea92e5c1567ec80bf7ce919cf3567c861589417c516d5f328a6f8f9a,cf42d56a853af1c4dd9ce492d22fda13f0be6b5acc7961eaa51d4289faa4837e
AMD Part1/AMD (3).E2E/2- 25- 2017 9- 13- 55 PM/Image 6,/kaggle/input/aether-oct5k-pilot/Images/Images_Manual/AMD Part1/AMD (3).E2E/2- 25- 2017 9- 13- 55 PM/Image 6.png,/kaggle/input/aether-oct5k-pilot/Masks/Masks_Manual/Grading_1/AMD Part1/AMD (3).E2E/2- 25- 2017 9- 13- 55 PM/Image 6.png,AMD Part1,train,bce61fff9cfead0b83d2d38a8a28672648ccb335e4cebd3e733f2eaa45c189dc,aa977255df4ba7cba5fc241841bfa0245b6aacf43e554f058fefc817dc4b6072,86cd87692c86d1150c675d10ad1fa9c5064875e783ec5a326ea1a7bdfa163db2
Normal Part2/Normal (49).E2E/2- 26- 2017 10- 23- 58 AM/Image 1,/kaggle/input/aether-oct5k-pilot/Images/Images_Manual/Normal Part2/Normal (49).E2E/2- 26- 2017 10- 23- 58 AM/Image 1.png,/kaggle/input/aether-oct5k-pilot/Masks/Masks_Manual/Grading_1/Normal Part2/Normal (49).E2E/2- 26- 2017 10- 23- 58 AM/Image 1.png,Normal Part2,train,977c7fa32029c2dff2a97ac784976ea091e5689f8049d2c4328eeb38a67f44a0,c330ab6436cfa42307b1a7dbe6ea42bed6ae1e6d0eb6d23a6b0e3e73216330bb,b7fef973ba7e968abd78d1be971a513c8a3cf447b394224a6f02b4fe6fe99d1f
DME/DME (31).E2E/2- 25- 2017 10- 17- 51 PM/Image 19,/kaggle/input/aether-oct5k-pilot/Images/Images_Manual/DME/DME (31).E2E/2- 25- 2017 10- 17- 51 PM/Image 19.png,/kaggle/input/aether-oct5k-pilot/Masks/Masks_Manual/Grading_1/DME/DME (31).E2E/2- 25- 2017 10- 17- 51 PM/Image 19.png,DME,train,d220b3eb4247d4b65e9faf96280fa029c421beaefdd359f2d32010ca9da27e7b,edc484595c0c77381f199bc533e78b99412c5b44859b600b7cc0ab8d34741535,927ce587729dd2fc612f9ac671768eb8e3ff847df652aea12bdccb62d19c7cf6
Normal Part2/Normal (37).E2E/2- 26- 2017 10- 05- 11 AM/Image 4,/kaggle/input/aether-oct5k-pilot/Images/Images_Manual/Normal Part2/Normal (37).E2E/2- 26- 2017 10- 05- 11 AM/Image 4.png,/kaggle/input/aether-oct5k-pilot/Masks/Masks_Manual/Grading_1/Normal Part2/Normal (37).E2E/2- 26- 2017 10- 05- 11 AM/Image 4.png,Normal Part2,train,a141320442f88627b770ba007d68c620c9c299d31e1f57dab123cb72e83ea59f,a8a51f6d1f0abb8a9981c7712417edf9d58b0677a8e409571a65cc5a1e2e82f3,95515ecfe2566f638b61e47b3ad0b2ff1c7ba203620fceba571bf03fcdc9f56b
AMD Part1/AMD (2).E2E/2- 25- 2017 9- 12- 39 PM/Image 20,/kaggle/input/aether-oct5k-pilot/Images/Images_Manual/AMD Part1/AMD (2).E2E/2- 25- 2017 9- 12- 39 PM/Image 20.png,/kaggle/input/aether-oct5k-pilot/Masks/Masks_Manual/Grading_1/AMD Part1/AMD (2).E2E/2- 25- 2017 9- 12- 39 PM/Image 20.png,AMD Part1,train,a55f5cb4bb367816c298ef104824524b159b9a6e72176a604c17e4268aa97894,ec59f9f0bef7c0f87007faed9be8df7612d4d858eb505f762118bd4d8058d335,a2bf8c69c2ee96085a87cf087f58f602863d2eb2872765f811d91d5ea3db0bea
Normal Part1/Normal (27).E2E/2- 26- 2017 9- 46- 33 AM/Image 15,/kaggle/input/aether-oct5k-pilot/Images/Images_Manual/Normal Part1/Normal (27).E2E/2- 26- 2017 9- 46- 33 AM/Image 15.png,/kaggle/input/aether-oct5k-pilot/Masks/Masks_Manual/Grading_1/Normal Part1/Normal (27).E2E/2- 26- 2017 9- 46- 33 AM/Image 15.png,Normal Part1,train,b762088d75a6a4374ea8a33b17e595c30702240c3cdfcb6f0115da29e884937b,d06b1606756b8f1655dbdab424cc2fe960cd3163079123ffcccddefa4873a9c1,3d28e7d725ff4b3cf19688db0465069eba2582e2b71423223581b4da9bfd6b5a
Normal Part2/Normal (40).E2E/2- 26- 2017 10- 10- 37 AM/Image 12,/kaggle/input/aether-oct5k-pilot/Images/Images_Manual/Normal Part2/Normal (40).E2E/2- 26- 2017 10- 10- 37 AM/Image 12.png,/kaggle/input/aether-oct5k-pilot/Masks/Masks_Manual/Grading_1/Normal Part2/Normal (40).E2E/2- 26- 2017 10- 10- 37 AM/Image 12.png,Normal Part2,train,656a9dcf640132f8de32ec4cde637ee1abf63503a839f17ade3ceb21f1624f21,8cfdabc014f449cb97fbef5d7c1d9eea5d2232d44505f4cfb664d19254aa25fa,c6cb553516f69673ff14d00edf52c7992f7eb41232c1a4bebfd99b0d53390f0e
Normal Part2/Normal (38).E2E/2- 26- 2017 10- 06- 02 AM/Image 3,/kaggle/input/aether-oct5k-pilot/Images/Images_Manual/Normal Part2/Normal (38).E2E/2- 26- 2017 10- 06- 02 AM/Image 3.png,/kaggle/input/aether-oct5k-pilot/Masks/Masks_Manual/Grading_1/Normal Part2/Normal (38).E2E/2- 26- 2017 10- 06- 02 AM/Image 3.png,Normal Part2,train,ce6ebfac41c07249867978eb8657a4bcd793fb75a7fa658c06651aab5cadaf45,e4f3c51b1bffa6f94120094a1523a23307baef189d4f6fc64b4fe1f5db058a58,2cbb491cec56d5fd4dc86bc0ed83706d4c68bfbcb8b6251f113423a4b2770375
DME/DME (9).E2E/2- 25- 2017 9- 45- 28 PM/Image 60,/kaggle/input/aether-oct5k-pilot/Images/Images_Manual/DME/DME (9).E2E/2- 25- 2017 9- 45- 28 PM/Image 60.png,/kaggle/input/aether-oct5k-pilot/Masks/Masks_Manual/Grading_1/DME/DME (9).E2E/2- 25- 2017 9- 45- 28 PM/Image 60.png,DME,train,1926f2a49d5673a49ffbad50669542a016c0690eace05ca57f4e5f664f2d2556,2be2251fc56030b9b390f61ed40afb362ad977f3ac399c7101772266cbf0b983,f6cf3c9ad61835d1a1add57e76a8c477bac79be8aa613e10abb93a6524e1ccfa
AMD Part1/AMD (11).E2E/2- 25- 2017 4- 44- 26 PM/Image 18,/kaggle/input/aether-oct5k-pilot/Images/Images_Manual/AMD Part1/AMD (11).E2E/2- 25- 2017 4- 44- 26 PM/Image 18.png,/kaggle/input/aether-oct5k-pilot/Masks/Masks_Manual/Grading_1/AMD Part1/AMD (11).E2E/2- 25- 2017 4- 44- 26 PM/Image 18.png,AMD Part1,train,ddb3daea693aae369b7e110d9e2c799f7fc805a972bbc1dc9d11f2d92078932e,b41f5bc735471552eb7b8a1f467a1739f9582bf50c329574510890a402bf5a6d,25b4bc097bfa9565a9c141b0b495f244df62978fc2d569832d11969598328b9e
Normal Part2/Normal (38).E2E/2- 26- 2017 10- 06- 02 AM/Image 2,/kaggle/input/aether-oct5k-pilot/Images/Images_Manual/Normal Part2/Normal (38).E2E/2- 26- 2017 10- 06- 02 AM/Image 2.png,/kaggle/input/aether-oct5k-pilot/Masks/Masks_Manual/Grading_1/Normal Part2/Normal (38).E2E/2- 26- 2017 10- 06- 02 AM/Image 2.png,Normal Part2,train,9fd44c45c4ddea008cd6a5734ebc4f25f58eee27cbc60f5da0c8b76ae94043e0,bf119f2103a8a80b70e609e93d0370916d113e5578694e45a74ea24b1f58ac36,14c85fcc4e44863f5bbdeb12ae5462f3c29b8ed90388781dddedf926e24212c5
DME/DME (9).E2E/2- 25- 2017 9- 45- 28 PM/Image 8,/kaggle/input/aether-oct5k-pilot/Images/Images_Manual/DME/DME (9).E2E/2- 25- 2017 9- 45- 28 PM/Image 8.png,/kaggle/input/aether-oct5k-pilot/Masks/Masks_Manual/Grading_1/DME/DME (9).E2E/2- 25- 2017 9- 45- 28 PM/Image 8.png,DME,train,2d499050746fcdd65040641bf0ba23622a09cf699f31272fb49dfec1e8fc2f48,1e0355586e3b8180cab9c563099517778660ec08d6e53450fed83b923afa3f3a,1fb7647bdd8686a78c69326ec6747cb6628a532edee09ed89df62786bf33640a
AMD Part1/AMD (24).E2E/2- 25- 2017 5- 17- 27 PM/Image 23,/kaggle/input/aether-oct5k-pilot/Images/Images_Manual/AMD Part1/AMD (24).E2E/2- 25- 2017 5- 17- 27 PM/Image 23.png,/kaggle/input/aether-oct5k-pilot/Masks/Masks_Manual/Grading_1/AMD Part1/AMD (24).E2E/2- 25- 2017 5- 17- 27 PM/Image 23.png,AMD Part1,train,96645ea2a6a747177eef1dbf8aa50656a10851c87afd4afd6dbb75c10af48be1,5038d1f464e47881ebf2c6d89233c35c22c05d9d12582d191dfabbe9c53eb9ed,9514e757880346cccf2a41dc39b2ba466090cb67c4e4a23af3f529df1fac9e84
AMD Part1/AMD (3).E2E/2- 25- 2017 9- 13- 55 PM/Image 45,/kaggle/input/aether-oct5k-pilot/Images/Images_Manual/AMD Part1/AMD (3).E2E/2- 25- 2017 9- 13- 55 PM/Image 45.png,/kaggle/input/aether-oct5k-pilot/Masks/Masks_Manual/Grading_1/AMD Part1/AMD (3).E2E/2- 25- 2017 9- 13- 55 PM/Image 45.png,AMD Part1,train,cac50f6d24b847437232cb04a7fc5a5fa471e9a7f4911686b654bdf8753f8717,764519d306d1c0a1ea44432896a69346de94d99e260bd58eafecf7cbf131343b,b3b58dfacff654043f3a55ba2bc3091821f05cb12486f57b31605fa3f2149563
Normal Part1/Normal (9).E2E/2- 26- 2017 9- 15- 48 AM/Image 9,/kaggle/input/aether-oct5k-pilot/Images/Images_Manual/Normal Part1/Normal (9).E2E/2- 26- 2017 9- 15- 48 AM/Image 9.png,/kaggle/input/aether-oct5k-pilot/Masks/Masks_Manual/Grading_1/Normal Part1/Normal (9).E2E/2- 26- 2017 9- 15- 48 AM/Image 9.png,Normal Part1,train,05f33d01b263da15f804fd7a3c6caa84a5c9230172832fb198b0be4e4cdf383b,ef92fc852b07091e81ba2fb4a9695e0635a671cf819bbb155894bbb99c86f458,28c13862b751646241e22eb54180b629042a7615d9669528bb18eee420f1d48f
DME/DME (21).E2E/2- 25- 2017 10- 01- 34 PM/Image 15,/kaggle/input/aether-oct5k-pilot/Images/Images_Manual/DME/DME (21).E2E/2- 25- 2017 10- 01- 34 PM/Image 15.png,/kaggle/input/aether-oct5k-pilot/Masks/Masks_Manual/Grading_1/DME/DME (21).E2E/2- 25- 2017 10- 01- 34 PM/Image 15.png,DME,train,6eba556572a7b58bee6aced51d84c43ee0599ee52002fac37747b30855f1a4a8,e7d968a58c437d1e8553e9253d64a601136291bcd412da3008b271ec0f62e6e4,cd990c3e494d9f60e24cea1a216197b9752db854245d597044c51118760e201a
DME/DME (21).E2E/2- 25- 2017 10- 01- 34 PM/Image 13,/kaggle/input/aether-oct5k-pilot/Images/Images_Manual/DME/DME (21).E2E/2- 25- 2017 10- 01- 34 PM/Image 13.png,/kaggle/input/aether-oct5k-pilot/Masks/Masks_Manual/Grading_1/DME/DME (21).E2E/2- 25- 2017 10- 01- 34 PM/Image 13.png,DME,train,a7f79eaa84505b431745f0fccf1899f184613d3a365e9a54466a5f56ef99ed0b,130163d5b1f91bb964dabfcc8906a4c864f0209733c9fc9583f10113a8535cdf,9d991033a9e3feed5a2623a3b0d5ca4da059045e756880f2da7c8870f7299bf8
DME/DME (35).E2E/2- 25- 2017 10- 23- 21 PM/Image 10,/kaggle/input/aether-oct5k-pilot/Images/Images_Manual/DME/DME (35).E2E/2- 25- 2017 10- 23- 21 PM/Image 10.png,/kaggle/input/aether-oct5k-pilot/Masks/Masks_Manual/Grading_1/DME/DME (35).E2E/2- 25- 2017 10- 23- 21 PM/Image 10.png,DME,train,642727699a5b316db341f2a2844d315d54e5d28895de677b999784359c44724a,1f00309cafcc4add06ef45798d9e1cc2c2211aaa293e49c42839b96609d13620,eb6142556052d06a69982db58308a0410d1db1ab45a15e44b97555ff7b575dc1
AMD Part1/AMD (26).E2E/2- 25- 2017 5- 23- 01 PM/Image 51,/kaggle/input/aether-oct5k-pilot/Images/Images_Manual/AMD Part1/AMD (26).E2E/2- 25- 2017 5- 23- 01 PM/Image 51.png,/kaggle/input/aether-oct5k-pilot/Masks/Masks_Manual/Grading_1/AMD Part1/AMD (26).E2E/2- 25- 2017 5- 23- 01 PM/Image 51.png,AMD Part1,train,f7dc59a0bb189976faed25cf5004547317851ccc1f3f73ff2ed4192848f68453,df2d5e5b5be45116ae1888ea7c29c120fa141450eb21bd1a4708a127c3c6e45a,a9d489a0f4cec7e112f7501fc7a04b2fce88672e759f4a3068f7a8428193dbfd
Normal Part1/Normal (10).E2E/2- 26- 2017 9- 18- 14 AM/Image 9,/kaggle/input/aether-oct5k-pilot/Images/Images_Manual/Normal Part1/Normal (10).E2E/2- 26- 2017 9- 18- 14 AM/Image 9.png,/kaggle/input/aether-oct5k-pilot/Masks/Masks_Manual/Grading_1/Normal Part1/Normal (10).E2E/2- 26- 2017 9- 18- 14 AM/Image 9.png,Normal Part1,train,65ace50f88c36631e91396df4a5f47184368f29ac095b0053cec47c3d234a063,9fe0d371cd6f41100421857671b7693eec5cc7d7b7a0c945137f34d9b79ee8be,6fab0e5aa0d3a8ee7af0bf02eeca005be599f0533e2abbd65ed18653a2a48776
DME/DME (21).E2E/2- 25- 2017 10- 01- 34 PM/Image 18,/kaggle/input/aether-oct5k-pilot/Images/Images_Manual/DME/DME (21).E2E/2- 25- 2017 10- 01- 34 PM/Image 18.png,/kaggle/input/aether-oct5k-pilot/Masks/Masks_Manual/Grading_1/DME/DME (21).E2E/2- 25- 2017 10- 01- 34 PM/Image 18.png,DME,train,4537df948ea4e0e8e789dff8377e9445e69489bb518bda88ad1c3bb9f5d0c15f,519996c338d3dff7775ac4e65e780d7b514c9a19ff6c8fa2ec6aabcfe5b9348b,48b409b2dae3c8a9105c4bd8413ed46c2ded5e7343f7752fc61218a4e71a9e72
AMD Part1/AMD (3).E2E/2- 25- 2017 9- 13- 55 PM/Image 32,/kaggle/input/aether-oct5k-pilot/Images/Images_Manual/AMD Part1/AMD (3).E2E/2- 25- 2017 9- 13- 55 PM/Image 32.png,/kaggle/input/aether-oct5k-pilot/Masks/Masks_Manual/Grading_1/AMD Part1/AMD (3).E2E/2- 25- 2017 9- 13- 55 PM/Image 32.png,AMD Part1,train,2f99a5a82f6f0b98379d6609a1636e6f1593c52ee747f1ee16ccd4bc399dc91f,fdc1474f8f7cff9be5c73bcbffcf231923c12af3175023559163a5b4fa85effe,6cb2fa9510a25f7da7a0d8834a3150d71cdbe791398d0c219f98615bb1559504
AMD Part1/AMD (3).E2E/2- 25- 2017 9- 13- 55 PM/Image 28,/kaggle/input/aether-oct5k-pilot/Images/Images_Manual/AMD Part1/AMD (3).E2E/2- 25- 2017 9- 13- 55 PM/Image 28.png,/kaggle/input/aether-oct5k-pilot/Masks/Masks_Manual/Grading_1/AMD Part1/AMD (3).E2E/2- 25- 2017 9- 13- 55 PM/Image 28.png,AMD Part1,train,101e86470066779f6a1a8bacd8119c592c1e973bf5d0188154eb7b74ab1348ac,87f2900dd02437010601fd5d53df3d5920641eaa4ee5f657e0e29ffa856c6342,cd6f462fc3fc46393b30aae83dd55fb3d890d12d096198bd3869bd481077e92d
Normal Part2/Normal (34).E2E/2- 26- 2017 10- 01- 13 AM/Image 12,/kaggle/input/aether-oct5k-pilot/Images/Images_Manual/Normal Part2/Normal (34).E2E/2- 26- 2017 10- 01- 13 AM/Image 12.png,/kaggle/input/aether-oct5k-pilot/Masks/Masks_Manual/Grading_1/Normal Part2/Normal (34).E2E/2- 26- 2017 10- 01- 13 AM/Image 12.png,Normal Part2,train,7cb1ab4b69493ad26723cfb2865e73efab4981caed86f594a48e4f587b50336b,9e56d2b70bc175e4f869925624a136000ebe8a019e124dde9109ffa6ade4b520,733aa481c8876616146b4d08a77a6947c8d0bcb0c96dbd9f63d81ee76fd28385
DME/DME (35).E2E/2- 25- 2017 10- 23- 21 PM/Image 15,/kaggle/input/aether-oct5k-pilot/Images/Images_Manual/DME/DME (35).E2E/2- 25- 2017 10- 23- 21 PM/Image 15.png,/kaggle/input/aether-oct5k-pilot/Masks/Masks_Manual/Grading_1/DME/DME (35).E2E/2- 25- 2017 10- 23- 21 PM/Image 15.png,DME,train,328d154949559614c1d65f724d451ab1657f76d5fa8d61fb45c2f4b882654083,96e64502051772be99e0c8a0f8b8c963459b88137da0c687f072d50f6f4a57e7,e54c6685217ed46a1bdb9c3081ba1293d9e7766f46817d0ff979de5990599ce9
Normal Part2/Normal (47).E2E/2- 26- 2017 10- 21- 43 AM/Image 12,/kaggle/input/aether-oct5k-pilot/Images/Images_Manual/Normal Part2/Normal (47).E2E/2- 26- 2017 10- 21- 43 AM/Image 12.png,/kaggle/input/aether-oct5k-pilot/Masks/Masks_Manual/Grading_1/Normal Part2/Normal (47).E2E/2- 26- 2017 10- 21- 43 AM/Image 12.png,Normal Part2,train,31e77a7e98d38faa5a5d115a39bf13a6ef07f314221549b0f697522d78e29854,249ea6a9b6aabfa319ced76a433b75f95e7952510cc09200a24b58e6fceca8e8,bda512931177ac1dbf02f29cd7d1b225bded61b460a4b4b78ef0a5bcb7ee739f
Normal Part2/Normal (36).E2E/2- 26- 2017 10- 04- 18 AM/Image 7,/kaggle/input/aether-oct5k-pilot/Images/Images_Manual/Normal Part2/Normal (36).E2E/2- 26- 2017 10- 04- 18 AM/Image 7.png,/kaggle/input/aether-oct5k-pilot/Masks/Masks_Manual/Grading_1/Normal Part2/Normal (36).E2E/2- 26- 2017 10- 04- 18 AM/Image 7.png,Normal Part2,train,8ccad18a28f4a20325a5148d9b996575b62a1319c5cba6d230dab6f0446cc00f,249d2efa311a006e219bd66b7be336d0e53e688947e300f51cb4f8c41f68bb0c,7c2a65fae821c8274742373983176b43e58f62cc2333c816bb93fe573108e2ae
Normal Part2/Normal (49).E2E/2- 26- 2017 10- 23- 58 AM/Image 10,/kaggle/input/aether-oct5k-pilot/Images/Images_Manual/Normal Part2/Normal (49).E2E/2- 26- 2017 10- 23- 58 AM/Image 10.png,/kaggle/input/aether-oct5k-pilot/Masks/Masks_Manual/Grading_1/Normal Part2/Normal (49).E2E/2- 26- 2017 10- 23- 58 AM/Image 10.png,Normal Part2,train,575e804a0b78b982f7d947f70f8a67d72981240171f831d282758ff44ce0937a,bc45fac850ff05132d3de26c871003dc33bcc781d98e51bfaecdb87394d0761c,2414cacae243a9e75c2e916002350880b47d33e00b077da078a8b1821f7315eb
AMD Part1/AMD (23).E2E/2- 25- 2017 5- 14- 57 PM/Image 34,/kaggle/input/aether-oct5k-pilot/Images/Images_Manual/AMD Part1/AMD (23).E2E/2- 25- 2017 5- 14- 57 PM/Image 34.png,/kaggle/input/aether-oct5k-pilot/Masks/Masks_Manual/Grading_1/AMD Part1/AMD (23).E2E/2- 25- 2017 5- 14- 57 PM/Image 34.png,AMD Part1,train,0c34280c8b2b308e630e82b3be985a4680bfd0a27b8d2e42e6c56624e02cf4fa,e01c43cb84131b40edd107ac1d06a1e074fdc7e6790df01ae1b98a63f47762ec,c8358af7f41f634846ae32ba89ff5eb7c783c3a21cf8c0cc426d1f0a5fed1928
AMD Part1/AMD (13).E2E/2- 25- 2017 4- 48- 43 PM/Image 17,/kaggle/input/aether-oct5k-pilot/Images/Images_Manual/AMD Part1/AMD (13).E2E/2- 25- 2017 4- 48- 43 PM/Image 17.png,/kaggle/input/aether-oct5k-pilot/Masks/Masks_Manual/Grading_1/AMD Part1/AMD (13).E2E/2- 25- 2017 4- 48- 43 PM/Image 17.png,AMD Part1,train,ee8d8f20faea9d02586ee2e14ffde2dcf82b3cbbf40b6a161d79bcdece143395,a180535107de5af93560a01c33c88cad76b682c9c319d6a1b4bcdc1c50f77b16,0336f2b9f3490db701bb71a9db89732db965f85547aafd3476d4871834e3e9b2
AMD Part1/AMD (1).E2E/2- 25- 2017 9- 10- 42 PM/Image 10,/kaggle/input/aether-oct5k-pilot/Images/Images_Manual/AMD Part1/AMD (1).E2E/2- 25- 2017 9- 10- 42 PM/Image 10.png,/kaggle/input/aether-oct5k-pilot/Masks/Masks_Manual/Grading_1/AMD Part1/AMD (1).E2E/2- 25- 2017 9- 10- 42 PM/Image 10.png,AMD Part1,train,8f0b728761f0557ee358b97a227310de4534c1e299132757ed1a3c70e53b60f4,72e94283fd69e7211c8b8051d1b1c9d4bb6bd57b5d811942a336f6b5d7a68f75,d1fe0adf361903bb0e9c6dae8f9c8ae14f35f8162d655b9c01233b1d9d06051d
AMD Part1/AMD (35).E2E/2- 25- 2017 9- 00- 52 PM/Image 11,/kaggle/input/aether-oct5k-pilot/Images/Images_Manual/AMD Part1/AMD (35).E2E/2- 25- 2017 9- 00- 52 PM/Image 11.png,/kaggle/input/aether-oct5k-pilot/Masks/Masks_Manual/Grading_1/AMD Part1/AMD (35).E2E/2- 25- 2017 9- 00- 52 PM/Image 11.png,AMD Part1,train,b2bab4c6a84f4dd5b610d5c99203fcc999802fa88b62227e0feeb38c44d5767c,c81b0658fa1e214472d7a8759d43c28aac079c24dcd3b4eff12cad9e789d2cdb,4fce23b5c5663cf045fdef60d0e20ea32a5ba958f74efd6a723b27e99c5225ab
DME/DME (21).E2E/2- 25- 2017 10- 01- 34 PM/Image 12,/kaggle/input/aether-oct5k-pilot/Images/Images_Manual/DME/DME (21).E2E/2- 25- 2017 10- 01- 34 PM/Image 12.png,/kaggle/input/aether-oct5k-pilot/Masks/Masks_Manual/Grading_1/DME/DME (21).E2E/2- 25- 2017 10- 01- 34 PM/Image 12.png,DME,train,aefa33c70265ad0bcd0b2ea995daf4f13910854b11c2b2ce89243d20b3b6f47f,9cb3acd7c284d431607f9571d468c5a2c907188f26405f921795c471a5e1337a,78116158c8dc686b046b9596af0326e313f27f87cf026df28d244b7421595d15
Normal Part2/Normal (34).E2E/2- 26- 2017 10- 01- 13 AM/Image 16,/kaggle/input/aether-oct5k-pilot/Images/Images_Manual/Normal Part2/Normal (34).E2E/2- 26- 2017 10- 01- 13 AM/Image 16.png,/kaggle/input/aether-oct5k-pilot/Masks/Masks_Manual/Grading_1/Normal Part2/Normal (34).E2E/2- 26- 2017 10- 01- 13 AM/Image 16.png,Normal Part2,train,5b19344434d7b1f90db4cdd99719d2aa09a29c73782311e24b70bd2bdb4aabb3,1a0a55e91fa7ee08de0d6aa3948e3b94d230a89ec9b581839d60c631c5350a74,7f38cc232dc880182c92ed5175623e011fc4f74114c273130a21dc9ff541ab8a
Normal Part1/Normal (26).E2E/2- 26- 2017 9- 44- 13 AM/Image 15,/kaggle/input/aether-oct5k-pilot/Images/Images_Manual/Normal Part1/Normal (26).E2E/2- 26- 2017 9- 44- 13 AM/Image 15.png,/kaggle/input/aether-oct5k-pilot/Masks/Masks_Manual/Grading_1/Normal Part1/Normal (26).E2E/2- 26- 2017 9- 44- 13 AM/Image 15.png,Normal Part1,train,317b383bf08bc64bdacc98d79fc49b3f62fee3bb2bbda86856d9f6134f2d443f,fe9958f8be3e2f8b818d684f38c32d6c44c974c2f9d3b395144b203f341f3202,80235f25a4ae6bc05a13f568ecafe07ce1e0ca6badaa48c66a50b8a7110409ea
DME/DME (31).E2E/2- 25- 2017 10- 17- 51 PM/Image 10,/kaggle/input/aether-oct5k-pilot/Images/Images_Manual/DME/DME (31).E2E/2- 25- 2017 10- 17- 51 PM/Image 10.png,/kaggle/input/aether-oct5k-pilot/Masks/Masks_Manual/Grading_1/DME/DME (31).E2E/2- 25- 2017 10- 17- 51 PM/Image 10.png,DME,train,36abdaf97180f7497cbbb9071d1ebb56eb736383675d32e21d40b524f7e810e0,92885a11263bd0c863a9441fca9b6f04c231bb00483a5953063b0a89a79cc03b,949a6753f54f1431251f660805b04f1b86216a594b712c6506e66a4c45921827
AMD Part1/AMD (10).E2E/2- 25- 2017 9- 27- 53 PM/Image 22,/kaggle/input/aether-oct5k-pilot/Images/Images_Manual/AMD Part1/AMD (10).E2E/2- 25- 2017 9- 27- 53 PM/Image 22.png,/kaggle/input/aether-oct5k-pilot/Masks/Masks_Manual/Grading_1/AMD Part1/AMD (10).E2E/2- 25- 2017 9- 27- 53 PM/Image 22.png,AMD Part1,train,dcac4ee34e7a51dfae5de4d139014c93526372a11a96368654047c574da992c8,4d098e8046f7642bd450c193a78bb3edeb5545af284405747e457a6f92804a00,a2a79de787f6f2167388bde2b417c05759bdc8c4168efe4b9938fbaa5c2e1619
DME/DME (33).E2E/2- 25- 2017 10- 21- 00 PM/Image 13,/kaggle/input/aether-oct5k-pilot/Images/Images_Manual/DME/DME (33).E2E/2- 25- 2017 10- 21- 00 PM/Image 13.png,/kaggle/input/aether-oct5k-pilot/Masks/Masks_Manual/Grading_1/DME/DME (33).E2E/2- 25- 2017 10- 21- 00 PM/Image 13.png,DME,train,16e23093c896ff6c2638fce1bddb4f17e29cb75da25dc6bbbcf94ebf788c419c,ad5e499a918d827e205b3dbc8d4a4d950a9f3b64e5b6f0b39f0032464e1bba32,b12a6d4ea679a2943e13c45115e0e66175c4dc4e8fdf9f9e98fa08670c883add
AMD Part1/AMD (23).E2E/2- 25- 2017 5- 14- 57 PM/Image 6,/kaggle/input/aether-oct5k-pilot/Images/Images_Manual/AMD Part1/AMD (23).E2E/2- 25- 2017 5- 14- 57 PM/Image 6.png,/kaggle/input/aether-oct5k-pilot/Masks/Masks_Manual/Grading_1/AMD Part1/AMD (23).E2E/2- 25- 2017 5- 14- 57 PM/Image 6.png,AMD Part1,train,f092b4b9c92ead1ba8f7c94aab0034a927a8558b93ff24f9f78ff6235078114b,073d2aff72e4e638032fcf0b6fd0c3dd3bfe53d35fdc5d892091a0257e795e16,0d7f1860cbe5c54c0ee871cd0140d1be56f16b16fee4933413d9d5b0e0eb3ab2
AMD Part1/AMD (34).E2E/2- 25- 2017 8- 59- 29 PM/Image 1,/kaggle/input/aether-oct5k-pilot/Images/Images_Manual/AMD Part1/AMD (34).E2E/2- 25- 2017 8- 59- 29 PM/Image 1.png,/kaggle/input/aether-oct5k-pilot/Masks/Masks_Manual/Grading_1/AMD Part1/AMD (34).E2E/2- 25- 2017 8- 59- 29 PM/Image 1.png,AMD Part1,train,ac42583a9bcce01aa742d34982772b5bfee1b1cc9bbce5c24f347230c3eebaee,c5ff8ae44e3c1a61e3faa951ad6bf41e813d439373a0a73c885d012cc018ffb1,62098e37eda095eb8b83c9a50b1e6152812c513b1678b1a6466bdc6059b23050
Normal Part1/Normal (14).E2E/2- 26- 2017 9- 26- 02 AM/Image 18,/kaggle/input/aether-oct5k-pilot/Images/Images_Manual/Normal Part1/Normal (14).E2E/2- 26- 2017 9- 26- 02 AM/Image 18.png,/kaggle/input/aether-oct5k-pilot/Masks/Masks_Manual/Grading_1/Normal Part1/Normal (14).E2E/2- 26- 2017 9- 26- 02 AM/Image 18.png,Normal Part1,train,d0a612029f475c9d4a5477cd1304387c28c650e73c17346e0118a0b4b739fea2,daa98af9282045140292fe9c2c111749fc8288f9f47a3b360352081329548ac0,7aff1ad6dbf22490de562302ed9604ba78ccb034371d6612469a1185f6fbcc31
AMD Part1/AMD (24).E2E/2- 25- 2017 5- 17- 27 PM/Image 10,/kaggle/input/aether-oct5k-pilot/Images/Images_Manual/AMD Part1/AMD (24).E2E/2- 25- 2017 5- 17- 27 PM/Image 10.png,/kaggle/input/aether-oct5k-pilot/Masks/Masks_Manual/Grading_1/AMD Part1/AMD (24).E2E/2- 25- 2017 5- 17- 27 PM/Image 10.png,AMD Part1,train,cf49c02b69adc4cd5cf7041792ecce01299673f1a9545013a59a6fc79ecf4207,99e8340628d599d8a3dd0e5617cbd2cfc04e85aafd249c2773a3806cb9f62367,b20b822d0ceb6bfd4141419611a4ea1a5c8602af26234cee27dc812282250b44
AMD Part1/AMD (8).E2E/2- 25- 2017 9- 21- 50 PM/Image 3,/kaggle/input/aether-oct5k-pilot/Images/Images_Manual/AMD Part1/AMD (8).E2E/2- 25- 2017 9- 21- 50 PM/Image 3.png,/kaggle/input/aether-oct5k-pilot/Masks/Masks_Manual/Grading_1/AMD Part1/AMD (8).E2E/2- 25- 2017 9- 21- 50 PM/Image 3.png,AMD Part1,train,d43d3c7546fae6ed389b0e906f034c824a9ffe2ba2374e40692be7f032035d11,b24d62075a98eb1f4fb852bdede0493168a165bb288acfc0929ba48e35b01596,dde5dccf2f17ca646bd8f3dcdedf41a2f5c9acd42493e08829433ba63c5102fb
Normal Part2/Normal (47).E2E/2- 26- 2017 10- 21- 43 AM/Image 46,/kaggle/input/aether-oct5k-pilot/Images/Images_Manual/Normal Part2/Normal (47).E2E/2- 26- 2017 10- 21- 43 AM/Image 46.png,/kaggle/input/aether-oct5k-pilot/Masks/Masks_Manual/Grading_1/Normal Part2/Normal (47).E2E/2- 26- 2017 10- 21- 43 AM/Image 46.png,Normal Part2,train,1aa06e113256bfe44c7ec213f53b6a889cc64718e5bf6fa32d4f9793b0f82096,92892a10e96eba7b185f60a2e1721bac0ebf4647a74a6a97ad8cfe5cd0131835,13d2eff3cc229dc07b2c2272eadb2d1182835c8b61d2305ed0c6ad7dd6e4d93d
AMD Part1/AMD (21).E2E/2- 25- 2017 5- 10- 29 PM/Image 42,/kaggle/input/aether-oct5k-pilot/Images/Images_Manual/AMD Part1/AMD (21).E2E/2- 25- 2017 5- 10- 29 PM/Image 42.png,/kaggle/input/aether-oct5k-pilot/Masks/Masks_Manual/Grading_1/AMD Part1/AMD (21).E2E/2- 25- 2017 5- 10- 29 PM/Image 42.png,AMD Part1,train,45d9cd243c32d0b6e4a92562c7c1d5f933dbc85f880e4b7ca63732e369f3c359,a287f7078a66edba827d1d95dc71bc55e3c26cbce86daecd11142b542d9b7373,19b2f197d6e4ea48601f078ad54bc67b1285a6f1ba6c4543246f7d9cd8eff7e9
Normal Part1/Normal (27).E2E/2- 26- 2017 9- 46- 33 AM/Image 7,/kaggle/input/aether-oct5k-pilot/Images/Images_Manual/Normal Part1/Normal (27).E2E/2- 26- 2017 9- 46- 33 AM/Image 7.png,/kaggle/input/aether-oct5k-pilot/Masks/Masks_Manual/Grading_1/Normal Part1/Normal (27).E2E/2- 26- 2017 9- 46- 33 AM/Image 7.png,Normal Part1,train,a90741e4d750980a36e2ebc7d5e52418e6c126a77145cec06324001356975fad,6c6afefa106475a58c5eb00926bf26016e8133fc85eaa16e0cf0c11276841228,19ebb37cf3370394b7c63e5c5db4471d6b1f9c3b3f6c9930192e491b9d31d641
DME/DME (7).E2E/2- 25- 2017 9- 42- 34 PM/Image 15,/kaggle/input/aether-oct5k-pilot/Images/Images_Manual/DME/DME (7).E2E/2- 25- 2017 9- 42- 34 PM/Image 15.png,/kaggle/input/aether-oct5k-pilot/Masks/Masks_Manual/Grading_1/DME/DME (7).E2E/2- 25- 2017 9- 42- 34 PM/Image 15.png,DME,train,569b8d1a00ac514f8b83da9335d906e2588ffd1fef30c6f4bc3cef925f215014,4cdf29e4f1134bea02af638a4eec39396e8161deceaf14d172d54fe5851975ee,cd003204597de2b0af7eb8fd85549c81f921514b3cba39d7d437abe76d286e60
AMD Part1/AMD (34).E2E/2- 25- 2017 8- 59- 29 PM/Image 20,/kaggle/input/aether-oct5k-pilot/Images/Images_Manual/AMD Part1/AMD (34).E2E/2- 25- 2017 8- 59- 29 PM/Image 20.png,/kaggle/input/aether-oct5k-pilot/Masks/Masks_Manual/Grading_1/AMD Part1/AMD (34).E2E/2- 25- 2017 8- 59- 29 PM/Image 20.png,AMD Part1,train,8380846dfe508090c0d11564a5b2c4b2795f37ad4f50c44d0b54c785a8ef43e8,01d2ca32bf31bfb3d84bcb665590fc0b3a9160d259f336e1c7fe6ec7bbb8a90a,41f1216ef2e489f9f25dc9ae683eff3d020ef173603bbca98442127cf1f02798
Normal Part1/Normal (7).E2E/2- 26- 2017 9- 14- 12 AM/Image 5,/kaggle/input/aether-oct5k-pilot/Images/Images_Manual/Normal Part1/Normal (7).E2E/2- 26- 2017 9- 14- 12 AM/Image 5.png,/kaggle/input/aether-oct5k-pilot/Masks/Masks_Manual/Grading_1/Normal Part1/Normal (7).E2E/2- 26- 2017 9- 14- 12 AM/Image 5.png,Normal Part1,train,749d59d1e7f5cbb202bfd18715e25054b5bc2bfc13c374ab5ef36d10ae8b97c3,6f9a716269fdd2808728046e9b1f22d6fe0b98cf8cdb9ffc807ec3ceaf4933d8,7382746ad7cbaa233bb774fc66ff72a5c1cbdff065cdef77c1d8ad75ccf5c73d
Normal Part2/Normal (38).E2E/2- 26- 2017 10- 06- 02 AM/Image 23,/kaggle/input/aether-oct5k-pilot/Images/Images_Manual/Normal Part2/Normal (38).E2E/2- 26- 2017 10- 06- 02 AM/Image 23.png,/kaggle/input/aether-oct5k-pilot/Masks/Masks_Manual/Grading_1/Normal Part2/Normal (38).E2E/2- 26- 2017 10- 06- 02 AM/Image 23.png,Normal Part2,train,8c88201e8c7995b67e5d7a0eced057be0828a8bc854170d8dc9de293c2d42621,a0ec4843042469a8944f8768193f1379e7110e48600c334ac66ce2bdecea65b7,45920819a8e1fb00ded220d0d78bf26899b3f24e041ec8bf1aba467ce52c37e2
AMD Part1/AMD (22).E2E/2- 25- 2017 5- 11- 45 PM/Image 33,/kaggle/input/aether-oct5k-pilot/Images/Images_Manual/AMD Part1/AMD (22).E2E/2- 25- 2017 5- 11- 45 PM/Image 33.png,/kaggle/input/aether-oct5k-pilot/Masks/Masks_Manual/Grading_1/AMD Part1/AMD (22).E2E/2- 25- 2017 5- 11- 45 PM/Image 33.png,AMD Part1,train,43117665ba41560c34f8e4a68d2a788d6db3fb7f2db3e476bf74065bcda42c78,00ea31ea1c3b1b9a6c56dc28db79f2e5ebccbb7fa79af4d028e3d4e5452817da,8165cb4a58c0cda6f503693916619a0186252e58045204596017d0683ee8502e
Normal Part1/Normal (15).E2E/2- 26- 2017 9- 28- 04 AM/Image 14,/kaggle/input/aether-oct5k-pilot/Images/Images_Manual/Normal Part1/Normal (15).E2E/2- 26- 2017 9- 28- 04 AM/Image 14.png,/kaggle/input/aether-oct5k-pilot/Masks/Masks_Manual/Grading_1/Normal Part1/Normal (15).E2E/2- 26- 2017 9- 28- 04 AM/Image 14.png,Normal Part1,train,d95117ddb77c16dc805ca3db594ee1a45e19c33a7a093b68a09673707d964c57,f6d500b5485ff832bf1d4800e1cde4f31cc51c80c7a04d0015ef6675cea22c86,9378dca9fa7cb73dac998226b12fc00287ca99df93a68dee468656fd814b8538
Normal Part1/Normal (6).E2E/2- 26- 2017 9- 12- 11 AM/Image 14,/kaggle/input/aether-oct5k-pilot/Images/Images_Manual/Normal Part1/Normal (6).E2E/2- 26- 2017 9- 12- 11 AM/Image 14.png,/kaggle/input/aether-oct5k-pilot/Masks/Masks_Manual/Grading_1/Normal Part1/Normal (6).E2E/2- 26- 2017 9- 12- 11 AM/Image 14.png,Normal Part1,train,31dbad7d8b1cd5663181f5c42b0a420ad420b8426dce6a3f7eb009ea6ff16a56,10a0deb9d6eebf261c515eadb89616e4f4e9a7401b488b6c0cdbbc2ccdb17c94,6c7d85070b4ba8d5848b5c3a4563ed4a1b2dad8ed5a6f1ac0bf0406354bf7b1f
Normal Part2/Normal (36).E2E/2- 26- 2017 10- 04- 18 AM/Image 1,/kaggle/input/aether-oct5k-pilot/Images/Images_Manual/Normal Part2/Normal (36).E2E/2- 26- 2017 10- 04- 18 AM/Image 1.png,/kaggle/input/aether-oct5k-pilot/Masks/Masks_Manual/Grading_1/Normal Part2/Normal (36).E2E/2- 26- 2017 10- 04- 18 AM/Image 1.png,Normal Part2,train,a0c4457dc454a4980083ccaeef89d0faa7dfeb3ef2b5c64690934719550fb741,b33394dd5f661f66a389a55703394dd75dec29682885f90b7b887c392449dc6e,4f03b60452854aa772432e4452302a54318468e471b398339a2f28475b4aeae9
AMD Part1/AMD (26).E2E/2- 25- 2017 5- 23- 01 PM/Image 11,/kaggle/input/aether-oct5k-pilot/Images/Images_Manual/AMD Part1/AMD (26).E2E/2- 25- 2017 5- 23- 01 PM/Image 11.png,/kaggle/input/aether-oct5k-pilot/Masks/Masks_Manual/Grading_1/AMD Part1/AMD (26).E2E/2- 25- 2017 5- 23- 01 PM/Image 11.png,AMD Part1,train,3b7b2d868c166ba0ef28de78c7227e156a22b5e1b5d1ce7da0dd277020ea426e,c612d9d6486d5e6a1dd6fa6983732544ad9fe38aedb62d3e9fc25fcc25614aa1,e30ad7cb1e491de337281831f7c8b5044d0e1a4ec8f7c601efe2ef84cabbb351
AMD Part1/AMD (13).E2E/2- 25- 2017 4- 48- 43 PM/Image 6,/kaggle/input/aether-oct5k-pilot/Images/Images_Manual/AMD Part1/AMD (13).E2E/2- 25- 2017 4- 48- 43 PM/Image 6.png,/kaggle/input/aether-oct5k-pilot/Masks/Masks_Manual/Grading_1/AMD Part1/AMD (13).E2E/2- 25- 2017 4- 48- 43 PM/Image 6.png,AMD Part1,train,f1663392243dc46e56cffcd8371ff76a6c80dfc8982b6ca9302a425d89207f3a,26a8899401766193daf8425f942b6e0381320eaf5f01b7719f2928c98093c43e,82eb2ea0699fc31685abc85635a4f8e0f2a1c4ca7d0cc3fe79ed9be5794d3381
AMD Part1/AMD (22).E2E/2- 25- 2017 5- 11- 45 PM/Image 18,/kaggle/input/aether-oct5k-pilot/Images/Images_Manual/AMD Part1/AMD (22).E2E/2- 25- 2017 5- 11- 45 PM/Image 18.png,/kaggle/input/aether-oct5k-pilot/Masks/Masks_Manual/Grading_1/AMD Part1/AMD (22).E2E/2- 25- 2017 5- 11- 45 PM/Image 18.png,AMD Part1,train,6efcc556a223a55c9a2016743686d40dcf3619e6141feac427a2aaf34102905b,2f201edcbf482d6c2d9b5a490af73a19f6196fbc5f5f9299e019e95a5a938018,18cd9c81bf5b4fc9ec3e20f1c8de3fe816f47820d2e5968bc7a63603a8dbc724
Normal Part1/Normal (27).E2E/2- 26- 2017 9- 46- 33 AM/Image 10,/kaggle/input/aether-oct5k-pilot/Images/Images_Manual/Normal Part1/Normal (27).E2E/2- 26- 2017 9- 46- 33 AM/Image 10.png,/kaggle/input/aether-oct5k-pilot/Masks/Masks_Manual/Grading_1/Normal Part1/Normal (27).E2E/2- 26- 2017 9- 46- 33 AM/Image 10.png,Normal Part1,train,dd9cb6cb7e91a793d5b6a5791c0a2356b2f4e224e8d592b9a0582feffee4ed5f,46fc5eae532e9134b77169240fddd3b6c2999281c04c8037c758bee544b041a5,f0120e9a2c76d50c1826a7fac49c2b46f7c652d891b39fa9e567923080c9fd44
AMD Part1/AMD (26).E2E/2- 25- 2017 5- 23- 01 PM/Image 3,/kaggle/input/aether-oct5k-pilot/Images/Images_Manual/AMD Part1/AMD (26).E2E/2- 25- 2017 5- 23- 01 PM/Image 3.png,/kaggle/input/aether-oct5k-pilot/Masks/Masks_Manual/Grading_1/AMD Part1/AMD (26).E2E/2- 25- 2017 5- 23- 01 PM/Image 3.png,AMD Part1,train,0494ee88095897d71c5ba9e90c7ec24d9ead119beb159a4876a62dcff47e3898,8eddc453ffff8dda5da818914e0826c2bdfd9a160cf567e42d6269a8f653aa9f,bb1939dfa01944510704d1834378b83c1a643d511d154249cc63986d03264141
Normal Part2/Normal (36).E2E/2- 26- 2017 10- 04- 18 AM/Image 17,/kaggle/input/aether-oct5k-pilot/Images/Images_Manual/Normal Part2/Normal (36).E2E/2- 26- 2017 10- 04- 18 AM/Image 17.png,/kaggle/input/aether-oct5k-pilot/Masks/Masks_Manual/Grading_1/Normal Part2/Normal (36).E2E/2- 26- 2017 10- 04- 18 AM/Image 17.png,Normal Part2,train,5e135c3532595afe1378071cfec5d586106020da2dadfdb2f08002efb6e4b127,4505e32dd4756bfa357c266d23359ea6a6077e74d88a638bb227f71bb92f9e67,b28b880f097fbdaa710677f4c50160f07346bdc35fbb410629066d547f7a131f
Normal Part2/Normal (37).E2E/2- 26- 2017 10- 05- 11 AM/Image 23,/kaggle/input/aether-oct5k-pilot/Images/Images_Manual/Normal Part2/Normal (37).E2E/2- 26- 2017 10- 05- 11 AM/Image 23.png,/kaggle/input/aether-oct5k-pilot/Masks/Masks_Manual/Grading_1/Normal Part2/Normal (37).E2E/2- 26- 2017 10- 05- 11 AM/Image 23.png,Normal Part2,train,8eead6c776936692f6e3c67097516680b46919f9ae22b59cb521da60cbbc2727,b68d4b31ca6206b9484e8383909c19762227f8619d97def0b360d8d99811c046,1acbe042f5875b350126c551d435902517ba849b3d2f54baf15f15ecdbe1a5b6
AMD Part1/AMD (3).E2E/2- 25- 2017 9- 13- 55 PM/Image 1,/kaggle/input/aether-oct5k-pilot/Images/Images_Manual/AMD Part1/AMD (3).E2E/2- 25- 2017 9- 13- 55 PM/Image 1.png,/kaggle/input/aether-oct5k-pilot/Masks/Masks_Manual/Grading_1/AMD Part1/AMD (3).E2E/2- 25- 2017 9- 13- 55 PM/Image 1.png,AMD Part1,train,8c7f672baa350ab89e5a42f4f4024adda251d57aa7da97f94092af8444fb73fd,8fd3f150dd02456277bae7e3d7d1642c5cfc972179c873891376fd42c7ba2b6a,19bf9e899ce54d1b77a441b4edd2ebf6b9505cc31faebd926cf6f9ea2ae8f91f
AMD Part1/AMD (34).E2E/2- 25- 2017 8- 59- 29 PM/Image 23,/kaggle/input/aether-oct5k-pilot/Images/Images_Manual/AMD Part1/AMD (34).E2E/2- 25- 2017 8- 59- 29 PM/Image 23.png,/kaggle/input/aether-oct5k-pilot/Masks/Masks_Manual/Grading_1/AMD Part1/AMD (34).E2E/2- 25- 2017 8- 59- 29 PM/Image 23.png,AMD Part1,train,5455ecbd9c9f9d9262235ce220e82212e670a29c4f1c7d6e4c25f5c52386d8e3,b8490ee42a9b915f711f3354ba8808b4d90793998031ce221672771dd9b1fbff,6f30066befdf8991b6ca2831f60a90c59817dbf0989ec0c0e3f67da03ecd814c
DME/DME (14).E2E/2- 25- 2017 9- 51- 49 PM/Image 10,/kaggle/input/aether-oct5k-pilot/Images/Images_Manual/DME/DME (14).E2E/2- 25- 2017 9- 51- 49 PM/Image 10.png,/kaggle/input/aether-oct5k-pilot/Masks/Masks_Manual/Grading_1/DME/DME (14).E2E/2- 25- 2017 9- 51- 49 PM/Image 10.png,DME,train,fb2433fdb03433aad8a9c731653f5fc7e73fe31462dd978b3504dcf417f916f3,8ff832fe876815f5fa9d7a428d7dfaf9a4cc2ad1a481e07afd7520e2919812f2,7ff2bebffec16e7951f141020d74eb3338c0e8d9a7c558ebc5f061f09c446021
AMD Part1/AMD (1).E2E/2- 25- 2017 9- 10- 42 PM/Image 17,/kaggle/input/aether-oct5k-pilot/Images/Images_Manual/AMD Part1/AMD (1).E2E/2- 25- 2017 9- 10- 42 PM/Image 17.png,/kaggle/input/aether-oct5k-pilot/Masks/Masks_Manual/Grading_1/AMD Part1/AMD (1).E2E/2- 25- 2017 9- 10- 42 PM/Image 17.png,AMD Part1,train,74c739b3ec1059f1ef71fc3d304f8edb268adf24ced1bfe135a157d4a4a9468f,9219efb3e02d058a1d75937b644d4ee21c432e0e415749903bb4c82248072213,e15a174724ea705be7f23c14d7850d0c07e5e5cf24d102485395876e8f6ec926
DME/DME (17).E2E/2- 25- 2017 9- 55- 34 PM/Image 5,/kaggle/input/aether-oct5k-pilot/Images/Images_Manual/DME/DME (17).E2E/2- 25- 2017 9- 55- 34 PM/Image 5.png,/kaggle/input/aether-oct5k-pilot/Masks/Masks_Manual/Grading_1/DME/DME (17).E2E/2- 25- 2017 9- 55- 34 PM/Image 5.png,DME,train,bad17a1164a896fa7220da213525ca5b4a6f86f4596ffe34775418aebe9a9e2c,67d3aa38ae68252277c9788db2d63a94448ff5cea5d7f83a7c4e2e10c7f0316e,731df3ddfbf00ad0d95934ca14d026065e5e5335f3ae30da4dd08c8f5548370b
AMD Part1/AMD (1).E2E/2- 25- 2017 9- 10- 42 PM/Image 21,/kaggle/input/aether-oct5k-pilot/Images/Images_Manual/AMD Part1/AMD (1).E2E/2- 25- 2017 9- 10- 42 PM/Image 21.png,/kaggle/input/aether-oct5k-pilot/Masks/Masks_Manual/Grading_1/AMD Part1/AMD (1).E2E/2- 25- 2017 9- 10- 42 PM/Image 21.png,AMD Part1,train,1c56d37c411ef5cd585a95b16679ed51966c0fddf86b11039471d4f9c3145406,88f298ede36440cf939fe4c1eeb729507bb5334a11f5e857f53b579f75b65889,c4f9eb60144f4c868dbe6f9f8eee0b66766b972f9f86b26aa081db4e1b1e7edc
AMD Part1/AMD (35).E2E/2- 25- 2017 9- 00- 52 PM/Image 9,/kaggle/input/aether-oct5k-pilot/Images/Images_Manual/AMD Part1/AMD (35).E2E/2- 25- 2017 9- 00- 52 PM/Image 9.png,/kaggle/input/aether-oct5k-pilot/Masks/Masks_Manual/Grading_1/AMD Part1/AMD (35).E2E/2- 25- 2017 9- 00- 52 PM/Image 9.png,AMD Part1,train,903377aa05794d2c7c2c0522af906caab46a68e3d1c053624faab08b6de8c6da,4a0813e165af1ba7f73e2e5ee13959fc7b1ed6c3c9730e39116c3c2709704028,82cad63c33db255110d547cfebc423606ddee4f3cb122a444bb21762bcc7b216
AMD Part2/AMD (48).E2E/2- 25- 2017 4- 42- 21 PM/Image 16,/kaggle/input/aether-oct5k-pilot/Images/Images_Manual/AMD Part2/AMD (48).E2E/2- 25- 2017 4- 42- 21 PM/Image 16.png,/kaggle/input/aether-oct5k-pilot/Masks/Masks_Manual/Grading_1/AMD Part2/AMD (48).E2E/2- 25- 2017 4- 42- 21 PM/Image 16.png,AMD Part2,train,1ad6647f3d045b82db1f7c224fd34fb77969e5b76f0a80b66ea98dfde0cc0700,742ca45655cf0b89d82a0c31b08498fda12b25ecc94ec309ef92308e4e5beebb,78bdff2f62ff16820712d8a48288377e357fb5a344fb252127fd2330aae0988f
Normal Part2/Normal (49).E2E/2- 26- 2017 10- 23- 58 AM/Image 23,/kaggle/input/aether-oct5k-pilot/Images/Images_Manual/Normal Part2/Normal (49).E2E/2- 26- 2017 10- 23- 58 AM/Image 23.png,/kaggle/input/aether-oct5k-pilot/Masks/Masks_Manual/Grading_1/Normal Part2/Normal (49).E2E/2- 26- 2017 10- 23- 58 AM/Image 23.png,Normal Part2,train,c6e5cdf94d292f7691070d48b0d6323f5ca3d4c795f1fe65c97060ca784f19fa,48ff54659fba3321dd4af223850188fbd3b6df70ea18a42035fcca92011ff84e,98fdc73807a03068c6974adc285f0962235e1681c0645b274dacc72bfa9518a0
DME/DME (33).E2E/2- 25- 2017 10- 21- 00 PM/Image 1,/kaggle/input/aether-oct5k-pilot/Images/Images_Manual/DME/DME (33).E2E/2- 25- 2017 10- 21- 00 PM/Image 1.png,/kaggle/input/aether-oct5k-pilot/Masks/Masks_Manual/Grading_1/DME/DME (33).E2E/2- 25- 2017 10- 21- 00 PM/Image 1.png,DME,train,2e80f92f19d154adf577dbc2e9b5ffaec170c3d46feb96c97eef88c3f66630ed,7a80a6eebabd17d024d95022bcad45c020dc58a555cb0384d731676df363ab17,e26f3b9dc4c080aa99a9dfc4fdfd592e50cd2840ca2c8beea0eb1d641be3654d
AMD Part1/AMD (28).E2E/2- 25- 2017 8- 37- 13 PM/Image 13,/kaggle/input/aether-oct5k-pilot/Images/Images_Manual/AMD Part1/AMD (28).E2E/2- 25- 2017 8- 37- 13 PM/Image 13.png,/kaggle/input/aether-oct5k-pilot/Masks/Masks_Manual/Grading_1/AMD Part1/AMD (28).E2E/2- 25- 2017 8- 37- 13 PM/Image 13.png,AMD Part1,train,0f3c8739ebe1b45846cf7620f81872924738e059728cac410e9f5ebd5a996fd6,0bd317994711c8be6873ae1cdf1014476f71e690ec50527b8f93eac6a8e6080f,637635869666eaddb8234325b01d2106aea1e2b770beb49acbf61fd4313d2f4f
AMD Part1/AMD (24).E2E/2- 25- 2017 5- 17- 27 PM/Image 50,/kaggle/input/aether-oct5k-pilot/Images/Images_Manual/AMD Part1/AMD (24).E2E/2- 25- 2017 5- 17- 27 PM/Image 50.png,/kaggle/input/aether-oct5k-pilot/Masks/Masks_Manual/Grading_1/AMD Part1/AMD (24).E2E/2- 25- 2017 5- 17- 27 PM/Image 50.png,AMD Part1,train,55b05967515c680ca11274845e9fd78b80b054b16d299fefb8669ad420d5dd31,307b6d6575c3ec51f38da4be604f7bf8f0f0d7c73d2e51deb728ea4ca24a13a2,b6c2f2113f621df897c0a6a49aae31c57dc4c15651f39da7f27c8432ff238cc6
AMD Part1/AMD (23).E2E/2- 25- 2017 5- 14- 57 PM/Image 47,/kaggle/input/aether-oct5k-pilot/Images/Images_Manual/AMD Part1/AMD (23).E2E/2- 25- 2017 5- 14- 57 PM/Image 47.png,/kaggle/input/aether-oct5k-pilot/Masks/Masks_Manual/Grading_1/AMD Part1/AMD (23).E2E/2- 25- 2017 5- 14- 57 PM/Image 47.png,AMD Part1,train,7c64bedd563a13c1d4c25e8405d02ed1a8307d9472960c9aa272167f00e1dc51,0d16263471111834d673813438293f99e173b7228fcc3b05981eaf8a8881ce60,d35bc2a46d92987bbabede8a3a34d52c6e7b2fa04c1168c93d44095b90d63ed9
AMD Part1/AMD (13).E2E/2- 25- 2017 4- 48- 43 PM/Image 54,/kaggle/input/aether-oct5k-pilot/Images/Images_Manual/AMD Part1/AMD (13).E2E/2- 25- 2017 4- 48- 43 PM/Image 54.png,/kaggle/input/aether-oct5k-pilot/Masks/Masks_Manual/Grading_1/AMD Part1/AMD (13).E2E/2- 25- 2017 4- 48- 43 PM/Image 54.png,AMD Part1,train,2cb06b14c28e1428b5159941fc40e35845894497e104f3914a1223fe8b8d0f99,b9d6ab0fbb928c1054aeb73472066d00aa6650f7c7d1f453d22d239993560cef,acd2e06520916c1c2388abdd72627229627bcbfa8d1d6c85730c6e9f91202d9b
AMD Part1/AMD (22).E2E/2- 25- 2017 5- 11- 45 PM/Image 26,/kaggle/input/aether-oct5k-pilot/Images/Images_Manual/AMD Part1/AMD (22).E2E/2- 25- 2017 5- 11- 45 PM/Image 26.png,/kaggle/input/aether-oct5k-pilot/Masks/Masks_Manual/Grading_1/AMD Part1/AMD (22).E2E/2- 25- 2017 5- 11- 45 PM/Image 26.png,AMD Part1,train,65d01c0191c934d1e30970e90ea63806043b981aa2ae5acbc63925d068d92924,aaef76e29289e97f82ee1dfe0601c906da76d15b4ec74a8f194e27a56af5a771,fd017bd3bc40cad05efacfe4c462a3da201711a36ead2193e6b016a798493b7f
AMD Part1/AMD (26).E2E/2- 25- 2017 5- 23- 01 PM/Image 50,/kaggle/input/aether-oct5k-pilot/Images/Images_Manual/AMD Part1/AMD (26).E2E/2- 25- 2017 5- 23- 01 PM/Image 50.png,/kaggle/input/aether-oct5k-pilot/Masks/Masks_Manual/Grading_1/AMD Part1/AMD (26).E2E/2- 25- 2017 5- 23- 01 PM/Image 50.png,AMD Part1,train,97d95614f09df8956cb97562310c51af47875859d6d569d142a996c44704f37c,c5d3166a2ae1eff74480ba24d8ce305fa581421fe29a6bcc2d3886ec3e6e9f3d,1a238c50d58a95a099e10ae01d557b71ca9b12309f2040f055d14641966e9efc
Normal Part1/Normal (26).E2E/2- 26- 2017 9- 44- 13 AM/Image 20,/kaggle/input/aether-oct5k-pilot/Images/Images_Manual/Normal Part1/Normal (26).E2E/2- 26- 2017 9- 44- 13 AM/Image 20.png,/kaggle/input/aether-oct5k-pilot/Masks/Masks_Manual/Grading_1/Normal Part1/Normal (26).E2E/2- 26- 2017 9- 44- 13 AM/Image 20.png,Normal Part1,train,4bb0b2f1d71129c3ff001bf99479603e9432a2dcc0e2a0bfe85477e3d888262a,903a1bc5e48d1621b8fd447ebfdde03ab36122b9295cee5eaf98031fe07ee101,bb881b6615b6e3dda473fbe07c6c9397c3e124994f8dd8679e8b02f76a4753ce
Normal Part1/Normal (7).E2E/2- 26- 2017 9- 14- 12 AM/Image 12,/kaggle/input/aether-oct5k-pilot/Images/Images_Manual/Normal Part1/Normal (7).E2E/2- 26- 2017 9- 14- 12 AM/Image 12.png,/kaggle/input/aether-oct5k-pilot/Masks/Masks_Manual/Grading_1/Normal Part1/Normal (7).E2E/2- 26- 2017 9- 14- 12 AM/Image 12.png,Normal Part1,train,83015c81fc36541a06a2e9c4a0ee108e0dce89128d19e115e85fb329e49b16e3,2664daa9886fc28d5089d735b1a060eb702e90936f2aec75b2d08d0c07f65b1c,071d642b2d3866b1eed0ede43b2cc686dc6a56f44b292b3680cce59000f6d633
AMD Part1/AMD (22).E2E/2- 25- 2017 5- 11- 45 PM/Image 22,/kaggle/input/aether-oct5k-pilot/Images/Images_Manual/AMD Part1/AMD (22).E2E/2- 25- 2017 5- 11- 45 PM/Image 22.png,/kaggle/input/aether-oct5k-pilot/Masks/Masks_Manual/Grading_1/AMD Part1/AMD (22).E2E/2- 25- 2017 5- 11- 45 PM/Image 22.png,AMD Part1,train,0da10e4c8aea4f40657cc380b92931c0498684267cfc8826e9f3dd2e0d3b552d,f1b2c2022f840cbc893518c37b02f52e27d0d35913eff52a47a80acda7b71cee,bbfedcb4e5cce458e4ec61e19ba00b1fef250eeae0aef1179acb4e86bc2f18fe
DME/DME (22).E2E/2- 25- 2017 10- 03- 04 PM/Image 14,/kaggle/input/aether-oct5k-pilot/Images/Images_Manual/DME/DME (22).E2E/2- 25- 2017 10- 03- 04 PM/Image 14.png,/kaggle/input/aether-oct5k-pilot/Masks/Masks_Manual/Grading_1/DME/DME (22).E2E/2- 25- 2017 10- 03- 04 PM/Image 14.png,DME,train,40ae62a00b8f4aedd9bd8e3557b4088a4e19c7640e9a5cd7f036db0d665b0280,7ff910e749fcde74ebc512258dbc6a789a5fa2f8d0f380f1904a3bc84fd75950,44d86b237d904ab82be85a3a0b75e80eeb6c33b5f1a258fc1e13c3f19b402bd3
Normal Part1/Normal (6).E2E/2- 26- 2017 9- 12- 11 AM/Image 12,/kaggle/input/aether-oct5k-pilot/Images/Images_Manual/Normal Part1/Normal (6).E2E/2- 26- 2017 9- 12- 11 AM/Image 12.png,/kaggle/input/aether-oct5k-pilot/Masks/Masks_Manual/Grading_1/Normal Part1/Normal (6).E2E/2- 26- 2017 9- 12- 11 AM/Image 12.png,Normal Part1,train,92df62a141ff8d0355864826f8596b7f8399f230f84c6e5a1c9efb0683c1fb2d,fb4ae257e5df2cb2b01bae530f9218061741918b870d47e43937fdcc8f016c1c,df9b3e6d9a2d92a6a449a16f5f9bf7a239c0f280387a0b8e6b418e39b5200207
Normal Part1/Normal (12).E2E/2- 26- 2017 9- 23- 28 AM/Image 26,/kaggle/input/aether-oct5k-pilot/Images/Images_Manual/Normal Part1/Normal (12).E2E/2- 26- 2017 9- 23- 28 AM/Image 26.png,/kaggle/input/aether-oct5k-pilot/Masks/Masks_Manual/Grading_1/Normal Part1/Normal (12).E2E/2- 26- 2017 9- 23- 28 AM/Image 26.png,Normal Part1,train,bc5542bd887b1a731d549779a19d356a59f80a86d8993527f2a32df376942242,0a4c9f5faf3d41080e2ef9a850a06fcea629800867bdce1628b48fbf60b4a3ee,03e05453cca4e2bf3f231fe7e81887666f0631c341ee3261e994d7204d36403e
AMD Part1/AMD (13).E2E/2- 25- 2017 4- 48- 43 PM/Image 57,/kaggle/input/aether-oct5k-pilot/Images/Images_Manual/AMD Part1/AMD (13).E2E/2- 25- 2017 4- 48- 43 PM/Image 57.png,/kaggle/input/aether-oct5k-pilot/Masks/Masks_Manual/Grading_1/AMD Part1/AMD (13).E2E/2- 25- 2017 4- 48- 43 PM/Image 57.png,AMD Part1,train,dc6cf9cc390a72458dd52655bc1c071922c2be73f7ad90f6360cc4e60bf49411,3d24f92c8fdba6e6013b1b61ff4fb486c5cbd4a3f6e731c6436c0a32a9ac9ba2,17e5133dfdfea0ebb73a465dc32311ed31dfd9b529460ba6edcc09179991560e
Normal Part2/Normal (49).E2E/2- 26- 2017 10- 23- 58 AM/Image 17,/kaggle/input/aether-oct5k-pilot/Images/Images_Manual/Normal Part2/Normal (49).E2E/2- 26- 2017 10- 23- 58 AM/Image 17.png,/kaggle/input/aether-oct5k-pilot/Masks/Masks_Manual/Grading_1/Normal Part2/Normal (49).E2E/2- 26- 2017 10- 23- 58 AM/Image 17.png,Normal Part2,train,cc1e0ac4efe42322def522c88a2e232b9e3f53199b40f0f0ce73f7f1d566bdcd,29c4039d0bcb458597d7c6292eeb2e8bd289374fd0d203cad6090f57bb3ae25e,adb3ade203b8a5175e3b4c826b41fbf622650693a94be0554c1961351d168747
DME/DME (17).E2E/2- 25- 2017 9- 55- 34 PM/Image 16,/kaggle/input/aether-oct5k-pilot/Images/Images_Manual/DME/DME (17).E2E/2- 25- 2017 9- 55- 34 PM/Image 16.png,/kaggle/input/aether-oct5k-pilot/Masks/Masks_Manual/Grading_1/DME/DME (17).E2E/2- 25- 2017 9- 55- 34 PM/Image 16.png,DME,train,b3966663f6839e461bc9e2ffbd6d915e77cce6fa300b3eaf1ccdc04ed5d135e4,cfbb207ad8b677b21e2aedfbb42417452ec3574d11f17f977e8e9006126cf7aa,ab4a19660dfc308aaa4b8aeb9ff69dbf2cd5b52ed2622d1a3259a281da91995f
Normal Part1/Normal (12).E2E/2- 26- 2017 9- 23- 28 AM/Image 6,/kaggle/input/aether-oct5k-pilot/Images/Images_Manual/Normal Part1/Normal (12).E2E/2- 26- 2017 9- 23- 28 AM/Image 6.png,/kaggle/input/aether-oct5k-pilot/Masks/Masks_Manual/Grading_1/Normal Part1/Normal (12).E2E/2- 26- 2017 9- 23- 28 AM/Image 6.png,Normal Part1,train,5d2f236ee5217ba0a34b3408bbd35db7fc5b8b7ea790678279c506294e270d75,188e3c3033da79786402694d2d1973b727442a243588199232b964093c14178e,e090ed523b189b976c521dca73a26edfaa36c16a6a82aa44e13ef5641c4894fe
AMD Part1/AMD (23).E2E/2- 25- 2017 5- 14- 57 PM/Image 29,/kaggle/input/aether-oct5k-pilot/Images/Images_Manual/AMD Part1/AMD (23).E2E/2- 25- 2017 5- 14- 57 PM/Image 29.png,/kaggle/input/aether-oct5k-pilot/Masks/Masks_Manual/Grading_1/AMD Part1/AMD (23).E2E/2- 25- 2017 5- 14- 57 PM/Image 29.png,AMD Part1,train,2135ef369b35fe1ca188e42a4098323630792104f00415abd08513c5289c5eb6,7444c5d40ceafe29ac17aaec6cfb52966fac83db95c5746890b4fd8c2cdda8a8,4875cc22b4696a1eb2b0be92023f874942cc522820e6cd92ec96a570a613233e
DME/DME (37).E2E/2- 25- 2017 10- 26- 30 PM/Image 15,/kaggle/input/aether-oct5k-pilot/Images/Images_Manual/DME/DME (37).E2E/2- 25- 2017 10- 26- 30 PM/Image 15.png,/kaggle/input/aether-oct5k-pilot/Masks/Masks_Manual/Grading_1/DME/DME (37).E2E/2- 25- 2017 10- 26- 30 PM/Image 15.png,DME,train,26422590f32d12b2be53a67a97993850f58c5a3461cdf03c1e85d0671ea628fb,8bd4d50ce1599df8e276d2c8cddd96e6011015be708123179f317c56604c7faa,ada989fce6a17c41887d58eb379497d2130213126e62bafc8d52ae85f222fa0a
AMD Part2/AMD (48).E2E/2- 25- 2017 4- 42- 21 PM/Image 11,/kaggle/input/aether-oct5k-pilot/Images/Images_Manual/AMD Part2/AMD (48).E2E/2- 25- 2017 4- 42- 21 PM/Image 11.png,/kaggle/input/aether-oct5k-pilot/Masks/Masks_Manual/Grading_1/AMD Part2/AMD (48).E2E/2- 25- 2017 4- 42- 21 PM/Image 11.png,AMD Part2,train,164a1c98992c78680bd9c3306c811b652bfa98a96ae42c37e81c271f98d430a6,b9f0f7cdb65269c5300b8e7cc1ac94b86f45df0afa6a91d068284bbce7ba5f83,f3446b36ccf409b029c726c1d57edbe1664df18cb6d0cd1f85cdf424a1c9ad1c
Normal Part1/Normal (25).E2E/2- 26- 2017 9- 42- 47 AM/Image 60,/kaggle/input/aether-oct5k-pilot/Images/Images_Manual/Normal Part1/Normal (25).E2E/2- 26- 2017 9- 42- 47 AM/Image 60.png,/kaggle/input/aether-oct5k-pilot/Masks/Masks_Manual/Grading_1/Normal Part1/Normal (25).E2E/2- 26- 2017 9- 42- 47 AM/Image 60.png,Normal Part1,train,9c9ad38708401a2251fa9966035bd18851d07ec35f1fbf95afbfa9f7098350b7,4332f1ce43226c83f356dc16bbde67ce8b8013edb4fac8e13ccf935487a45ea4,e98a7c121f82cdb33e9a0169242f04aa00b9f4c1196501459172a235ef9bce2d
AMD Part1/AMD (22).E2E/2- 25- 2017 5- 11- 45 PM/Image 56,/kaggle/input/aether-oct5k-pilot/Images/Images_Manual/AMD Part1/AMD (22).E2E/2- 25- 2017 5- 11- 45 PM/Image 56.png,/kaggle/input/aether-oct5k-pilot/Masks/Masks_Manual/Grading_1/AMD Part1/AMD (22).E2E/2- 25- 2017 5- 11- 45 PM/Image 56.png,AMD Part1,train,67129d3a71e673268b1e6748a1dbb090cb1be57b64498adb8f4cd3c47d9594f3,519395b29e3d337b7000638ccfb07fcc5b905f60010e7e2938d78fffc643e470,01ec7aa7e86cfc3d6a26ea6f18598da0c17464d812147f3152584d11e1ae7c11
AMD Part1/AMD (29).E2E/2- 25- 2017 8- 39- 05 PM/Image 6,/kaggle/input/aether-oct5k-pilot/Images/Images_Manual/AMD Part1/AMD (29).E2E/2- 25- 2017 8- 39- 05 PM/Image 6.png,/kaggle/input/aether-oct5k-pilot/Masks/Masks_Manual/Grading_1/AMD Part1/AMD (29).E2E/2- 25- 2017 8- 39- 05 PM/Image 6.png,AMD Part1,train,73d4197c7319430f17682dc59967f2712ed9e54465269e115193ec2b255a0705,7baf012f73fbee784a95ccfd6198fd0d820d4fa46b01bed27297b25d3ca5d585,ae20628f388b113c3e3206787ed4d4ae94ff0af11a87678c2d102a0b79ff9166
AMD Part1/AMD (23).E2E/2- 25- 2017 5- 14- 57 PM/Image 9,/kaggle/input/aether-oct5k-pilot/Images/Images_Manual/AMD Part1/AMD (23).E2E/2- 25- 2017 5- 14- 57 PM/Image 9.png,/kaggle/input/aether-oct5k-pilot/Masks/Masks_Manual/Grading_1/AMD Part1/AMD (23).E2E/2- 25- 2017 5- 14- 57 PM/Image 9.png,AMD Part1,train,79586079df69e11d0ec5593605b26d7491c0e61f44094a1cfcbe4a4c91a82122,3c5424a3b4ccc8be6bc0c0e59b258c6d7fd919a8bb6c081c09facea17a88f241,a4fd37c578bdab1247e179963c1694c4a1a3c335e9e851d9277a7b9fc312fa86
AMD Part1/AMD (11).E2E/2- 25- 2017 4- 44- 26 PM/Image 19,/kaggle/input/aether-oct5k-pilot/Images/Images_Manual/AMD Part1/AMD (11).E2E/2- 25- 2017 4- 44- 26 PM/Image 19.png,/kaggle/input/aether-oct5k-pilot/Masks/Masks_Manual/Grading_1/AMD Part1/AMD (11).E2E/2- 25- 2017 4- 44- 26 PM/Image 19.png,AMD Part1,train,8e31aee58aa705b82b5e09d85f1c0b3dafb6829a4b9b85758bb3180ccabf7983,c618bb6bfe172996a9001e701148d327d54211f35f6d09566bcb338523496c0b,0b6f0e6e1524ffc99f48945a07d8edfcd80e51ecb852d4af5094245803dcfc3e
DME/DME (11).E2E/2- 25- 2017 9- 47- 31 PM/Image 15,/kaggle/input/aether-oct5k-pilot/Images/Images_Manual/DME/DME (11).E2E/2- 25- 2017 9- 47- 31 PM/Image 15.png,/kaggle/input/aether-oct5k-pilot/Masks/Masks_Manual/Grading_1/DME/DME (11).E2E/2- 25- 2017 9- 47- 31 PM/Image 15.png,DME,train,5d8c9ada2e4febc3608eae2672619b16797d927ce676e47784f96112cb64c95b,ac6a4bc7697b6f9b0e97ed6d96d82cbb23877a343898603c19987d3a29ca82ec,4a10b676cca9409a334509a84f69a880b1a04ba64cbbfadb155cdcbdae96c9e3
AMD Part1/AMD (26).E2E/2- 25- 2017 5- 23- 01 PM/Image 56,/kaggle/input/aether-oct5k-pilot/Images/Images_Manual/AMD Part1/AMD (26).E2E/2- 25- 2017 5- 23- 01 PM/Image 56.png,/kaggle/input/aether-oct5k-pilot/Masks/Masks_Manual/Grading_1/AMD Part1/AMD (26).E2E/2- 25- 2017 5- 23- 01 PM/Image 56.png,AMD Part1,train,8f889cea14ef68a5106e710e343be47bcf3b897ddc2d42012044589d7347fbf9,c6ad1ca75cf4d7d04477a14f9a6d9adc8fa04134e46ae6949ebb219c839f70ff,8f61783736ee9723c8087010507a55651d67ef343333ad44b6ce817ca3e6ea6b
Normal Part1/Normal (9).E2E/2- 26- 2017 9- 15- 48 AM/Image 17,/kaggle/input/aether-oct5k-pilot/Images/Images_Manual/Normal Part1/Normal (9).E2E/2- 26- 2017 9- 15- 48 AM/Image 17.png,/kaggle/input/aether-oct5k-pilot/Masks/Masks_Manual/Grading_1/Normal Part1/Normal (9).E2E/2- 26- 2017 9- 15- 48 AM/Image 17.png,Normal Part1,train,98e3f8ef5e8951aa6b671f92a67d644a3e69daa3e2a3975f5674b7f7c4ca0d9b,3a6ac3f54212ce64e28ac84b288b9537df271167ff2d07548f6bb89485e5ea7e,f3e6ba8ba6b32b3273757aa712d1da09b597217fffc262463e067b78911b5dac
AMD Part1/AMD (13).E2E/2- 25- 2017 4- 48- 43 PM/Image 4,/kaggle/input/aether-oct5k-pilot/Images/Images_Manual/AMD Part1/AMD (13).E2E/2- 25- 2017 4- 48- 43 PM/Image 4.png,/kaggle/input/aether-oct5k-pilot/Masks/Masks_Manual/Grading_1/AMD Part1/AMD (13).E2E/2- 25- 2017 4- 48- 43 PM/Image 4.png,AMD Part1,train,e116172fa5019cc5e4d0def860493d23817014c076f458db66bbbbdebd98cc5d,7dc3572a91cdd967e3bb02f1d84359139125b683dbe59ef7a58d17058d9bd517,3240da535129f3462d6933df4039571b5180a750d2e94c76318de199ff1ec927
Normal Part2/Normal (47).E2E/2- 26- 2017 10- 21- 43 AM/Image 28,/kaggle/input/aether-oct5k-pilot/Images/Images_Manual/Normal Part2/Normal (47).E2E/2- 26- 2017 10- 21- 43 AM/Image 28.png,/kaggle/input/aether-oct5k-pilot/Masks/Masks_Manual/Grading_1/Normal Part2/Normal (47).E2E/2- 26- 2017 10- 21- 43 AM/Image 28.png,Normal Part2,train,33e88558ca455b9344cad1306bce3f9f098659f9af0aad518108086874d11ce1,a9ba86d260d33dc17c16ec84de2f83e00ee6f7e85b7009061175151e479c60af,d387a09a404c75662aad9a2761c8f4879fdeb6fb62a79a603d8dc91d540f7c7d
AMD Part1/AMD (3).E2E/2- 25- 2017 9- 13- 55 PM/Image 30,/kaggle/input/aether-oct5k-pilot/Images/Images_Manual/AMD Part1/AMD (3).E2E/2- 25- 2017 9- 13- 55 PM/Image 30.png,/kaggle/input/aether-oct5k-pilot/Masks/Masks_Manual/Grading_1/AMD Part1/AMD (3).E2E/2- 25- 2017 9- 13- 55 PM/Image 30.png,AMD Part1,train,9936302d1562019a35b6b156f19cb368325d13a34ad54716083fb0e5a7928151,7588ea5de690b407cf159fe03497c7ea7a10c95d08cc1eeae81ebc382b918c95,c545c80cd2695bf9f5772afdbc5b786fa76fdae43427aaee5594eb7a1fb4e7bc
Normal Part1/Normal (25).E2E/2- 26- 2017 9- 42- 47 AM/Image 18,/kaggle/input/aether-oct5k-pilot/Images/Images_Manual/Normal Part1/Normal (25).E2E/2- 26- 2017 9- 42- 47 AM/Image 18.png,/kaggle/input/aether-oct5k-pilot/Masks/Masks_Manual/Grading_1/Normal Part1/Normal (25).E2E/2- 26- 2017 9- 42- 47 AM/Image 18.png,Normal Part1,train,6957d362a9f37e683dbcf6026f405894875544cd80ddb2697cbfd6280f29e7ef,b21896551d7f527ce096b95fa4ca0208d8b1de28a63fa0e9447fecc939c8a674,6a021bf324f6620efa004aabc8af3732823572a0e6cea17cc9aa63465f51e6d0
AMD Part1/AMD (3).E2E/2- 25- 2017 9- 13- 55 PM/Image 34,/kaggle/input/aether-oct5k-pilot/Images/Images_Manual/AMD Part1/AMD (3).E2E/2- 25- 2017 9- 13- 55 PM/Image 34.png,/kaggle/input/aether-oct5k-pilot/Masks/Masks_Manual/Grading_1/AMD Part1/AMD (3).E2E/2- 25- 2017 9- 13- 55 PM/Image 34.png,AMD Part1,train,12dffd7d4573f7244a122fabe77652a54cae9ad6b04979823795eb0ad6ad8b80,c099eaff9172f51d8f62ddf53d0233115ac738ff56affe0944715bb7b42a224f,26958b84120aa822132e7721646ef846877f0021b2d5f1a0b8a02d5c51b4751f
AMD Part1/AMD (26).E2E/2- 25- 2017 5- 23- 01 PM/Image 16,/kaggle/input/aether-oct5k-pilot/Images/Images_Manual/AMD Part1/AMD (26).E2E/2- 25- 2017 5- 23- 01 PM/Image 16.png,/kaggle/input/aether-oct5k-pilot/Masks/Masks_Manual/Grading_1/AMD Part1/AMD (26).E2E/2- 25- 2017 5- 23- 01 PM/Image 16.png,AMD Part1,train,5da18d0b957bd6be706fa36edc70ab073509e1d54557ce4e0b0d16ff5757f6ce,b24acb7f1e5b725d37635946f418a3b294ab82b766be5321c06df4cf75c747fb,e6571a031951a43693eaeb8ef8604518ea79750303418a7dae6ade5de5007504
Normal Part1/Normal (6).E2E/2- 26- 2017 9- 12- 11 AM/Image 17,/kaggle/input/aether-oct5k-pilot/Images/Images_Manual/Normal Part1/Normal (6).E2E/2- 26- 2017 9- 12- 11 AM/Image 17.png,/kaggle/input/aether-oct5k-pilot/Masks/Masks_Manual/Grading_1/Normal Part1/Normal (6).E2E/2- 26- 2017 9- 12- 11 AM/Image 17.png,Normal Part1,train,f0acd020a5a47d6fa64e6bca130b509e74e716b9471c52198de55a0a824f8cdf,dff79b5764e502ce4afa0c845c3ce008d0d4e4acd3c04baef98ddbd7356dac00,a511f85912af5f05770a861c45ddeb66c0dba4bcca1eeedeae53649ccc097984
AMD Part1/AMD (23).E2E/2- 25- 2017 5- 14- 57 PM/Image 38,/kaggle/input/aether-oct5k-pilot/Images/Images_Manual/AMD Part1/AMD (23).E2E/2- 25- 2017 5- 14- 57 PM/Image 38.png,/kaggle/input/aether-oct5k-pilot/Masks/Masks_Manual/Grading_1/AMD Part1/AMD (23).E2E/2- 25- 2017 5- 14- 57 PM/Image 38.png,AMD Part1,train,6aa2feb7fd79bb386380e1f56507173d5a2d8df1d4b5f2e926a668823d6fdb1c,c43576a3f3c8ec13751fd708d6798a242ea98a48494dc8d8f82e5565a3d71057,296004c6f6a745895219d56ed0201b579c349d72ed398ba11bbe4451af892ec6
Normal Part2/Normal (47).E2E/2- 26- 2017 10- 21- 43 AM/Image 17,/kaggle/input/aether-oct5k-pilot/Images/Images_Manual/Normal Part2/Normal (47).E2E/2- 26- 2017 10- 21- 43 AM/Image 17.png,/kaggle/input/aether-oct5k-pilot/Masks/Masks_Manual/Grading_1/Normal Part2/Normal (47).E2E/2- 26- 2017 10- 21- 43 AM/Image 17.png,Normal Part2,train,39e37e92556f4686b1b08f4718326d4b02feb3b87c6349832227858804c86f02,2e025e4914e0bf4a335898d2927d3a9da3709eb02774d2c960646f22cde05807,ba8449fb36595405227acbeb6b60316d6985bf1cb6279ccfa5a97d83f463d53c
AMD Part1/AMD (21).E2E/2- 25- 2017 5- 10- 29 PM/Image 15,/kaggle/input/aether-oct5k-pilot/Images/Images_Manual/AMD Part1/AMD (21).E2E/2- 25- 2017 5- 10- 29 PM/Image 15.png,/kaggle/input/aether-oct5k-pilot/Masks/Masks_Manual/Grading_1/AMD Part1/AMD (21).E2E/2- 25- 2017 5- 10- 29 PM/Image 15.png,AMD Part1,train,6c35be2e5a26666669c76ed8a1d7cf0921dfeb65d27efb9f84ba42de3417b5d3,f2e1f01211e3757c43953350ada95023951b23ad7449959ef1ecf0321ddfee6c,c0d57b255ecb7800c43b6f9fad4afb12dc95ebb67bcc50c7196cf010b64dcc25
DME/DME (37).E2E/2- 25- 2017 10- 26- 30 PM/Image 18,/kaggle/input/aether-oct5k-pilot/Images/Images_Manual/DME/DME (37).E2E/2- 25- 2017 10- 26- 30 PM/Image 18.png,/kaggle/input/aether-oct5k-pilot/Masks/Masks_Manual/Grading_1/DME/DME (37).E2E/2- 25- 2017 10- 26- 30 PM/Image 18.png,DME,train,2464a534313cbe6fa3c8c83a81c5337c4b3e4c8c9c038f76f73dbfdcd5315e45,09ea5c66f26947c8b78d2fda05a2f086c55973b1d4785dd8e3820262e7f684bf,493276cc7d3704221a192a96201bd6cecc125340f5acaea8fcd6dca59351c55b
Normal Part1/Normal (25).E2E/2- 26- 2017 9- 42- 47 AM/Image 16,/kaggle/input/aether-oct5k-pilot/Images/Images_Manual/Normal Part1/Normal (25).E2E/2- 26- 2017 9- 42- 47 AM/Image 16.png,/kaggle/input/aether-oct5k-pilot/Masks/Masks_Manual/Grading_1/Normal Part1/Normal (25).E2E/2- 26- 2017 9- 42- 47 AM/Image 16.png,Normal Part1,train,ff9ab609600763a6a01f6cd6e39cca626a595e8c91a150497883988b92376c81,db171bb706632aaad66ad7c74964037d628f529406f096acddca2619041b29d2,035ff599bdc3f0f6d1c7654be073798e1e4d72b1bf4944f1bdbeeb6378303d54
AMD Part1/AMD (26).E2E/2- 25- 2017 5- 23- 01 PM/Image 33,/kaggle/input/aether-oct5k-pilot/Images/Images_Manual/AMD Part1/AMD (26).E2E/2- 25- 2017 5- 23- 01 PM/Image 33.png,/kaggle/input/aether-oct5k-pilot/Masks/Masks_Manual/Grading_1/AMD Part1/AMD (26).E2E/2- 25- 2017 5- 23- 01 PM/Image 33.png,AMD Part1,train,30c1622538381cba8d0c7e6967a9c9fde9438e52d3704f77711527eed1846d48,20088dd83114910df2d80e1be53664f088cf0716e104e786fb17336163dadde6,06cc2f98a4b2a76e35c69b140d6639f46ca10d2cd848129303ef9e04db4a9d7c
AMD Part1/AMD (23).E2E/2- 25- 2017 5- 14- 57 PM/Image 53,/kaggle/input/aether-oct5k-pilot/Images/Images_Manual/AMD Part1/AMD (23).E2E/2- 25- 2017 5- 14- 57 PM/Image 53.png,/kaggle/input/aether-oct5k-pilot/Masks/Masks_Manual/Grading_1/AMD Part1/AMD (23).E2E/2- 25- 2017 5- 14- 57 PM/Image 53.png,AMD Part1,train,c914dbf1b5da3ce08917ab3c202242f11ad510d2b7599b5f5b1427d8850107d7,5dd163d58678671cb577357a12dd0cde0e725d4fae5a2ad82bf7547771bef052,fd3038d9a3e72fc3c1b8d7f4e846e20de567179fde366b7be5007d6922c520e6
DME/DME (37).E2E/2- 25- 2017 10- 26- 30 PM/Image 4,/kaggle/input/aether-oct5k-pilot/Images/Images_Manual/DME/DME (37).E2E/2- 25- 2017 10- 26- 30 PM/Image 4.png,/kaggle/input/aether-oct5k-pilot/Masks/Masks_Manual/Grading_1/DME/DME (37).E2E/2- 25- 2017 10- 26- 30 PM/Image 4.png,DME,train,06c9def21e8e6c35940c72909b19a04ffc00e993cb20f532c142f53d59622405,e429b231746fd0a248987b727c5cfee2419f3ead2273492f936b0bbca3c8d4cc,5f7dc8cf4269d9fb5b943b668e9b18d7cb0c53872f98b969c235335adc8d49e2
DME/DME (4).E2E/2- 25- 2017 9- 38- 17 PM/Image 9,/kaggle/input/aether-oct5k-pilot/Images/Images_Manual/DME/DME (4).E2E/2- 25- 2017 9- 38- 17 PM/Image 9.png,/kaggle/input/aether-oct5k-pilot/Masks/Masks_Manual/Grading_1/DME/DME (4).E2E/2- 25- 2017 9- 38- 17 PM/Image 9.png,DME,train,802218a8f6e6f187b8f9b34a2e0e0c868107a7854c85f8f904acab5d7045c136,a21c99b37ec97e3a983577da6797ff71fcfcaadccc53edcef07e57f474f9d285,4eddc9e373ae187e822c295878c8c31d8a418484869892bbeb263317cac657ac
DME/DME (7).E2E/2- 25- 2017 9- 42- 34 PM/Image 9,/kaggle/input/aether-oct5k-pilot/Images/Images_Manual/DME/DME (7).E2E/2- 25- 2017 9- 42- 34 PM/Image 9.png,/kaggle/input/aether-oct5k-pilot/Masks/Masks_Manual/Grading_1/DME/DME (7).E2E/2- 25- 2017 9- 42- 34 PM/Image 9.png,DME,train,c8046e9fc073e705c31ea855f6eda3c328cf89ac43e7433859cc9cd1e193246d,63e59db033d806437646f247f08f7fd57d45c83a9b0bbf990ff4a8dbfe6d430a,66bf84a615fc1ac2e8a75f0a55eae55dca25a0b2a0d687d7b6cc3fa9e60edfdf
AMD Part1/AMD (3).E2E/2- 25- 2017 9- 13- 55 PM/Image 35,/kaggle/input/aether-oct5k-pilot/Images/Images_Manual/AMD Part1/AMD (3).E2E/2- 25- 2017 9- 13- 55 PM/Image 35.png,/kaggle/input/aether-oct5k-pilot/Masks/Masks_Manual/Grading_1/AMD Part1/AMD (3).E2E/2- 25- 2017 9- 13- 55 PM/Image 35.png,AMD Part1,train,986c01de8ff3504b8e9d72a8c8ff65fd66d4c61a7cb22a8e8b8649557d448de2,d1e161c095a1bc2c74963265a2dcfe3cdf7cfc2ea9eb69f504bc356b4d081fda,232ff476ad608e94436cba4ccb01d3ac0d1eeefea0d6e7089e1cbd5469fd4202
AMD Part1/AMD (23).E2E/2- 25- 2017 5- 14- 57 PM/Image 48,/kaggle/input/aether-oct5k-pilot/Images/Images_Manual/AMD Part1/AMD (23).E2E/2- 25- 2017 5- 14- 57 PM/Image 48.png,/kaggle/input/aether-oct5k-pilot/Masks/Masks_Manual/Grading_1/AMD Part1/AMD (23).E2E/2- 25- 2017 5- 14- 57 PM/Image 48.png,AMD Part1,train,2d20105f8aaad0ff56e3fb62590f0d367edb2020077bc5fd87a1cad5458b0516,5e574abcd7ee4868673a6159ee13a02e10774a5bbd1cfcef573f48f7d0ebdd0f,7ce0812070956bce39cf67721309f09e5778e9a2780ba38b97cc5219d63e5f1d
Normal Part2/Normal (37).E2E/2- 26- 2017 10- 05- 11 AM/Image 2,/kaggle/input/aether-oct5k-pilot/Images/Images_Manual/Normal Part2/Normal (37).E2E/2- 26- 2017 10- 05- 11 AM/Image 2.png,/kaggle/input/aether-oct5k-pilot/Masks/Masks_Manual/Grading_1/Normal Part2/Normal (37).E2E/2- 26- 2017 10- 05- 11 AM/Image 2.png,Normal Part2,train,c700cc6fd798190acdf61899c2db53c7d2bc977dab9026271848b233da59f9ea,270643f5e160e59bb64d0d2ffc7aa02f81d1532460adcc677a8aabea6d4d45dc,ffd6def3c9eaaca6249ba9b337359cd91af97a303806b05d74aa26cd84a75310
Normal Part1/Normal (9).E2E/2- 26- 2017 9- 15- 48 AM/Image 15,/kaggle/input/aether-oct5k-pilot/Images/Images_Manual/Normal Part1/Normal (9).E2E/2- 26- 2017 9- 15- 48 AM/Image 15.png,/kaggle/input/aether-oct5k-pilot/Masks/Masks_Manual/Grading_1/Normal Part1/Normal (9).E2E/2- 26- 2017 9- 15- 48 AM/Image 15.png,Normal Part1,train,615c73f7c7cab7af9bb25b8ac270cbba84602c8efeeece6ba64d441962e868a3,a8c0f70613578d4c256dd949fdd8df4d9c139bae84382354494b14a9ec389eb6,4dc6e8e5674f418cdc1f9287d55c138b6c339604da7f5f0707917635befc62c7
AMD Part1/AMD (2).E2E/2- 25- 2017 9- 12- 39 PM/Image 21,/kaggle/input/aether-oct5k-pilot/Images/Images_Manual/AMD Part1/AMD (2).E2E/2- 25- 2017 9- 12- 39 PM/Image 21.png,/kaggle/input/aether-oct5k-pilot/Masks/Masks_Manual/Grading_1/AMD Part1/AMD (2).E2E/2- 25- 2017 9- 12- 39 PM/Image 21.png,AMD Part1,train,529009cd98840c03718f9a3c33c1fbed590673cbbf4c3c1f9fc40f647e3eaea1,9168136a21b6d09536d22e637b0bda02c4c81bf46db37bfda8946124a19d508d,d1945eb0dda5d0dde041ba8b6c65b4468dd2668eb97dcef82e052528611c6698
AMD Part1/AMD (23).E2E/2- 25- 2017 5- 14- 57 PM/Image 23,/kaggle/input/aether-oct5k-pilot/Images/Images_Manual/AMD Part1/AMD (23).E2E/2- 25- 2017 5- 14- 57 PM/Image 23.png,/kaggle/input/aether-oct5k-pilot/Masks/Masks_Manual/Grading_1/AMD Part1/AMD (23).E2E/2- 25- 2017 5- 14- 57 PM/Image 23.png,AMD Part1,train,1800100da1afe5308a45a15d1f6cd87bc31e7de42f8d66915b3c992a2541bc3b,70bf8015cc56c76297b091ff2da56ea01c5fa57b9f7b202a10f5813cad953a25,97538221ab7cf76f7e8539db45720950d5cf25c07493a1074a1345687f03e01d
AMD Part1/AMD (3).E2E/2- 25- 2017 9- 13- 55 PM/Image 25,/kaggle/input/aether-oct5k-pilot/Images/Images_Manual/AMD Part1/AMD (3).E2E/2- 25- 2017 9- 13- 55 PM/Image 25.png,/kaggle/input/aether-oct5k-pilot/Masks/Masks_Manual/Grading_1/AMD Part1/AMD (3).E2E/2- 25- 2017 9- 13- 55 PM/Image 25.png,AMD Part1,train,83d6d033d8d18029cb0b5d07347d1fdf7fc1bd48039f0df419853136dbf42931,03c137e45b1f46b4baa6990a51c6d74ce2ad1a93c39194dff3c604675d6106a5,33977da54f1abb519879e3d1ebf2b27abb657ad0f4b971ce3d21906cbf2ab807
DME/DME (4).E2E/2- 25- 2017 9- 38- 17 PM/Image 5,/kaggle/input/aether-oct5k-pilot/Images/Images_Manual/DME/DME (4).E2E/2- 25- 2017 9- 38- 17 PM/Image 5.png,/kaggle/input/aether-oct5k-pilot/Masks/Masks_Manual/Grading_1/DME/DME (4).E2E/2- 25- 2017 9- 38- 17 PM/Image 5.png,DME,train,5bf99db8f51fe616362026980a63fd942e104051b744089b36d9c77ffccc590f,b2983a41cac4f30defc7217978c58b78ce6ce1c488a838936c3a0d1faf2fe7af,7a67be2a175791e4f5e6248c1afd5a680e3c9cd4e2c956e5b98bdc2dd2cd3e41
Normal Part1/Normal (26).E2E/2- 26- 2017 9- 44- 13 AM/Image 12,/kaggle/input/aether-oct5k-pilot/Images/Images_Manual/Normal Part1/Normal (26).E2E/2- 26- 2017 9- 44- 13 AM/Image 12.png,/kaggle/input/aether-oct5k-pilot/Masks/Masks_Manual/Grading_1/Normal Part1/Normal (26).E2E/2- 26- 2017 9- 44- 13 AM/Image 12.png,Normal Part1,train,18ce76eb7dad6b32020c86ac31eb5f94a30b9ff6e67a8323f55eea02b29e9cd7,bee0ec1a499bdbe4a2446973a5633202d3d247eaa576f4f154816e2cd732878f,d38ee24a22f5a4c22e7abfd9de5fcebe00cc4d1da14d8a4eebd2ca5340801ea4
Normal Part2/Normal (36).E2E/2- 26- 2017 10- 04- 18 AM/Image 14,/kaggle/input/aether-oct5k-pilot/Images/Images_Manual/Normal Part2/Normal (36).E2E/2- 26- 2017 10- 04- 18 AM/Image 14.png,/kaggle/input/aether-oct5k-pilot/Masks/Masks_Manual/Grading_1/Normal Part2/Normal (36).E2E/2- 26- 2017 10- 04- 18 AM/Image 14.png,Normal Part2,train,397903c5f3eb3965935888ec3e7b617589d3e1cc6202c989e26a81c7dca4c4fd,ee4a250574a50072340fc088bfed463695861b7a206125c05424f977fe1e37e4,5ca743991e0bbdb57a45a70a87c11827431f1606d7d16b232e46aa9cac15f0af
AMD Part1/AMD (24).E2E/2- 25- 2017 5- 17- 27 PM/Image 20,/kaggle/input/aether-oct5k-pilot/Images/Images_Manual/AMD Part1/AMD (24).E2E/2- 25- 2017 5- 17- 27 PM/Image 20.png,/kaggle/input/aether-oct5k-pilot/Masks/Masks_Manual/Grading_1/AMD Part1/AMD (24).E2E/2- 25- 2017 5- 17- 27 PM/Image 20.png,AMD Part1,train,516637af0bc3700e787083e7cbdbfa59ab9959d927a4ae9f1beb4a8b400d2cd3,ab01434a8bae69eb392bdf797d448532c125644f2b8eb9953559f2363c86f46f,26d738666da3284008c8b477f1c5cea42c2ea0b1243fa1182b9e295ea2dbdda1
AMD Part1/AMD (11).E2E/2- 25- 2017 4- 44- 26 PM/Image 13,/kaggle/input/aether-oct5k-pilot/Images/Images_Manual/AMD Part1/AMD (11).E2E/2- 25- 2017 4- 44- 26 PM/Image 13.png,/kaggle/input/aether-oct5k-pilot/Masks/Masks_Manual/Grading_1/AMD Part1/AMD (11).E2E/2- 25- 2017 4- 44- 26 PM/Image 13.png,AMD Part1,train,3176ae724363de2f3bad0e3c09d018b4e4223aa3c8e385918409a7f0de167a57,52fd63e64f35ac0385a74d58e16fe2241e1b959a1a8693adda6950e3ce7ae434,7c986cfa88f038c4cbf65d0732aeafb5ab904cc9087866cc4d6a43bb0c19de4a
AMD Part1/AMD (10).E2E/2- 25- 2017 9- 27- 53 PM/Image 3,/kaggle/input/aether-oct5k-pilot/Images/Images_Manual/AMD Part1/AMD (10).E2E/2- 25- 2017 9- 27- 53 PM/Image 3.png,/kaggle/input/aether-oct5k-pilot/Masks/Masks_Manual/Grading_1/AMD Part1/AMD (10).E2E/2- 25- 2017 9- 27- 53 PM/Image 3.png,AMD Part1,train,1763c670485d0144d0e923d324e2e8038abb86a2033eb8e1e9d9d5cb981003bf,dd9da60e87a5fc54b72d44b9f4c471742b808e18b69396249804ccbb2e777a87,601f30304f55395e94e5ad38cd363e1459335a317fc088fe3c958a522df3ab20
AMD Part1/AMD (21).E2E/2- 25- 2017 5- 10- 29 PM/Image 24,/kaggle/input/aether-oct5k-pilot/Images/Images_Manual/AMD Part1/AMD (21).E2E/2- 25- 2017 5- 10- 29 PM/Image 24.png,/kaggle/input/aether-oct5k-pilot/Masks/Masks_Manual/Grading_1/AMD Part1/AMD (21).E2E/2- 25- 2017 5- 10- 29 PM/Image 24.png,AMD Part1,train,f8662b2788c67378fac650647f628d24f521a5f6e4b1a582d8210c91fd535004,08b67015dc3ff75b5b97194c274279be2bede92a86516aaa5efc07ec3f90eb02,12a9a57a36d826998bbd0cb820a3f6945b317ab62532e3693609328325019c37
Normal Part2/Normal (47).E2E/2- 26- 2017 10- 21- 43 AM/Image 45,/kaggle/input/aether-oct5k-pilot/Images/Images_Manual/Normal Part2/Normal (47).E2E/2- 26- 2017 10- 21- 43 AM/Image 45.png,/kaggle/input/aether-oct5k-pilot/Masks/Masks_Manual/Grading_1/Normal Part2/Normal (47).E2E/2- 26- 2017 10- 21- 43 AM/Image 45.png,Normal Part2,train,2f809cf373f2a58b8eabb8f9719806f26807dbde64dd251f37e738c0943e446d,35275ce9dbd23ffdaae6415ee8f9c5b096d61a83c4c7927ff95a81f3fef63408,5a1c16958955ee66c62957982f6cc7855f925c644281bce352abb79273ea8283
Normal Part2/Normal (49).E2E/2- 26- 2017 10- 23- 58 AM/Image 21,/kaggle/input/aether-oct5k-pilot/Images/Images_Manual/Normal Part2/Normal (49).E2E/2- 26- 2017 10- 23- 58 AM/Image 21.png,/kaggle/input/aether-oct5k-pilot/Masks/Masks_Manual/Grading_1/Normal Part2/Normal (49).E2E/2- 26- 2017 10- 23- 58 AM/Image 21.png,Normal Part2,train,d73bcbb234a5a3bfb625a08794c987b23c7a0ea5d53ed4d1f265e97e2c96817a,a73f8d5277ba5636f643f37f8ebe774c8e68ac108d367fbdc8ce709f0e613992,435c16e5722074a72ebbbb79206be0ab9695083dfcf8c6bcd420261f4dbf71c9
DME/DME (6).E2E/2- 25- 2017 9- 40- 56 PM/Image 17,/kaggle/input/aether-oct5k-pilot/Images/Images_Manual/DME/DME (6).E2E/2- 25- 2017 9- 40- 56 PM/Image 17.png,/kaggle/input/aether-oct5k-pilot/Masks/Masks_Manual/Grading_1/DME/DME (6).E2E/2- 25- 2017 9- 40- 56 PM/Image 17.png,DME,train,989413984811c8839bc2354b672f38171cac91c8028353516ec99ed632861252,96c3af2aff7e6e3eeca943859094082d93965bc5b9e4cd8d2e76b61c0697c96e,d1d060b13f614b298213bc3da8cdeff3d52124c82ad3c1e426f9231a5e4ad3a5
DME/DME (9).E2E/2- 25- 2017 9- 45- 28 PM/Image 5,/kaggle/input/aether-oct5k-pilot/Images/Images_Manual/DME/DME (9).E2E/2- 25- 2017 9- 45- 28 PM/Image 5.png,/kaggle/input/aether-oct5k-pilot/Masks/Masks_Manual/Grading_1/DME/DME (9).E2E/2- 25- 2017 9- 45- 28 PM/Image 5.png,DME,train,5abe89a09cc72481fb90c1d8d2e426cd14c400de46299ff6e901ee2788f1547e,5ee7b82dbd22d8e951d3ae6dfa5f2b7404d7d62595121c7cec1f30d99f68e65a,7ac02d44f753fbb778e3d7464842c1c6b198882a60538619b91b5b37bdbfca2b
DME/DME (6).E2E/2- 25- 2017 9- 40- 56 PM/Image 11,/kaggle/input/aether-oct5k-pilot/Images/Images_Manual/DME/DME (6).E2E/2- 25- 2017 9- 40- 56 PM/Image 11.png,/kaggle/input/aether-oct5k-pilot/Masks/Masks_Manual/Grading_1/DME/DME (6).E2E/2- 25- 2017 9- 40- 56 PM/Image 11.png,DME,train,07e1c61900fa8a976f9a035ccc2681df965a4df3f1177ba9fee59aee03599638,d5887486ad3758ea3a84fdd627686d450141b787926aafea3748db04ada62580,ef5988ae2b618c6a9ed48b686780cc2e8ff7fc6c7931b5fb1970ea3b207a1cd3
DME/DME (37).E2E/2- 25- 2017 10- 26- 30 PM/Image 1,/kaggle/input/aether-oct5k-pilot/Images/Images_Manual/DME/DME (37).E2E/2- 25- 2017 10- 26- 30 PM/Image 1.png,/kaggle/input/aether-oct5k-pilot/Masks/Masks_Manual/Grading_1/DME/DME (37).E2E/2- 25- 2017 10- 26- 30 PM/Image 1.png,DME,train,49a14648ab1c497a1b2c40d3134ff7f057560e5a684759e55a800166c0a1e22a,74a34fc56d38fd76062df71ea6e5045d67f7d59681752024de33f2058f3d4b85,d4fb7746f472c2e9bef170d57f002c4ba7b2b2b47e88ebba618a62c83b4d5264
Normal Part2/Normal (34).E2E/2- 26- 2017 10- 01- 13 AM/Image 14,/kaggle/input/aether-oct5k-pilot/Images/Images_Manual/Normal Part2/Normal (34).E2E/2- 26- 2017 10- 01- 13 AM/Image 14.png,/kaggle/input/aether-oct5k-pilot/Masks/Masks_Manual/Grading_1/Normal Part2/Normal (34).E2E/2- 26- 2017 10- 01- 13 AM/Image 14.png,Normal Part2,train,45e681f777ea758ed385ee2aa6d894c6c190d9677047260ce5c3cdbbf2b007e5,3642ed0ffe90a45341db035d7e8ff0f1f9bc17b63cd277797e68f64857f3b538,61b68fbc7cd5adeac2261f3e4c233a34c5a207becdeb74695cacac9b3681cb1f
DME/DME (9).E2E/2- 25- 2017 9- 45- 28 PM/Image 22,/kaggle/input/aether-oct5k-pilot/Images/Images_Manual/DME/DME (9).E2E/2- 25- 2017 9- 45- 28 PM/Image 22.png,/kaggle/input/aether-oct5k-pilot/Masks/Masks_Manual/Grading_1/DME/DME (9).E2E/2- 25- 2017 9- 45- 28 PM/Image 22.png,DME,train,35a3b05765ebdbe8ae30aecf4de22c64f55d140a0d67bb30749ea8a5e75e28da,4ba942dfb4f0b6934d63baf62e00d8e13d7a3cf5874759b31c6057865a22acba,4b14a68f9d1e192985f91b98e92d77206efff21cc8e183d69571e3485dad8021
Normal Part1/Normal (12).E2E/2- 26- 2017 9- 23- 28 AM/Image 35,/kaggle/input/aether-oct5k-pilot/Images/Images_Manual/Normal Part1/Normal (12).E2E/2- 26- 2017 9- 23- 28 AM/Image 35.png,/kaggle/input/aether-oct5k-pilot/Masks/Masks_Manual/Grading_1/Normal Part1/Normal (12).E2E/2- 26- 2017 9- 23- 28 AM/Image 35.png,Normal Part1,train,5c9f769865f9cf82434b711a339afa948a81156f02b9d4c85c41d1cd7e21f7e1,5f7fa3cfebca6ae773e829641eb12b098e5574a444b4cb47774c947ec0a1db08,5d02bf7423b43aa4a6660e9117a9134776d3b9cf8544057c2f976a900586b774
Normal Part1/Normal (27).E2E/2- 26- 2017 9- 46- 33 AM/Image 1,/kaggle/input/aether-oct5k-pilot/Images/Images_Manual/Normal Part1/Normal (27).E2E/2- 26- 2017 9- 46- 33 AM/Image 1.png,/kaggle/input/aether-oct5k-pilot/Masks/Masks_Manual/Grading_1/Normal Part1/Normal (27).E2E/2- 26- 2017 9- 46- 33 AM/Image 1.png,Normal Part1,train,09210f16383959897210e94d9eccff8b99452eedf643e30c87b112a8bdeb78dc,f18384440e1b6646250ab6f9200d87a363e7a5b341c594304c9793093b0ae856,b70344b41d1d21bc93d643db4bd1cc328f7a6ce463ced0464028f5e71b2d759d
Normal Part2/Normal (47).E2E/2- 26- 2017 10- 21- 43 AM/Image 9,/kaggle/input/aether-oct5k-pilot/Images/Images_Manual/Normal Part2/Normal (47).E2E/2- 26- 2017 10- 21- 43 AM/Image 9.png,/kaggle/input/aether-oct5k-pilot/Masks/Masks_Manual/Grading_1/Normal Part2/Normal (47).E2E/2- 26- 2017 10- 21- 43 AM/Image 9.png,Normal Part2,train,d4fda078861d519d628e8952e72514da9429619aaa7bf4f930c433e3d09f33c8,c3b8237f7ea3f0d86428e0858e790a5a76c9bbecdd328fea3876d5c9aed86e59,571a197e07e61def14d254d253e74bc401decc202c440dc37b629db875b75864
DME/DME (33).E2E/2- 25- 2017 10- 21- 00 PM/Image 12,/kaggle/input/aether-oct5k-pilot/Images/Images_Manual/DME/DME (33).E2E/2- 25- 2017 10- 21- 00 PM/Image 12.png,/kaggle/input/aether-oct5k-pilot/Masks/Masks_Manual/Grading_1/DME/DME (33).E2E/2- 25- 2017 10- 21- 00 PM/Image 12.png,DME,train,5cd051d465d055701deb75ad1cfde78b920aee1f7b0aad241356ba3de0ebe177,86809dd65e4f24a4f22d5f692df0ba8332bb0d8275199ec1ca0eed00fd50d6de,6bc06337172b0f4416f56f08f0e59167be63325353f5cffabe655cadd9223292
Normal Part2/Normal (47).E2E/2- 26- 2017 10- 21- 43 AM/Image 3,/kaggle/input/aether-oct5k-pilot/Images/Images_Manual/Normal Part2/Normal (47).E2E/2- 26- 2017 10- 21- 43 AM/Image 3.png,/kaggle/input/aether-oct5k-pilot/Masks/Masks_Manual/Grading_1/Normal Part2/Normal (47).E2E/2- 26- 2017 10- 21- 43 AM/Image 3.png,Normal Part2,train,9f57b9974484186fcf996e96b137a6cbb27d6062d70566d94ab81722405cf037,f7b3cf3a787325be01b7c812dd0397e323f560185e873c8af72ec9f026cfb7b4,64290b7513264296aa47923564ebff91f7190945848a6d0a570406a193e69e71
Normal Part1/Normal (14).E2E/2- 26- 2017 9- 26- 02 AM/Image 19,/kaggle/input/aether-oct5k-pilot/Images/Images_Manual/Normal Part1/Normal (14).E2E/2- 26- 2017 9- 26- 02 AM/Image 19.png,/kaggle/input/aether-oct5k-pilot/Masks/Masks_Manual/Grading_1/Normal Part1/Normal (14).E2E/2- 26- 2017 9- 26- 02 AM/Image 19.png,Normal Part1,train,75dd9d644c24fb852d1e99d54cb1d8cf28df8383f514c93657fd7833b8836468,e8a2750470df4c9ffbcad88c94729ac6bb691d7dcbcdc8a45257fb6138cef95e,702a5f6f60927b2d10e65247d58f3c917d705a70703522f6ac96d3d00181e69f
AMD Part1/AMD (21).E2E/2- 25- 2017 5- 10- 29 PM/Image 37,/kaggle/input/aether-oct5k-pilot/Images/Images_Manual/AMD Part1/AMD (21).E2E/2- 25- 2017 5- 10- 29 PM/Image 37.png,/kaggle/input/aether-oct5k-pilot/Masks/Masks_Manual/Grading_1/AMD Part1/AMD (21).E2E/2- 25- 2017 5- 10- 29 PM/Image 37.png,AMD Part1,train,af384164a8b6b8480d064c02c6dfbe2c12740546006f09db8d080dc7500d0b91,f00f4acf957bc91282935fda761245bb1adc8215bdfbd4f4f53729ac80b58de3,d5d47f00af9e5505c57fe03c2158e54cb2771a1e324eb83fb3873f17ca38e7e5
Normal Part2/Normal (39).E2E/2- 26- 2017 10- 08- 18 AM/Image 4,/kaggle/input/aether-oct5k-pilot/Images/Images_Manual/Normal Part2/Normal (39).E2E/2- 26- 2017 10- 08- 18 AM/Image 4.png,/kaggle/input/aether-oct5k-pilot/Masks/Masks_Manual/Grading_1/Normal Part2/Normal (39).E2E/2- 26- 2017 10- 08- 18 AM/Image 4.png,Normal Part2,train,69a0de03a17837f6f77060dbee50527196b4af2d4c6211bdded2a4e8f15b8c76,32aa155a0a9636a91cec259ec22b85afd870cd4f1b78b1fb6371dcf1c46494d9,eb4bd0e5c743c2449c15501e27f796dba9c3c4e17ca29022975ed5404faf64b8
Normal Part2/Normal (35).E2E/2- 26- 2017 10- 03- 02 AM/Image 18,/kaggle/input/aether-oct5k-pilot/Images/Images_Manual/Normal Part2/Normal (35).E2E/2- 26- 2017 10- 03- 02 AM/Image 18.png,/kaggle/input/aether-oct5k-pilot/Masks/Masks_Manual/Grading_1/Normal Part2/Normal (35).E2E/2- 26- 2017 10- 03- 02 AM/Image 18.png,Normal Part2,train,d5d8cce202ad45fd19142b536b4373a6396cdc3edecb546c687a3236c27e1b44,25ed572fcb7c61b0e5fa651d3386e21477a57d601f075363726de1d5fc48e3a3,5555defbfe1315559ab11cc8be3aebe7d0a563eabae941093d561b683973b008
AMD Part1/AMD (24).E2E/2- 25- 2017 5- 17- 27 PM/Image 12,/kaggle/input/aether-oct5k-pilot/Images/Images_Manual/AMD Part1/AMD (24).E2E/2- 25- 2017 5- 17- 27 PM/Image 12.png,/kaggle/input/aether-oct5k-pilot/Masks/Masks_Manual/Grading_1/AMD Part1/AMD (24).E2E/2- 25- 2017 5- 17- 27 PM/Image 12.png,AMD Part1,train,967d4438cce622591bc1d5fbb4a691422022ccf64219fc8b27d1534386b6d014,64d370372a7609d13f28b314adbb5633d504992bc353b54f602aace3b883cf12,5d022715d0c5dca06f7cc4d69970139d913be24984a52914448705c118162104
AMD Part1/AMD (2).E2E/2- 25- 2017 9- 12- 39 PM/Image 14,/kaggle/input/aether-oct5k-pilot/Images/Images_Manual/AMD Part1/AMD (2).E2E/2- 25- 2017 9- 12- 39 PM/Image 14.png,/kaggle/input/aether-oct5k-pilot/Masks/Masks_Manual/Grading_1/AMD Part1/AMD (2).E2E/2- 25- 2017 9- 12- 39 PM/Image 14.png,AMD Part1,train,3c236c1dcecd38280d9b4b19a5e631f7c4a473f360f0f70e3430a7347cedc521,8e74eea70d14bd99d0ae5c1708d3520c6518ad2939e9d708c0a73c26cbae4b39,36fa28b4528aab42fc28be6d9527d52be65d7117e89a6a87f0e2b74334d37ece
Normal Part1/Normal (25).E2E/2- 26- 2017 9- 42- 47 AM/Image 51,/kaggle/input/aether-oct5k-pilot/Images/Images_Manual/Normal Part1/Normal (25).E2E/2- 26- 2017 9- 42- 47 AM/Image 51.png,/kaggle/input/aether-oct5k-pilot/Masks/Masks_Manual/Grading_1/Normal Part1/Normal (25).E2E/2- 26- 2017 9- 42- 47 AM/Image 51.png,Normal Part1,train,26ffc740aaa273a2cae98d416ad08ffca468ccb288f27f25ef2b5f09b2b791d4,d6b0f1b183b73fd5b1fa859a07ca83c5cf77b2dcc1c5866ff5917df20b6ada09,830fd1c984e3ecf9d5dd2caba38011337df8b90e0af6fd58c1fe23f5fec5c984
Normal Part1/Normal (26).E2E/2- 26- 2017 9- 44- 13 AM/Image 14,/kaggle/input/aether-oct5k-pilot/Images/Images_Manual/Normal Part1/Normal (26).E2E/2- 26- 2017 9- 44- 13 AM/Image 14.png,/kaggle/input/aether-oct5k-pilot/Masks/Masks_Manual/Grading_1/Normal Part1/Normal (26).E2E/2- 26- 2017 9- 44- 13 AM/Image 14.png,Normal Part1,train,0b8d92c852f7709c6af015f7dd18c7564ff3b279f8108897bf0bb1e71e0733ee,d939a506a1068b84ab2bc7a6ffe34a59d6a797684f29a58f40b20fc3ae576138,e28ee7add87ce4297c8cd4e1dd566e92dfeac245506853e677c75ac5737c6ff9
AMD Part1/AMD (29).E2E/2- 25- 2017 8- 39- 05 PM/Image 2,/kaggle/input/aether-oct5k-pilot/Images/Images_Manual/AMD Part1/AMD (29).E2E/2- 25- 2017 8- 39- 05 PM/Image 2.png,/kaggle/input/aether-oct5k-pilot/Masks/Masks_Manual/Grading_1/AMD Part1/AMD (29).E2E/2- 25- 2017 8- 39- 05 PM/Image 2.png,AMD Part1,train,ad1b856e87900bc39e08c56cfed1bc5945d1463146d119d8c2ac7ed33eec9b3e,ccf336162142c8f93c33d2018f77e518199e7e1fdc525fc5aff7172cda6401ef,2d0567417e266b920a81c178d8fbd6fdf5aae328cbd238770cfb9820c5d49e99
AMD Part1/AMD (3).E2E/2- 25- 2017 9- 13- 55 PM/Image 44,/kaggle/input/aether-oct5k-pilot/Images/Images_Manual/AMD Part1/AMD (3).E2E/2- 25- 2017 9- 13- 55 PM/Image 44.png,/kaggle/input/aether-oct5k-pilot/Masks/Masks_Manual/Grading_1/AMD Part1/AMD (3).E2E/2- 25- 2017 9- 13- 55 PM/Image 44.png,AMD Part1,train,8ec961dae1c1798ce16a7ef3451a9f22bfd761433d2a89de2df13b40338e4376,18bf60c140ab042e16b4bfb48467eac7b7322e1ddc604ec4b7f957c7fabf1cbf,0db6814fa576b094da4176f805e1081a371f852bf2599fc111fe2f6668740ba9
Normal Part2/Normal (38).E2E/2- 26- 2017 10- 06- 02 AM/Image 9,/kaggle/input/aether-oct5k-pilot/Images/Images_Manual/Normal Part2/Normal (38).E2E/2- 26- 2017 10- 06- 02 AM/Image 9.png,/kaggle/input/aether-oct5k-pilot/Masks/Masks_Manual/Grading_1/Normal Part2/Normal (38).E2E/2- 26- 2017 10- 06- 02 AM/Image 9.png,Normal Part2,train,c1ea9b6cffffe18902fc2cb524c688b25b48b7a0df0e92d79b8be5c9218b869b,75643e8fd7c6d8d5e703a6116383e7b7b4ffe45738332e1ed05d94704e4075f8,ca7687215c5a669dcf1d686222ee528704cce51648e84f670e7ab3c65846a2d7
Normal Part2/Normal (38).E2E/2- 26- 2017 10- 06- 02 AM/Image 7,/kaggle/input/aether-oct5k-pilot/Images/Images_Manual/Normal Part2/Normal (38).E2E/2- 26- 2017 10- 06- 02 AM/Image 7.png,/kaggle/input/aether-oct5k-pilot/Masks/Masks_Manual/Grading_1/Normal Part2/Normal (38).E2E/2- 26- 2017 10- 06- 02 AM/Image 7.png,Normal Part2,train,c9ac42cb8b3b10f6d04aaa3930e51917a35a4333b6103b4c679d384f2add5050,c05403bce0517ad30b2ef2fe454d88208610b293e077d252b75af5b278851169,18078e72fb2138f48a106c6076d5d3d9d091fbbbf5a4d70fb41ea5f4754a6160
AMD Part2/AMD (48).E2E/2- 25- 2017 4- 42- 21 PM/Image 2,/kaggle/input/aether-oct5k-pilot/Images/Images_Manual/AMD Part2/AMD (48).E2E/2- 25- 2017 4- 42- 21 PM/Image 2.png,/kaggle/input/aether-oct5k-pilot/Masks/Masks_Manual/Grading_1/AMD Part2/AMD (48).E2E/2- 25- 2017 4- 42- 21 PM/Image 2.png,AMD Part2,train,1766ba40add76f2c803d664a3ac3863ebee1d8368d7a7485158df421813655fb,cbf1159499355bed73e8b8a8371f3b0cee7e713dee4827e8e0957d73fe9cebcd,cab0785cad21d50abbb442250d8899aff28d1d8658268561f49a88b4ede9ce29
Normal Part1/Normal (13).E2E/2- 26- 2017 9- 25- 04 AM/Image 6,/kaggle/input/aether-oct5k-pilot/Images/Images_Manual/Normal Part1/Normal (13).E2E/2- 26- 2017 9- 25- 04 AM/Image 6.png,/kaggle/input/aether-oct5k-pilot/Masks/Masks_Manual/Grading_1/Normal Part1/Normal (13).E2E/2- 26- 2017 9- 25- 04 AM/Image 6.png,Normal Part1,train,449ee595df2df376731c387d260d32fe1ed870a15963eada10352ee7ce66e365,a78e8c99460c5ba65b67485ca782f2ee11447dd10cb63acf9777b8378f1d32ad,c2ade1478820582d7edf9229442ed852ee4cb68947e2b638b221678a7cc8b8d2
AMD Part1/AMD (3).E2E/2- 25- 2017 9- 13- 55 PM/Image 55,/kaggle/input/aether-oct5k-pilot/Images/Images_Manual/AMD Part1/AMD (3).E2E/2- 25- 2017 9- 13- 55 PM/Image 55.png,/kaggle/input/aether-oct5k-pilot/Masks/Masks_Manual/Grading_1/AMD Part1/AMD (3).E2E/2- 25- 2017 9- 13- 55 PM/Image 55.png,AMD Part1,train,13ff3c03d56ef7a57d0c5fff5076db3ef83c71458060e2d5866a6957479a78dc,57b0d07d18e1f5b8b1e3ca5ae31ae68711b10a6784e7b39e518718d98806abac,c7ff802fa208f610559bceb5891333f76d28a71955919933e87fa735578d491e
Normal Part1/Normal (27).E2E/2- 26- 2017 9- 46- 33 AM/Image 13,/kaggle/input/aether-oct5k-pilot/Images/Images_Manual/Normal Part1/Normal (27).E2E/2- 26- 2017 9- 46- 33 AM/Image 13.png,/kaggle/input/aether-oct5k-pilot/Masks/Masks_Manual/Grading_1/Normal Part1/Normal (27).E2E/2- 26- 2017 9- 46- 33 AM/Image 13.png,Normal Part1,train,3ce00495936c6efe48dbd0f0e4895941bfd62b20094474b8e0cc420c21539ff0,9b33882e673875a48f3ccbc86ef6de707eb5c803824e05fdc6581801870e4f0e,9edc427c914ee0523b197510f625702edff20e9a3fa4ed5db6c8fccb174f1c8b
Normal Part1/Normal (15).E2E/2- 26- 2017 9- 28- 04 AM/Image 12,/kaggle/input/aether-oct5k-pilot/Images/Images_Manual/Normal Part1/Normal (15).E2E/2- 26- 2017 9- 28- 04 AM/Image 12.png,/kaggle/input/aether-oct5k-pilot/Masks/Masks_Manual/Grading_1/Normal Part1/Normal (15).E2E/2- 26- 2017 9- 28- 04 AM/Image 12.png,Normal Part1,train,7d9f0c83a3867a7bf8c16b62ce366d5891812a0c3ba6a18b740c3b93a3d4052e,f2ea5b99c4c01b66d71d27bf3126c504f621982d173c0dde62fb82fb286ff095,858e68f073a53f5134f1906bd6884c72c769a0f4766e1a62097a61658a0ab99a
AMD Part1/AMD (28).E2E/2- 25- 2017 8- 37- 13 PM/Image 9,/kaggle/input/aether-oct5k-pilot/Images/Images_Manual/AMD Part1/AMD (28).E2E/2- 25- 2017 8- 37- 13 PM/Image 9.png,/kaggle/input/aether-oct5k-pilot/Masks/Masks_Manual/Grading_1/AMD Part1/AMD (28).E2E/2- 25- 2017 8- 37- 13 PM/Image 9.png,AMD Part1,train,2f8b3a8ca53ca0cc5182a6cfd250d2c0a9d7e7bf937dfeab186996c3b4cbeb99,c0b82372cd9be90a02128137be7fbf9f5057456fd9497a6a5f4fe5440229aff0,6152695e10e93dc3afe72d45a648f79b5669e57cde31b9e1c215b24ce8daf6ce
AMD Part1/AMD (21).E2E/2- 25- 2017 5- 10- 29 PM/Image 27,/kaggle/input/aether-oct5k-pilot/Images/Images_Manual/AMD Part1/AMD (21).E2E/2- 25- 2017 5- 10- 29 PM/Image 27.png,/kaggle/input/aether-oct5k-pilot/Masks/Masks_Manual/Grading_1/AMD Part1/AMD (21).E2E/2- 25- 2017 5- 10- 29 PM/Image 27.png,AMD Part1,train,4dc61f23ec0bb85627f5e6786a2674439c1b2c1161b1dd21137dc83a7a393448,5313344c46e4d5d2852224c2f64042c38c00a4ef6bf475eb494bababcfae67d8,3d0ff4657fdd2516f254a276c1e46866032331dbac946f2794c442277657479c
Normal Part2/Normal (34).E2E/2- 26- 2017 10- 01- 13 AM/Image 1,/kaggle/input/aether-oct5k-pilot/Images/Images_Manual/Normal Part2/Normal (34).E2E/2- 26- 2017 10- 01- 13 AM/Image 1.png,/kaggle/input/aether-oct5k-pilot/Masks/Masks_Manual/Grading_1/Normal Part2/Normal (34).E2E/2- 26- 2017 10- 01- 13 AM/Image 1.png,Normal Part2,train,7369d5409db88f5c6d15dbee47f840e8490d1ab94b062c00c6fb077320938664,b94c0614098ed00b08354ccbaa01fcc1a3ec93d15c81af51679beb7a844965ba,a6d777e17e01cbffdf81d282f1e1709d8bfe8c7bf34a25b8ce3f91c133ba6c8a
DME/DME (7).E2E/2- 25- 2017 9- 42- 34 PM/Image 1,/kaggle/input/aether-oct5k-pilot/Images/Images_Manual/DME/DME (7).E2E/2- 25- 2017 9- 42- 34 PM/Image 1.png,/kaggle/input/aether-oct5k-pilot/Masks/Masks_Manual/Grading_1/DME/DME (7).E2E/2- 25- 2017 9- 42- 34 PM/Image 1.png,DME,train,34284ae903569c069e34338a360a5eebc23650b9ce602ff88623f3aacc729393,9fa7cfa98c257cad6730ac6745dac8c44fc5e6ca625cf132d6c797c096b64366,5ef6513be8713d963e776d1c0a794598cf2f07cb658c539bbed50dcad99964eb
DME/DME (14).E2E/2- 25- 2017 9- 51- 49 PM/Image 15,/kaggle/input/aether-oct5k-pilot/Images/Images_Manual/DME/DME (14).E2E/2- 25- 2017 9- 51- 49 PM/Image 15.png,/kaggle/input/aether-oct5k-pilot/Masks/Masks_Manual/Grading_1/DME/DME (14).E2E/2- 25- 2017 9- 51- 49 PM/Image 15.png,DME,train,f768ab34a22272e879a4d59b4db44a551be3458785e6e5a482043d23b3ca01b3,3c6ec60a7865aead6fed0214256fe15bdf0a4ecc023d42f5a5330270e2b86985,e93b5b39584dfdea191ebb60019a84060337a285a64d2f9c844ca2fd9a02e358
AMD Part1/AMD (21).E2E/2- 25- 2017 5- 10- 29 PM/Image 49,/kaggle/input/aether-oct5k-pilot/Images/Images_Manual/AMD Part1/AMD (21).E2E/2- 25- 2017 5- 10- 29 PM/Image 49.png,/kaggle/input/aether-oct5k-pilot/Masks/Masks_Manual/Grading_1/AMD Part1/AMD (21).E2E/2- 25- 2017 5- 10- 29 PM/Image 49.png,AMD Part1,train,5f2f1f81a9fb4bdcaef2e967db909f9026c4f9d462c4bf9645bbe98ca82c4c7e,c4fddda93c3ed776ad634a2ac717fbbcfcc54e3fbfe2b75ec95937064ffb09f0,a155bd74144e73c6bc2ec342c0435eba00a97b058d7b95e5ddccdfb91a9c817e
Normal Part1/Normal (10).E2E/2- 26- 2017 9- 18- 14 AM/Image 3,/kaggle/input/aether-oct5k-pilot/Images/Images_Manual/Normal Part1/Normal (10).E2E/2- 26- 2017 9- 18- 14 AM/Image 3.png,/kaggle/input/aether-oct5k-pilot/Masks/Masks_Manual/Grading_1/Normal Part1/Normal (10).E2E/2- 26- 2017 9- 18- 14 AM/Image 3.png,Normal Part1,train,90288194fb0d01c874e08dd544e5560214b1ac1460b167fb2764e980474b2169,02b9301d054dc2c56f7ca10b07eeb203623a87879216c7fe873607bb8ac7a7b6,e8f7ca9cf43e9daf1f9e28eacf104eb3ca5712035856cac6687942ec48f4e1a9
AMD Part1/AMD (10).E2E/2- 25- 2017 9- 27- 53 PM/Image 18,/kaggle/input/aether-oct5k-pilot/Images/Images_Manual/AMD Part1/AMD (10).E2E/2- 25- 2017 9- 27- 53 PM/Image 18.png,/kaggle/input/aether-oct5k-pilot/Masks/Masks_Manual/Grading_1/AMD Part1/AMD (10).E2E/2- 25- 2017 9- 27- 53 PM/Image 18.png,AMD Part1,train,6818b88d960c5b173ca9988f4b22da420957a38ea484954dee41eb1af0191d01,824f12a71484caa27b19c9e0e5971dbeddf39272e12968ad569c0e243a0f096e,3690967999e40a4ff5502a0b9958bdafb28a125462d4c8a08f0bb349b0c0eec4
AMD Part1/AMD (22).E2E/2- 25- 2017 5- 11- 45 PM/Image 19,/kaggle/input/aether-oct5k-pilot/Images/Images_Manual/AMD Part1/AMD (22).E2E/2- 25- 2017 5- 11- 45 PM/Image 19.png,/kaggle/input/aether-oct5k-pilot/Masks/Masks_Manual/Grading_1/AMD Part1/AMD (22).E2E/2- 25- 2017 5- 11- 45 PM/Image 19.png,AMD Part1,train,05d1c6f241cb0e8995313f593400283388335b212581943fc7a90f39000af5c2,93e22e10f2871c61d17ffa389e0c6de88e65e80a5272c23f61b5f26cc2761615,34b0bb479c4da809036824f20f42f5c9a7e7919cd6213731bc8ad939d8f71a39
DME/DME (21).E2E/2- 25- 2017 10- 01- 34 PM/Image 3,/kaggle/input/aether-oct5k-pilot/Images/Images_Manual/DME/DME (21).E2E/2- 25- 2017 10- 01- 34 PM/Image 3.png,/kaggle/input/aether-oct5k-pilot/Masks/Masks_Manual/Grading_1/DME/DME (21).E2E/2- 25- 2017 10- 01- 34 PM/Image 3.png,DME,train,b0bf132b44550c0d47dc2fc0144ef27f90c4acc1cc8aacd3d38d5f6cd5030d2f,e65fe39507501ef5851cc1098953fe5b1481223ee656b5ce11497d4bd8224f1b,f08d7feb844f2da36b0f486bd21cbe28e503de39daba4addb0abfcca40d0465d
DME/DME (26).E2E/2- 25- 2017 10- 10- 17 PM/Image 12,/kaggle/input/aether-oct5k-pilot/Images/Images_Manual/DME/DME (26).E2E/2- 25- 2017 10- 10- 17 PM/Image 12.png,/kaggle/input/aether-oct5k-pilot/Masks/Masks_Manual/Grading_1/DME/DME (26).E2E/2- 25- 2017 10- 10- 17 PM/Image 12.png,DME,train,811659d923d560e50f19ccd42a9da76b91d6816c59b92fa16af517acf26b2d2b,b87558a398d665f71d7f770e7c40892bac18ec3535258974bd1604728fd63531,199e800d23d10daed0bd039c5cc14c4f98be5ca485fa96c81ba410e9d1e38894
DME/DME (29).E2E/2- 25- 2017 10- 15- 35 PM/Image 7,/kaggle/input/aether-oct5k-pilot/Images/Images_Manual/DME/DME (29).E2E/2- 25- 2017 10- 15- 35 PM/Image 7.png,/kaggle/input/aether-oct5k-pilot/Masks/Masks_Manual/Grading_1/DME/DME (29).E2E/2- 25- 2017 10- 15- 35 PM/Image 7.png,DME,train,e0c89decda3fa71b26b14f084b0fe402b4f32d3eb997229e2c3940f443ef91ae,e861a410f91701be729dcad738e7f71045ef8dabae1f2dbd036e1f8f5b507593,7457501b5975bbb6a1e33b6447fe34a503f00f044bc02cea107616751b137a1b
Normal Part1/Normal (12).E2E/2- 26- 2017 9- 23- 28 AM/Image 20,/kaggle/input/aether-oct5k-pilot/Images/Images_Manual/Normal Part1/Normal (12).E2E/2- 26- 2017 9- 23- 28 AM/Image 20.png,/kaggle/input/aether-oct5k-pilot/Masks/Masks_Manual/Grading_1/Normal Part1/Normal (12).E2E/2- 26- 2017 9- 23- 28 AM/Image 20.png,Normal Part1,train,3ab58c2f13b3b6a366cb01335035135f814f3f0bcc99fb6cca5ffd99b7a8e0d4,1e882d0da57338e6d0915202698599107c56b25ffbdf7fc14b354eeb7b24f912,8554d61fdfbfa0402a769fe980e557f36b41855b76eaea74e18130aede46f106
Normal Part1/Normal (13).E2E/2- 26- 2017 9- 25- 04 AM/Image 4,/kaggle/input/aether-oct5k-pilot/Images/Images_Manual/Normal Part1/Normal (13).E2E/2- 26- 2017 9- 25- 04 AM/Image 4.png,/kaggle/input/aether-oct5k-pilot/Masks/Masks_Manual/Grading_1/Normal Part1/Normal (13).E2E/2- 26- 2017 9- 25- 04 AM/Image 4.png,Normal Part1,train,347402b31dac4ffd4923a88b7762c849387119df919fc2b42b86fe2b97658a01,40d4d5bd26222046aff90c107787ee0dbf17c8c87cb27b165375520c723722b6,025280d92214987935903cf3c515e79eb5929de8086999f845e835d8caff14f9
Normal Part2/Normal (47).E2E/2- 26- 2017 10- 21- 43 AM/Image 60,/kaggle/input/aether-oct5k-pilot/Images/Images_Manual/Normal Part2/Normal (47).E2E/2- 26- 2017 10- 21- 43 AM/Image 60.png,/kaggle/input/aether-oct5k-pilot/Masks/Masks_Manual/Grading_1/Normal Part2/Normal (47).E2E/2- 26- 2017 10- 21- 43 AM/Image 60.png,Normal Part2,train,c47fd46c957155e175e6fb6ac39156af74659ec624e20224ab4aaa362eba58a8,0c8056618bc8a09c0946fbf03546b7851ac4032f6e71b494b4e7a402d539012d,653917bed0dfc18f9d128d79201cc6b5425cd8bf00c745669a6cdaca03ec66f3
DME/DME (6).E2E/2- 25- 2017 9- 40- 56 PM/Image 10,/kaggle/input/aether-oct5k-pilot/Images/Images_Manual/DME/DME (6).E2E/2- 25- 2017 9- 40- 56 PM/Image 10.png,/kaggle/input/aether-oct5k-pilot/Masks/Masks_Manual/Grading_1/DME/DME (6).E2E/2- 25- 2017 9- 40- 56 PM/Image 10.png,DME,train,19e14b6c936ad43839f9ee359b3028e19120d92399834f1becf1c96ff78153a7,bc6e260bddd726c6135694db58f2854b9fb7ea05ddab86e55d34e8f9db6253dc,9d12ff8ce28471ca2a2fd44f391c640e39fa315edce259bacb4c0781fa777ea8
Normal Part2/Normal (37).E2E/2- 26- 2017 10- 05- 11 AM/Image 21,/kaggle/input/aether-oct5k-pilot/Images/Images_Manual/Normal Part2/Normal (37).E2E/2- 26- 2017 10- 05- 11 AM/Image 21.png,/kaggle/input/aether-oct5k-pilot/Masks/Masks_Manual/Grading_1/Normal Part2/Normal (37).E2E/2- 26- 2017 10- 05- 11 AM/Image 21.png,Normal Part2,train,5cdd45f83e3cb1cd95df771811d0c10ca46f5361208649de73c8c418a2151df0,a444d852b53fe865520263d42f9a3554132ffd6ab5e992636f62e1e066b2e8ea,9d167b89cc9e35745682caaaf77cdfc560cd4b4b4684b8374e96e72ce7abaeee
AMD Part1/AMD (10).E2E/2- 25- 2017 9- 27- 53 PM/Image 13,/kaggle/input/aether-oct5k-pilot/Images/Images_Manual/AMD Part1/AMD (10).E2E/2- 25- 2017 9- 27- 53 PM/Image 13.png,/kaggle/input/aether-oct5k-pilot/Masks/Masks_Manual/Grading_1/AMD Part1/AMD (10).E2E/2- 25- 2017 9- 27- 53 PM/Image 13.png,AMD Part1,train,2038c1fac280d97740b4f04458dee959f306d806fb388ef9635cbd6809ed48b4,b4afb355d3dc77b7030c7957345ab624ffa31fdd336ded60de78bcef6e4d7799,b489147eddf90f2e2260399056115a432f855a8fc4482ccc803dc2b0c3795f9d
AMD Part1/AMD (10).E2E/2- 25- 2017 9- 27- 53 PM/Image 23,/kaggle/input/aether-oct5k-pilot/Images/Images_Manual/AMD Part1/AMD (10).E2E/2- 25- 2017 9- 27- 53 PM/Image 23.png,/kaggle/input/aether-oct5k-pilot/Masks/Masks_Manual/Grading_1/AMD Part1/AMD (10).E2E/2- 25- 2017 9- 27- 53 PM/Image 23.png,AMD Part1,train,4734fd68c2d2500edc619a229a61edcbe26ca48e48863093afeb0314aa1d3900,421b9f27bcd6c4cea1c83066e863e6d19322e6f06a86c8125320a4ab7419932f,bfcbd6e07e536634ea5e690e4a05c1e88d5154ce55107319e188020c1ecf5f07
Normal Part1/Normal (25).E2E/2- 26- 2017 9- 42- 47 AM/Image 38,/kaggle/input/aether-oct5k-pilot/Images/Images_Manual/Normal Part1/Normal (25).E2E/2- 26- 2017 9- 42- 47 AM/Image 38.png,/kaggle/input/aether-oct5k-pilot/Masks/Masks_Manual/Grading_1/Normal Part1/Normal (25).E2E/2- 26- 2017 9- 42- 47 AM/Image 38.png,Normal Part1,train,d024365b194841c754beb206624eb5c1315bf0ac3ff381f80bdef3e0e6167ead,7592297a85c658fc240c23f312a7a2250855bf0b9439479a66f90cc306576566,211205bf3a90ab09ea4d8c55425f5528f660c09cd34d9c596ce7aea753b1b74c
AMD Part1/AMD (8).E2E/2- 25- 2017 9- 21- 50 PM/Image 7,/kaggle/input/aether-oct5k-pilot/Images/Images_Manual/AMD Part1/AMD (8).E2E/2- 25- 2017 9- 21- 50 PM/Image 7.png,/kaggle/input/aether-oct5k-pilot/Masks/Masks_Manual/Grading_1/AMD Part1/AMD (8).E2E/2- 25- 2017 9- 21- 50 PM/Image 7.png,AMD Part1,train,90ae174268c3de253f1e57878b0bef2188ee69d4217fc64a43caf9ccec26af1f,a00b720a864ed57083e28b5d1c7417998569eb3fd5b821078370584df6e4ada5,ed4c467b4b4e5ba81ec6dfd0b5884e3f969cff4b7deac06bbced063203754d8a
DME/DME (26).E2E/2- 25- 2017 10- 10- 17 PM/Image 7,/kaggle/input/aether-oct5k-pilot/Images/Images_Manual/DME/DME (26).E2E/2- 25- 2017 10- 10- 17 PM/Image 7.png,/kaggle/input/aether-oct5k-pilot/Masks/Masks_Manual/Grading_1/DME/DME (26).E2E/2- 25- 2017 10- 10- 17 PM/Image 7.png,DME,train,524003c8c0b6c7601c10addde6c77994cdbc6b480eb76cc2d3d42b16b4f93574,b29bfcccdb3b9242f8b326e3ade40ca3ecbc24622075cca3aea2f5d56064192c,f7d38406e4e9aaa694a09e3b91a8bba26054dd0c74147d4190dad7c2ce169595
DME/DME (26).E2E/2- 25- 2017 10- 10- 17 PM/Image 13,/kaggle/input/aether-oct5k-pilot/Images/Images_Manual/DME/DME (26).E2E/2- 25- 2017 10- 10- 17 PM/Image 13.png,/kaggle/input/aether-oct5k-pilot/Masks/Masks_Manual/Grading_1/DME/DME (26).E2E/2- 25- 2017 10- 10- 17 PM/Image 13.png,DME,train,fab587a5bc997704ac4ada56f440d8da9db98684efd6556ccc2baf0483e45532,f862ec09fb31ee14795aecace5ada3cb36c3c23df8d0dd55d07c916ee2a85052,a693340b002689ad5c8ed1695cd6ce3ada760a1c9e693f5707529837f65c74a8
Normal Part1/Normal (12).E2E/2- 26- 2017 9- 23- 28 AM/Image 33,/kaggle/input/aether-oct5k-pilot/Images/Images_Manual/Normal Part1/Normal (12).E2E/2- 26- 2017 9- 23- 28 AM/Image 33.png,/kaggle/input/aether-oct5k-pilot/Masks/Masks_Manual/Grading_1/Normal Part1/Normal (12).E2E/2- 26- 2017 9- 23- 28 AM/Image 33.png,Normal Part1,train,0e89650c86352605ed56829ff9eb87e356a647fa4abc96dfe04a7c8be476b5cb,5d4d2ce3a33e41c54a4c533f64eb124d001cd6a86d9de7443029bf69c8a49ea1,42dec27cf388e46fa008de0937135f52014c99f25ec3e22f5a8c34ba0c7b95d2
DME/DME (9).E2E/2- 25- 2017 9- 45- 28 PM/Image 35,/kaggle/input/aether-oct5k-pilot/Images/Images_Manual/DME/DME (9).E2E/2- 25- 2017 9- 45- 28 PM/Image 35.png,/kaggle/input/aether-oct5k-pilot/Masks/Masks_Manual/Grading_1/DME/DME (9).E2E/2- 25- 2017 9- 45- 28 PM/Image 35.png,DME,train,43fe682149c7158c250be0c385e59915417bd05796de5680d30b313bbb8c960e,35d865c8deaa17ae620d22e7ef4657db9a01fa590f6e65cc022736421f840e71,af6acb146234787746b74e4e82a2ad4c6d8c6e2a4cc9cac762a922807f40c111
Normal Part1/Normal (25).E2E/2- 26- 2017 9- 42- 47 AM/Image 53,/kaggle/input/aether-oct5k-pilot/Images/Images_Manual/Normal Part1/Normal (25).E2E/2- 26- 2017 9- 42- 47 AM/Image 53.png,/kaggle/input/aether-oct5k-pilot/Masks/Masks_Manual/Grading_1/Normal Part1/Normal (25).E2E/2- 26- 2017 9- 42- 47 AM/Image 53.png,Normal Part1,train,cf063579ae165dec674c9259b9a769a6c06bb045c09292e17d4c46e82155138f,33b51f907eb3e2100085210cb5aaa29badc68f9e120048161e5e23d1fe33644b,5a04388c49d1fc2ea43a962d38cc0209dcb2361e103e4d73a00a149a7fc14e96
AMD Part1/AMD (8).E2E/2- 25- 2017 9- 21- 50 PM/Image 9,/kaggle/input/aether-oct5k-pilot/Images/Images_Manual/AMD Part1/AMD (8).E2E/2- 25- 2017 9- 21- 50 PM/Image 9.png,/kaggle/input/aether-oct5k-pilot/Masks/Masks_Manual/Grading_1/AMD Part1/AMD (8).E2E/2- 25- 2017 9- 21- 50 PM/Image 9.png,AMD Part1,train,02c87b75f4cf8929dc54cdaa6ab1ad6c2a8eb4942fcce92cb1d5777bb0bb0f70,7db757e72c700c52c1605585d34587befac4ec0187668762167f6ca6d5f58144,b9e46c7c83074acb291df206945a82c8bd60cb03c75421837b7e7d136ab127f8
Normal Part2/Normal (38).E2E/2- 26- 2017 10- 06- 02 AM/Image 22,/kaggle/input/aether-oct5k-pilot/Images/Images_Manual/Normal Part2/Normal (38).E2E/2- 26- 2017 10- 06- 02 AM/Image 22.png,/kaggle/input/aether-oct5k-pilot/Masks/Masks_Manual/Grading_1/Normal Part2/Normal (38).E2E/2- 26- 2017 10- 06- 02 AM/Image 22.png,Normal Part2,train,083794c56fc27905775a3ace830ba97ce2229a2c075e63d9fff1336673cff231,6197601bd83b1fe0991c3d30731ed82de6a1b23969a8e915431af809a9e0a471,4891d5cafe05d080ff46521826c35899761be1102d052048c159be6205c2705d
AMD Part1/AMD (24).E2E/2- 25- 2017 5- 17- 27 PM/Image 8,/kaggle/input/aether-oct5k-pilot/Images/Images_Manual/AMD Part1/AMD (24).E2E/2- 25- 2017 5- 17- 27 PM/Image 8.png,/kaggle/input/aether-oct5k-pilot/Masks/Masks_Manual/Grading_1/AMD Part1/AMD (24).E2E/2- 25- 2017 5- 17- 27 PM/Image 8.png,AMD Part1,train,e219597ed90d72bd9b7bcbe7678cf37b96ce9dacad529dbf21584f00086c6561,a9ee098bec5207ee3534efcd80e40ab31dde7be2f848b026a073dca9031b0b48,701a0059fec08244b3037ac523defa3b9fe73cdb2462540a1562e77ba2409938
DME/DME (28).E2E/2- 25- 2017 10- 12- 57 PM/Image 19,/kaggle/input/aether-oct5k-pilot/Images/Images_Manual/DME/DME (28).E2E/2- 25- 2017 10- 12- 57 PM/Image 19.png,/kaggle/input/aether-oct5k-pilot/Masks/Masks_Manual/Grading_1/DME/DME (28).E2E/2- 25- 2017 10- 12- 57 PM/Image 19.png,DME,train,8ac7a8dfebe22bf5be1dd3b46b0a7dce581d7ee7c10c85ff14bad824b1609596,2fdbb8214042877bce4d20db4ab812c0a3b49c6ec9a14d4624bb218d1d2308a8,77e86a1956c3ee075e0ac76b4e9841f73e50ef22feceb7a7fefca52d603b098f
AMD Part1/AMD (13).E2E/2- 25- 2017 4- 48- 43 PM/Image 10,/kaggle/input/aether-oct5k-pilot/Images/Images_Manual/AMD Part1/AMD (13).E2E/2- 25- 2017 4- 48- 43 PM/Image 10.png,/kaggle/input/aether-oct5k-pilot/Masks/Masks_Manual/Grading_1/AMD Part1/AMD (13).E2E/2- 25- 2017 4- 48- 43 PM/Image 10.png,AMD Part1,train,6e5086655681754364acf120979b5db849e8e01e925c42e6130a8dbf6d925c83,5b8966cba14d1e7776ba8b8034ac3e7890559b329a8c6ccd7f94ec10b272d7e1,65d794b83fb9f33cc15c1dcf929cc2a005092f469ff6651dfd53e0365ee4c7c3
AMD Part1/AMD (13).E2E/2- 25- 2017 4- 48- 43 PM/Image 9,/kaggle/input/aether-oct5k-pilot/Images/Images_Manual/AMD Part1/AMD (13).E2E/2- 25- 2017 4- 48- 43 PM/Image 9.png,/kaggle/input/aether-oct5k-pilot/Masks/Masks_Manual/Grading_1/AMD Part1/AMD (13).E2E/2- 25- 2017 4- 48- 43 PM/Image 9.png,AMD Part1,train,f69a357d114d07966977e0cec393216adf323413314ca3945c2553717a876fa2,d2a6d186c401c0c78143d80c6645b985243ea5cd64fc8932ec15b943e1147d98,a095cdff68861ceeec0412dfa704f63ce62a146025be39c33d9cac9a9d557c15
Normal Part1/Normal (25).E2E/2- 26- 2017 9- 42- 47 AM/Image 30,/kaggle/input/aether-oct5k-pilot/Images/Images_Manual/Normal Part1/Normal (25).E2E/2- 26- 2017 9- 42- 47 AM/Image 30.png,/kaggle/input/aether-oct5k-pilot/Masks/Masks_Manual/Grading_1/Normal Part1/Normal (25).E2E/2- 26- 2017 9- 42- 47 AM/Image 30.png,Normal Part1,train,f6a9dcfce7cc457c7edb8f72ab12dcb9512daefa453538c9b155dfd1be907f44,5d708417eff18a5fd576949b9384dc5d0e3f2a9d7798fc25524a1a14faef5068,a6944e8019ea2a21bbd3ea83c16f8d7cde9c23a248ad300f19890acd3aee4dae
DME/DME (15).E2E/2- 25- 2017 9- 53- 19 PM/Image 2,/kaggle/input/aether-oct5k-pilot/Images/Images_Manual/DME/DME (15).E2E/2- 25- 2017 9- 53- 19 PM/Image 2.png,/kaggle/input/aether-oct5k-pilot/Masks/Masks_Manual/Grading_1/DME/DME (15).E2E/2- 25- 2017 9- 53- 19 PM/Image 2.png,DME,train,48380f5b5cf05e4cc218ea80fd29fa3d8d96cbd3e0dc9fae191188a184088e2c,92e970d707c13bcd4f0348a8235a7fac54433eaa7335f3d4f5afd0265b379324,e660747f96b7e1cf17081cedbccf3a526715f5269aaba24c40650e1eee1de9d3
DME/DME (15).E2E/2- 25- 2017 9- 53- 19 PM/Image 12,/kaggle/input/aether-oct5k-pilot/Images/Images_Manual/DME/DME (15).E2E/2- 25- 2017 9- 53- 19 PM/Image 12.png,/kaggle/input/aether-oct5k-pilot/Masks/Masks_Manual/Grading_1/DME/DME (15).E2E/2- 25- 2017 9- 53- 19 PM/Image 12.png,DME,train,263570c097729025599f3e9ada60ef3710b287e266a90ebe27d4426c0d4046e2,77c59406b8146773da1ee5ed0c76c9880e7202d50680d019a9cb9dd3be29e3d6,c78847bbb2ce5f901ca5842316f393e93307dc3cd07042b6f4f744864c28062e
AMD Part1/AMD (26).E2E/2- 25- 2017 5- 23- 01 PM/Image 17,/kaggle/input/aether-oct5k-pilot/Images/Images_Manual/AMD Part1/AMD (26).E2E/2- 25- 2017 5- 23- 01 PM/Image 17.png,/kaggle/input/aether-oct5k-pilot/Masks/Masks_Manual/Grading_1/AMD Part1/AMD (26).E2E/2- 25- 2017 5- 23- 01 PM/Image 17.png,AMD Part1,train,0525905918afe98119aabcb7f6be56291914f7b308bcc915465c155fe35b3f9d,a81f1804a32328ab61cf6a99ade1294d236d26f5093b918b29da53d1fcbb86cd,f603d9f2f090efeec0ece07b266b433c50b24157becfb49433208148687d1ae8
Normal Part2/Normal (36).E2E/2- 26- 2017 10- 04- 18 AM/Image 16,/kaggle/input/aether-oct5k-pilot/Images/Images_Manual/Normal Part2/Normal (36).E2E/2- 26- 2017 10- 04- 18 AM/Image 16.png,/kaggle/input/aether-oct5k-pilot/Masks/Masks_Manual/Grading_1/Normal Part2/Normal (36).E2E/2- 26- 2017 10- 04- 18 AM/Image 16.png,Normal Part2,train,cafd6dbb3acbc89ddf9cd07628364e175dd5387b1a0fed2e8f939ecee4d6520d,f83d7b1eb3cd14ae062b10050addf30120379ace21507a522a9fda37949cbaed,7b665846c43d9d22b361d8dbc3a548792147e5347aefc430a4a93fe07636010d
Normal Part1/Normal (7).E2E/2- 26- 2017 9- 14- 12 AM/Image 1,/kaggle/input/aether-oct5k-pilot/Images/Images_Manual/Normal Part1/Normal (7).E2E/2- 26- 2017 9- 14- 12 AM/Image 1.png,/kaggle/input/aether-oct5k-pilot/Masks/Masks_Manual/Grading_1/Normal Part1/Normal (7).E2E/2- 26- 2017 9- 14- 12 AM/Image 1.png,Normal Part1,train,6ee5db6f11b4af32be347cbb947ab2df397bbbeb768bc80f83532dca08d95c06,2fcc58de573943d396b9374dc6362cb97e02148b82cdedd6afe8484ac7ef48dd,43f5ee02e26199397fb7a5c7993961d6e6065b9c6557408b806353085c27727a
DME/DME (17).E2E/2- 25- 2017 9- 55- 34 PM/Image 11,/kaggle/input/aether-oct5k-pilot/Images/Images_Manual/DME/DME (17).E2E/2- 25- 2017 9- 55- 34 PM/Image 11.png,/kaggle/input/aether-oct5k-pilot/Masks/Masks_Manual/Grading_1/DME/DME (17).E2E/2- 25- 2017 9- 55- 34 PM/Image 11.png,DME,train,71e28645556a1dd03511d7f5798e4212555148ec621d4d20da1a90439543c2e0,a30c09096e363ad5ed26d62b05d930f2dc47a10a4d9167c58dbf0ed239500586,f326923a11599b9bd9029d724aa9053dbdeff7b5375353bb86a76e81c17c092b
DME/DME (30).E2E/2- 25- 2017 10- 16- 46 PM/Image 17,/kaggle/input/aether-oct5k-pilot/Images/Images_Manual/DME/DME (30).E2E/2- 25- 2017 10- 16- 46 PM/Image 17.png,/kaggle/input/aether-oct5k-pilot/Masks/Masks_Manual/Grading_1/DME/DME (30).E2E/2- 25- 2017 10- 16- 46 PM/Image 17.png,DME,train,53de6da685a897a71ebb7e2177276e6f77ef80f208fdee89e0a449430ab3af07,c09562c41aafec1f4ee67367452d8f56a9c76bc512ef5f188d2716f6293f256f,4292bb5545e304d7988c558ed4e5ac5da4cf0985c28b38cac6c3f9b606947625
Normal Part1/Normal (25).E2E/2- 26- 2017 9- 42- 47 AM/Image 43,/kaggle/input/aether-oct5k-pilot/Images/Images_Manual/Normal Part1/Normal (25).E2E/2- 26- 2017 9- 42- 47 AM/Image 43.png,/kaggle/input/aether-oct5k-pilot/Masks/Masks_Manual/Grading_1/Normal Part1/Normal (25).E2E/2- 26- 2017 9- 42- 47 AM/Image 43.png,Normal Part1,train,d4698793cafa5e90cf7dec7608db4868f11b370bb2ee5206db212fe5ec55e1a9,ae36bec802d925267c1de93c9d725e4e0a58c4695f86ad13aa6220ddc10f7ec3,ca4bedbd0fcfeabe2a73e87ff80c42067fbf185ad2240d8d0a8572d9114643d7
AMD Part1/AMD (34).E2E/2- 25- 2017 8- 59- 29 PM/Image 31,/kaggle/input/aether-oct5k-pilot/Images/Images_Manual/AMD Part1/AMD (34).E2E/2- 25- 2017 8- 59- 29 PM/Image 31.png,/kaggle/input/aether-oct5k-pilot/Masks/Masks_Manual/Grading_1/AMD Part1/AMD (34).E2E/2- 25- 2017 8- 59- 29 PM/Image 31.png,AMD Part1,train,190a771adea0a789f8b2e4dff268cd0b36aed726172941a4b26fe5faa0c06e08,944e164851d54f8b61532a04cb2aa5d30d1aae5dc0b6961c513f1584023ed46f,8fb91a8f45fc1dbc4b5d98530273a9a80a6869fec198143d85ee0a8c8b9f6af1
AMD Part1/AMD (11).E2E/2- 25- 2017 4- 44- 26 PM/Image 8,/kaggle/input/aether-oct5k-pilot/Images/Images_Manual/AMD Part1/AMD (11).E2E/2- 25- 2017 4- 44- 26 PM/Image 8.png,/kaggle/input/aether-oct5k-pilot/Masks/Masks_Manual/Grading_1/AMD Part1/AMD (11).E2E/2- 25- 2017 4- 44- 26 PM/Image 8.png,AMD Part1,train,64567ecc4aa40063cde3cad0dc1ac17208e1f2b2806e3b6379652c632ac06144,75f894b6eeb6540ef23f260d72eac17d8c3fffdb50324e4322eb1d585013414b,de4a6fac05974b3a213e39696cf7bf5bdc25438bf63dff0b04b57707c4ed5bfc
Normal Part1/Normal (27).E2E/2- 26- 2017 9- 46- 33 AM/Image 12,/kaggle/input/aether-oct5k-pilot/Images/Images_Manual/Normal Part1/Normal (27).E2E/2- 26- 2017 9- 46- 33 AM/Image 12.png,/kaggle/input/aether-oct5k-pilot/Masks/Masks_Manual/Grading_1/Normal Part1/Normal (27).E2E/2- 26- 2017 9- 46- 33 AM/Image 12.png,Normal Part1,train,7a3cc9ed3cf5ec01ed2a0af28af709ae0ba91511b53603376bb1966ae3456e34,5600bf796befc99cc21cfcc66db306a0af3c803385f4d4b448342debc065027f,e19f7f27647cee49896df436274a9d82d6832fd0a0def9058137ad5b9e91f238
DME/DME (9).E2E/2- 25- 2017 9- 45- 28 PM/Image 10,/kaggle/input/aether-oct5k-pilot/Images/Images_Manual/DME/DME (9).E2E/2- 25- 2017 9- 45- 28 PM/Image 10.png,/kaggle/input/aether-oct5k-pilot/Masks/Masks_Manual/Grading_1/DME/DME (9).E2E/2- 25- 2017 9- 45- 28 PM/Image 10.png,DME,train,921f3279aa8efdcd5b10f35d987d3caf6a04d10d4f0b5e8fe6b061edc2d042b0,1dc7ea0ef3320229be6e3ec2b046191b15cbe2e53923ebc5bff7f455f630ec8d,5154657ae6d68978d05e4fe67a90694b37676e3266035af9a816c13ecf0303b6
AMD Part1/AMD (10).E2E/2- 25- 2017 9- 27- 53 PM/Image 21,/kaggle/input/aether-oct5k-pilot/Images/Images_Manual/AMD Part1/AMD (10).E2E/2- 25- 2017 9- 27- 53 PM/Image 21.png,/kaggle/input/aether-oct5k-pilot/Masks/Masks_Manual/Grading_1/AMD Part1/AMD (10).E2E/2- 25- 2017 9- 27- 53 PM/Image 21.png,AMD Part1,train,8491c225812ba255cdcaab3a03a32b3251eadea1207ba60893926def2c7ea292,61eaf80462f3ad597f4c9851e704fe9b9ee1d587d551d812be856df44185107a,20fb93475d2a976e80c75ac25d6d78360b6e289b504a1de1b534840f183e62f5
Normal Part1/Normal (25).E2E/2- 26- 2017 9- 42- 47 AM/Image 40,/kaggle/input/aether-oct5k-pilot/Images/Images_Manual/Normal Part1/Normal (25).E2E/2- 26- 2017 9- 42- 47 AM/Image 40.png,/kaggle/input/aether-oct5k-pilot/Masks/Masks_Manual/Grading_1/Normal Part1/Normal (25).E2E/2- 26- 2017 9- 42- 47 AM/Image 40.png,Normal Part1,train,aa93550be5abb850bb917e769e267bf4659b40c4a5878b59f04dd193d2d5ced5,ac0952861d73708cf3fcb5e16cadbaa3c95ce59ee27be07bac4e28c1acd2434d,9949a8413d2b5778bf3c04519dfe68747c5363f05fd5aefca531ac03bcffd7f4
Normal Part2/Normal (37).E2E/2- 26- 2017 10- 05- 11 AM/Image 18,/kaggle/input/aether-oct5k-pilot/Images/Images_Manual/Normal Part2/Normal (37).E2E/2- 26- 2017 10- 05- 11 AM/Image 18.png,/kaggle/input/aether-oct5k-pilot/Masks/Masks_Manual/Grading_1/Normal Part2/Normal (37).E2E/2- 26- 2017 10- 05- 11 AM/Image 18.png,Normal Part2,train,be89b4189697cbf6056be2419382b632f4e12e44a23d57a9a97ea02b08997e1b,1b1895ff5a6ba8b7ef7915b35c5d4ad6a38045defe79b06add5b419df0585f44,f2e6dc542249a4d609ac282e82e55a07f45191a2fb6a041512560bc0f8fdd98e
AMD Part1/AMD (13).E2E/2- 25- 2017 4- 48- 43 PM/Image 24,/kaggle/input/aether-oct5k-pilot/Images/Images_Manual/AMD Part1/AMD (13).E2E/2- 25- 2017 4- 48- 43 PM/Image 24.png,/kaggle/input/aether-oct5k-pilot/Masks/Masks_Manual/Grading_1/AMD Part1/AMD (13).E2E/2- 25- 2017 4- 48- 43 PM/Image 24.png,AMD Part1,train,f66671b21859e52c575fa22e60a24676b8bc54516d2e31606e1b49eed0f03a67,802dca3bc0a6245d6eacf802f4cb03ff1e85d22f532ae8e5660487ed960913c2,026d575fed837b03e6ecf54a227173d5fb430286507fdc3428de9bdddc176cd4
Normal Part2/Normal (40).E2E/2- 26- 2017 10- 10- 37 AM/Image 10,/kaggle/input/aether-oct5k-pilot/Images/Images_Manual/Normal Part2/Normal (40).E2E/2- 26- 2017 10- 10- 37 AM/Image 10.png,/kaggle/input/aether-oct5k-pilot/Masks/Masks_Manual/Grading_1/Normal Part2/Normal (40).E2E/2- 26- 2017 10- 10- 37 AM/Image 10.png,Normal Part2,train,38141ebbc64e7e48a7f0f63e473585469278774db6b122858708330243a7df06,b92959943b177181ad9b77512ac43284b0c22305c09638afb7cb9a1e63bf054b,81fb7793b524804ceb47c1b7659408efc8af4eafc0f1bb9d20240eb5600d87cf
AMD Part1/AMD (29).E2E/2- 25- 2017 8- 39- 05 PM/Image 12,/kaggle/input/aether-oct5k-pilot/Images/Images_Manual/AMD Part1/AMD (29).E2E/2- 25- 2017 8- 39- 05 PM/Image 12.png,/kaggle/input/aether-oct5k-pilot/Masks/Masks_Manual/Grading_1/AMD Part1/AMD (29).E2E/2- 25- 2017 8- 39- 05 PM/Image 12.png,AMD Part1,train,4234eb94dae7670abcebc4b8881682379a8e24e2407b30a88b66103ab023150d,f273d5acfbf321308852a87de542b5149372f182dbedfff72c30b9db92de32a5,3af91c66ed5eba11dc202a41b0a9fa40f673ef4ef0067102e2a542668845ee7e
AMD Part1/AMD (13).E2E/2- 25- 2017 4- 48- 43 PM/Image 46,/kaggle/input/aether-oct5k-pilot/Images/Images_Manual/AMD Part1/AMD (13).E2E/2- 25- 2017 4- 48- 43 PM/Image 46.png,/kaggle/input/aether-oct5k-pilot/Masks/Masks_Manual/Grading_1/AMD Part1/AMD (13).E2E/2- 25- 2017 4- 48- 43 PM/Image 46.png,AMD Part1,train,a9b4973b767fc04a2e3371e3a835d5df889f2a8dbe61449c4d6053b6ff878b21,03b114a5cfc62913e04814630fa405ab80b97b5c2c56ae304479b89ed5ddec16,01e8537d02d984a344556e0ce9eb498d2e4be27e1a08644cc4985b5444cbd752
Normal Part2/Normal (47).E2E/2- 26- 2017 10- 21- 43 AM/Image 43,/kaggle/input/aether-oct5k-pilot/Images/Images_Manual/Normal Part2/Normal (47).E2E/2- 26- 2017 10- 21- 43 AM/Image 43.png,/kaggle/input/aether-oct5k-pilot/Masks/Masks_Manual/Grading_1/Normal Part2/Normal (47).E2E/2- 26- 2017 10- 21- 43 AM/Image 43.png,Normal Part2,train,a8bbe9f6dc08316414139a869aa5dc89abad8ee762a57b5686f5600b6b28a1ba,6ee3e2619032e48ce4b0ac1d6e0c3260146aae4124bedaffd1d5bed8f4f61bc7,1b493f3d459bc30db60d0e6e5e451e16293b13ba11084a849bf54b5f6662d5c9
AMD Part1/AMD (34).E2E/2- 25- 2017 8- 59- 29 PM/Image 17,/kaggle/input/aether-oct5k-pilot/Images/Images_Manual/AMD Part1/AMD (34).E2E/2- 25- 2017 8- 59- 29 PM/Image 17.png,/kaggle/input/aether-oct5k-pilot/Masks/Masks_Manual/Grading_1/AMD Part1/AMD (34).E2E/2- 25- 2017 8- 59- 29 PM/Image 17.png,AMD Part1,train,d75cd95b4a3c4e0dd27b121faff76873e86a0c46680ea2fcd66b0511a579b646,3fca1ecb0218f99dfdfab898b2aea7ce67676681d2ebb22eed66f0f60d155949,6df7031e1217461f35fb73db98443f98d844fad3b9438f0342f3a7526c69e9f3
AMD Part1/AMD (24).E2E/2- 25- 2017 5- 17- 27 PM/Image 15,/kaggle/input/aether-oct5k-pilot/Images/Images_Manual/AMD Part1/AMD (24).E2E/2- 25- 2017 5- 17- 27 PM/Image 15.png,/kaggle/input/aether-oct5k-pilot/Masks/Masks_Manual/Grading_1/AMD Part1/AMD (24).E2E/2- 25- 2017 5- 17- 27 PM/Image 15.png,AMD Part1,train,e4359d644e5f0482ad60e52d6a6a5321999fd90f25f66f0b9c7c2d315a147259,640433933caf99b49c1a70fc2cd93ea089961a25029b7bf00ec666e241134e8a,31f18fd053c40898aa18e674e6a8cb15888a97fea9bb32cc718a51d082541206
AMD Part1/AMD (13).E2E/2- 25- 2017 4- 48- 43 PM/Image 25,/kaggle/input/aether-oct5k-pilot/Images/Images_Manual/AMD Part1/AMD (13).E2E/2- 25- 2017 4- 48- 43 PM/Image 25.png,/kaggle/input/aether-oct5k-pilot/Masks/Masks_Manual/Grading_1/AMD Part1/AMD (13).E2E/2- 25- 2017 4- 48- 43 PM/Image 25.png,AMD Part1,train,9330fa026853bb8673188e11719fd6e8bfcee7c493123d134359596c55a1a5b0,8992460d848389a3672b0d1e21550b406636a2c13a1966968b49ea2f47526e76,48f79f03cfd668aadc16569c2269ee03d30002368f0245b7fa2984676b71550b
AMD Part1/AMD (9).E2E/2- 25- 2017 9- 25- 22 PM/Image 5,/kaggle/input/aether-oct5k-pilot/Images/Images_Manual/AMD Part1/AMD (9).E2E/2- 25- 2017 9- 25- 22 PM/Image 5.png,/kaggle/input/aether-oct5k-pilot/Masks/Masks_Manual/Grading_1/AMD Part1/AMD (9).E2E/2- 25- 2017 9- 25- 22 PM/Image 5.png,AMD Part1,train,4d84e0132258fe92577f590d40402fca96b20070b10d9c2221b6f4d2675d8f66,5556039f8c1f0dc9f4894a5d35a51c8d28506e837708930a82750e03ea039530,cbcff905d0589ab81438c5de1e96fa22c6b00f099c450b108e0dbbda64f235c0
Normal Part1/Normal (14).E2E/2- 26- 2017 9- 26- 02 AM/Image 16,/kaggle/input/aether-oct5k-pilot/Images/Images_Manual/Normal Part1/Normal (14).E2E/2- 26- 2017 9- 26- 02 AM/Image 16.png,/kaggle/input/aether-oct5k-pilot/Masks/Masks_Manual/Grading_1/Normal Part1/Normal (14).E2E/2- 26- 2017 9- 26- 02 AM/Image 16.png,Normal Part1,train,223fa0e3ef0ca72bb087220d801c815da821643c55c9386f4d214f5ba5a9aa68,21f2ce4ebdcb4dbe156e724e964e0ec927504265007d439bb90f10ebc2e739a6,2a00cc324aaeebbc16ad30d380025d6dddde4d072f4ec2938d63e6b7356674c0
AMD Part1/AMD (26).E2E/2- 25- 2017 5- 23- 01 PM/Image 47,/kaggle/input/aether-oct5k-pilot/Images/Images_Manual/AMD Part1/AMD (26).E2E/2- 25- 2017 5- 23- 01 PM/Image 47.png,/kaggle/input/aether-oct5k-pilot/Masks/Masks_Manual/Grading_1/AMD Part1/AMD (26).E2E/2- 25- 2017 5- 23- 01 PM/Image 47.png,AMD Part1,train,c6ed90d01461060234738224b30f2db0e3eb5ee1537e48eb9cb95bf1fddf38ee,dcf9efdd579907808b5fa372d380494dc450d89c08f491415b1ae43ff2500b40,49d8ad34a0ffaa04f29cf2cdcfc3fcc648f1dc98b9be09059255c91ebd1649bf
AMD Part1/AMD (21).E2E/2- 25- 2017 5- 10- 29 PM/Image 56,/kaggle/input/aether-oct5k-pilot/Images/Images_Manual/AMD Part1/AMD (21).E2E/2- 25- 2017 5- 10- 29 PM/Image 56.png,/kaggle/input/aether-oct5k-pilot/Masks/Masks_Manual/Grading_1/AMD Part1/AMD (21).E2E/2- 25- 2017 5- 10- 29 PM/Image 56.png,AMD Part1,train,31c883dbf60a62ade63661765f4a12441c56b39bd9213c89f161ec1d4ea21d04,e2465843b3083d225f81375536059d55ec5b8b5e4d49d48462629b1abe216d9b,97bdeeb8e637814b024969e0f86ab7f8cf08ae1e8c24a97ce3303d7fc5b5d5d6
AMD Part1/AMD (22).E2E/2- 25- 2017 5- 11- 45 PM/Image 27,/kaggle/input/aether-oct5k-pilot/Images/Images_Manual/AMD Part1/AMD (22).E2E/2- 25- 2017 5- 11- 45 PM/Image 27.png,/kaggle/input/aether-oct5k-pilot/Masks/Masks_Manual/Grading_1/AMD Part1/AMD (22).E2E/2- 25- 2017 5- 11- 45 PM/Image 27.png,AMD Part1,train,92517fa9d9649b2a581de84ba79d7a9e9d476f5c89c518dff16408e9969aabdb,811aa818fd5a3747c4bb848b586d137da5e1c1a8426e4a4e7ba1cd431151b5e8,6145a7db0b569c8fb88aa8a879246443fc33bdeaf88626b2604ed4d9c00f9896
AMD Part1/AMD (11).E2E/2- 25- 2017 4- 44- 26 PM/Image 14,/kaggle/input/aether-oct5k-pilot/Images/Images_Manual/AMD Part1/AMD (11).E2E/2- 25- 2017 4- 44- 26 PM/Image 14.png,/kaggle/input/aether-oct5k-pilot/Masks/Masks_Manual/Grading_1/AMD Part1/AMD (11).E2E/2- 25- 2017 4- 44- 26 PM/Image 14.png,AMD Part1,train,84f36b7cb6b474a3f9f7df1110f29ab838a4c5b9c781fc85a776c22baf3d1073,03cad5d8f78acb4be7366c0223ddcef0073207ad789954d51ca7845249d2f4a0,547ccd1a435956e6a275d9c3c10954bf4d69e3f5667f14ce88ca04836384edc3
DME/DME (9).E2E/2- 25- 2017 9- 45- 28 PM/Image 41,/kaggle/input/aether-oct5k-pilot/Images/Images_Manual/DME/DME (9).E2E/2- 25- 2017 9- 45- 28 PM/Image 41.png,/kaggle/input/aether-oct5k-pilot/Masks/Masks_Manual/Grading_1/DME/DME (9).E2E/2- 25- 2017 9- 45- 28 PM/Image 41.png,DME,train,97271c34531839310ac188b9b2d81248668679f8acb988f0dc65b423ecc23151,edbe2f14b9530c063f5e099b13c50aac41acfdffba5db81f608107d88907ccd2,fa29108388e44c7d206d5691838f1bf549be49e4d81e87e63e1d59a353ed0a72
DME/DME (9).E2E/2- 25- 2017 9- 45- 28 PM/Image 33,/kaggle/input/aether-oct5k-pilot/Images/Images_Manual/DME/DME (9).E2E/2- 25- 2017 9- 45- 28 PM/Image 33.png,/kaggle/input/aether-oct5k-pilot/Masks/Masks_Manual/Grading_1/DME/DME (9).E2E/2- 25- 2017 9- 45- 28 PM/Image 33.png,DME,train,801d78b056d94b893465cab8145de80f4b16415df13f8547e7e7252b8516b2a9,a12743051ecae9921c7f794305b1844911a147a3c1a59d3ee8d4990f7d979063,c5a3ab8af0f78362fae7ed05191b633853d9d7769e372c285cbd67fa6b5b86ed
DME/DME (6).E2E/2- 25- 2017 9- 40- 56 PM/Image 6,/kaggle/input/aether-oct5k-pilot/Images/Images_Manual/DME/DME (6).E2E/2- 25- 2017 9- 40- 56 PM/Image 6.png,/kaggle/input/aether-oct5k-pilot/Masks/Masks_Manual/Grading_1/DME/DME (6).E2E/2- 25- 2017 9- 40- 56 PM/Image 6.png,DME,train,67241739b19c446982a82f4fca4727e225da2e30e0cf4596ad3560571876fa4d,91326a6d097f93ed2c0576fbe68953d49f3952b3d3944ed37de54e76c52ba831,bc699c44258cdb093bc2daf671a2c02e752b9339b2faffb1c3002d1454c89b4a
DME/DME (9).E2E/2- 25- 2017 9- 45- 28 PM/Image 42,/kaggle/input/aether-oct5k-pilot/Images/Images_Manual/DME/DME (9).E2E/2- 25- 2017 9- 45- 28 PM/Image 42.png,/kaggle/input/aether-oct5k-pilot/Masks/Masks_Manual/Grading_1/DME/DME (9).E2E/2- 25- 2017 9- 45- 28 PM/Image 42.png,DME,train,a2fc0548513aa4f3f6e7d0795b2d0a6b3c7412d4ae13edb47c250c2908f269e9,3f9776d5642cce8b1ee1183a7460a5a7adcd4f8b132024ad6f442446af33e9e5,7e3c61eecffd8f81d2c0b10436503bbd59d5728e8849aa14f098e62fd9714af2
Normal Part1/Normal (14).E2E/2- 26- 2017 9- 26- 02 AM/Image 10,/kaggle/input/aether-oct5k-pilot/Images/Images_Manual/Normal Part1/Normal (14).E2E/2- 26- 2017 9- 26- 02 AM/Image 10.png,/kaggle/input/aether-oct5k-pilot/Masks/Masks_Manual/Grading_1/Normal Part1/Normal (14).E2E/2- 26- 2017 9- 26- 02 AM/Image 10.png,Normal Part1,train,18476aa86d02f4d4657d9df730a3cdf8cf542969e1bea5be83e01cf4ea978073,7aa7d0411d914e759a54f847cc45c267afbfdcbb0c33ee59b2f45339c6f33b15,4744c2821ca486dca4350b78f794a0c126b7a373e6b72d0a8caaeea5a026df39
AMD Part1/AMD (21).E2E/2- 25- 2017 5- 10- 29 PM/Image 40,/kaggle/input/aether-oct5k-pilot/Images/Images_Manual/AMD Part1/AMD (21).E2E/2- 25- 2017 5- 10- 29 PM/Image 40.png,/kaggle/input/aether-oct5k-pilot/Masks/Masks_Manual/Grading_1/AMD Part1/AMD (21).E2E/2- 25- 2017 5- 10- 29 PM/Image 40.png,AMD Part1,train,e6472e2a5db899d60e8cbe5f3d51fd409a456b2c88bfeaa2016a7bba48b46b4f,8a1cca602797e12767e4cb86716677ba8fc61f55ea83162d0733f8980f61c0b1,574b66ceae13559c0d6cbccdd74202446aec396d395acc4bc951f3e735f697ac
Normal Part2/Normal (40).E2E/2- 26- 2017 10- 10- 37 AM/Image 13,/kaggle/input/aether-oct5k-pilot/Images/Images_Manual/Normal Part2/Normal (40).E2E/2- 26- 2017 10- 10- 37 AM/Image 13.png,/kaggle/input/aether-oct5k-pilot/Masks/Masks_Manual/Grading_1/Normal Part2/Normal (40).E2E/2- 26- 2017 10- 10- 37 AM/Image 13.png,Normal Part2,train,7caed937a0785dd8781164dae08107b0dac7ac84f39c280e571b8fbfe8bc7c73,e128b63a476c43e3258cc3cee129345ac5bc52af1eb77bd0f7c679bb6c2924b5,2c52adb0eaeaea68635d9802f5ee96115e858dde21226f070c6e5e33b0762c07
DME/DME (15).E2E/2- 25- 2017 9- 53- 19 PM/Image 17,/kaggle/input/aether-oct5k-pilot/Images/Images_Manual/DME/DME (15).E2E/2- 25- 2017 9- 53- 19 PM/Image 17.png,/kaggle/input/aether-oct5k-pilot/Masks/Masks_Manual/Grading_1/DME/DME (15).E2E/2- 25- 2017 9- 53- 19 PM/Image 17.png,DME,train,7806d4b090b15f1a39e1c5f0256e8497a7996b5822bdedf26ab5dfb4131554a1,971fb063259ea3558551a325d1a808cb13091beeeb5f81026b877661a64364b1,49babf9e201ba21b6ff3fb78c6de4ed28c3adb246bab611123bdf9062ae1983a
DME/DME (21).E2E/2- 25- 2017 10- 01- 34 PM/Image 6,/kaggle/input/aether-oct5k-pilot/Images/Images_Manual/DME/DME (21).E2E/2- 25- 2017 10- 01- 34 PM/Image 6.png,/kaggle/input/aether-oct5k-pilot/Masks/Masks_Manual/Grading_1/DME/DME (21).E2E/2- 25- 2017 10- 01- 34 PM/Image 6.png,DME,train,f66cb5c89d8bd27da37366291e670637619effe206dd539f5b817d41aca1bdff,eb12f15397fc12e063caf21819448f839efe6a7f431066dfa753a1c20a7af175,ae94bd00a343506eab5b4baa2e517921b30b2ebc1f04567d1609900f1fecae37
Normal Part2/Normal (47).E2E/2- 26- 2017 10- 21- 43 AM/Image 38,/kaggle/input/aether-oct5k-pilot/Images/Images_Manual/Normal Part2/Normal (47).E2E/2- 26- 2017 10- 21- 43 AM/Image 38.png,/kaggle/input/aether-oct5k-pilot/Masks/Masks_Manual/Grading_1/Normal Part2/Normal (47).E2E/2- 26- 2017 10- 21- 43 AM/Image 38.png,Normal Part2,train,006ba9e1e7ba4ef0a9cd634dea335d790e1d46af9d1e4d3f9071352f6be30604,4f78439e2e8fe6b443938dd90872c96075d1dfe20c307349d7fc0a6d4b56c0a9,a4c35976cdb6e9d973df79e4f84c310025f61594d013ffbd215489aece2c7935
DME/DME (7).E2E/2- 25- 2017 9- 42- 34 PM/Image 10,/kaggle/input/aether-oct5k-pilot/Images/Images_Manual/DME/DME (7).E2E/2- 25- 2017 9- 42- 34 PM/Image 10.png,/kaggle/input/aether-oct5k-pilot/Masks/Masks_Manual/Grading_1/DME/DME (7).E2E/2- 25- 2017 9- 42- 34 PM/Image 10.png,DME,train,fa307a951f13d4c34a6babb093821c17fd3ce9fa1fdce638597c88468b393a45,1137df5eede5e4689eecb1359b1594cf95bd12c0104c8c22fedf4da1e0beda20,70667f91173e48f4a08c0a6767f4fdea860b1df3b8cacbaa86bbe526f8e7172f
AMD Part1/AMD (28).E2E/2- 25- 2017 8- 37- 13 PM/Image 17,/kaggle/input/aether-oct5k-pilot/Images/Images_Manual/AMD Part1/AMD (28).E2E/2- 25- 2017 8- 37- 13 PM/Image 17.png,/kaggle/input/aether-oct5k-pilot/Masks/Masks_Manual/Grading_1/AMD Part1/AMD (28).E2E/2- 25- 2017 8- 37- 13 PM/Image 17.png,AMD Part1,train,22511e9617e7d9a1c2b4c342757922b93f144524760eb24152730a948df110bb,ad1b69f55750dfb4451a5400db9bac0403777ffb2a5925ee6ce0cc02c445e8ae,3b832a42011512507544516ac6b9f682c1530db9e2a5e08802e27c96e1b28396
AMD Part1/AMD (24).E2E/2- 25- 2017 5- 17- 27 PM/Image 28,/kaggle/input/aether-oct5k-pilot/Images/Images_Manual/AMD Part1/AMD (24).E2E/2- 25- 2017 5- 17- 27 PM/Image 28.png,/kaggle/input/aether-oct5k-pilot/Masks/Masks_Manual/Grading_1/AMD Part1/AMD (24).E2E/2- 25- 2017 5- 17- 27 PM/Image 28.png,AMD Part1,train,f2ca819e2302631f107f7f5d3254fc388c8e31dda990397ef7d8625c2772e7a4,f420429ff55aa9c12030f490451030f0cc28ecb2563deeee2e8ea086ea013b01,00683381dbaac6aa988681a04d202bff6277eeaf80acb6d6df95b6e622f79c67
DME/DME (26).E2E/2- 25- 2017 10- 10- 17 PM/Image 6,/kaggle/input/aether-oct5k-pilot/Images/Images_Manual/DME/DME (26).E2E/2- 25- 2017 10- 10- 17 PM/Image 6.png,/kaggle/input/aether-oct5k-pilot/Masks/Masks_Manual/Grading_1/DME/DME (26).E2E/2- 25- 2017 10- 10- 17 PM/Image 6.png,DME,train,150803329b8e452329c4b346bc14d23822356f7f38d0de7f341dad919d7f125d,63aa079d0c3a6e0d8d9c36abd01c81c32e8ce9f00fc91b958dab714b3f5d3945,51b0c0850aeb49cc55a49324f8d0e1bace0ede5827a2b94e28cd89ec97efd4cf
Normal Part1/Normal (10).E2E/2- 26- 2017 9- 18- 14 AM/Image 8,/kaggle/input/aether-oct5k-pilot/Images/Images_Manual/Normal Part1/Normal (10).E2E/2- 26- 2017 9- 18- 14 AM/Image 8.png,/kaggle/input/aether-oct5k-pilot/Masks/Masks_Manual/Grading_1/Normal Part1/Normal (10).E2E/2- 26- 2017 9- 18- 14 AM/Image 8.png,Normal Part1,train,e223145b0a23eb43d3f9a49f50265c7cc292737e64822ffa293e38e23a785dd6,a2042ea7e472d56e18b05918a53641639a738dd8b7b8cbb3129c24d24b1b8644,25f1aa0920abbb5ec41e97dcf74e522d980c87c376a68d2a6e837414b62df8e5
Normal Part1/Normal (25).E2E/2- 26- 2017 9- 42- 47 AM/Image 26,/kaggle/input/aether-oct5k-pilot/Images/Images_Manual/Normal Part1/Normal (25).E2E/2- 26- 2017 9- 42- 47 AM/Image 26.png,/kaggle/input/aether-oct5k-pilot/Masks/Masks_Manual/Grading_1/Normal Part1/Normal (25).E2E/2- 26- 2017 9- 42- 47 AM/Image 26.png,Normal Part1,train,aab472c6d51470b2bf43bd20d25192ede74033031ff1571ab3d29aeb3d7a24d5,98d42d0e70dcdcdfcc5e6a4e29fc6bd6961616ecd3ac70a7575bc7bd79b52c2d,5f50932cfad14efe347bcfa540d708c65bb7b062f2abe5e6d96c9f610fe52f49
DME/DME (28).E2E/2- 25- 2017 10- 12- 57 PM/Image 2,/kaggle/input/aether-oct5k-pilot/Images/Images_Manual/DME/DME (28).E2E/2- 25- 2017 10- 12- 57 PM/Image 2.png,/kaggle/input/aether-oct5k-pilot/Masks/Masks_Manual/Grading_1/DME/DME (28).E2E/2- 25- 2017 10- 12- 57 PM/Image 2.png,DME,train,186f467b5c5e5d3fb823bdf4d9b8e194c6481e9c8d2390fa7f2a61e84a721598,34e2e6be25c3c01e0b00f02c027d286a5a605411fb3c4ee1992aff40f0108530,dd207fc91f8d8130f958ee5d18dd0ee529a49092a9f272783f01037ac8840884
AMD Part1/AMD (10).E2E/2- 25- 2017 9- 27- 53 PM/Image 1,/kaggle/input/aether-oct5k-pilot/Images/Images_Manual/AMD Part1/AMD (10).E2E/2- 25- 2017 9- 27- 53 PM/Image 1.png,/kaggle/input/aether-oct5k-pilot/Masks/Masks_Manual/Grading_1/AMD Part1/AMD (10).E2E/2- 25- 2017 9- 27- 53 PM/Image 1.png,AMD Part1,train,651363aa9dcdfdd95787d218e068e2ecd229349295eace472a84fe0d147b5bae,df04d4f843534783fcebc155812fddfb8e57d71afe77e9604be5caff31427653,f8b5594fc0b300b5d90e209a697dd4bed8441c59d0b4d858a937b60f5858613d
AMD Part1/AMD (35).E2E/2- 25- 2017 9- 00- 52 PM/Image 29,/kaggle/input/aether-oct5k-pilot/Images/Images_Manual/AMD Part1/AMD (35).E2E/2- 25- 2017 9- 00- 52 PM/Image 29.png,/kaggle/input/aether-oct5k-pilot/Masks/Masks_Manual/Grading_1/AMD Part1/AMD (35).E2E/2- 25- 2017 9- 00- 52 PM/Image 29.png,AMD Part1,train,de8a9f1a17b3f5de3f36e1eeca1b41208ca4372511c894124c1ef924efc85930,3817f0e4f5810d930449c3bde117d32f61664ebf4e1f18072fc682988e51d240,5ae4a7a5a341f611781003a39d310c5874d53b4987e570e1459cf9623b0f5401
AMD Part1/AMD (2).E2E/2- 25- 2017 9- 12- 39 PM/Image 10,/kaggle/input/aether-oct5k-pilot/Images/Images_Manual/AMD Part1/AMD (2).E2E/2- 25- 2017 9- 12- 39 PM/Image 10.png,/kaggle/input/aether-oct5k-pilot/Masks/Masks_Manual/Grading_1/AMD Part1/AMD (2).E2E/2- 25- 2017 9- 12- 39 PM/Image 10.png,AMD Part1,train,f03aeb231b3ee7c34e40996a35bc0f5d49d20ec93dcd6d0db09a6a6fa9fc0e46,8f4735dab03759418539d750fe13f9bee14f8f19ea6501dd03adbc4fb8825609,d98880535fdf89e6ef739b6f7abadd21bc52b4d92a79f21d0faa64baa2e1c123
DME/DME (14).E2E/2- 25- 2017 9- 51- 49 PM/Image 13,/kaggle/input/aether-oct5k-pilot/Images/Images_Manual/DME/DME (14).E2E/2- 25- 2017 9- 51- 49 PM/Image 13.png,/kaggle/input/aether-oct5k-pilot/Masks/Masks_Manual/Grading_1/DME/DME (14).E2E/2- 25- 2017 9- 51- 49 PM/Image 13.png,DME,train,7b25c8ce57241b7e18365b8cefd60db7f500ef8066e292305915234d71b15ca6,b154ee78707d65a0fd0d6d4d26defb329c04436030e5ad259ed65b44236fbbac,d3e46735a1df9b5525e3201b630fa21197ce90448ee23fa6cbf7c6f72d2ad4ad
Normal Part1/Normal (13).E2E/2- 26- 2017 9- 25- 04 AM/Image 9,/kaggle/input/aether-oct5k-pilot/Images/Images_Manual/Normal Part1/Normal (13).E2E/2- 26- 2017 9- 25- 04 AM/Image 9.png,/kaggle/input/aether-oct5k-pilot/Masks/Masks_Manual/Grading_1/Normal Part1/Normal (13).E2E/2- 26- 2017 9- 25- 04 AM/Image 9.png,Normal Part1,train,c4d6fa21c002364257a659aed6892341b982fe08655a3322a45d0ba7b902deac,bd6a6c93a9de934a227b17d49065d456be1fd87d2cec23cddb743c1dc7cdd86d,c0afc8aa71bc5619409bdbbaad18077686b7e0ec3d571b9b4f8c8f111e5473c9
Normal Part1/Normal (26).E2E/2- 26- 2017 9- 44- 13 AM/Image 21,/kaggle/input/aether-oct5k-pilot/Images/Images_Manual/Normal Part1/Normal (26).E2E/2- 26- 2017 9- 44- 13 AM/Image 21.png,/kaggle/input/aether-oct5k-pilot/Masks/Masks_Manual/Grading_1/Normal Part1/Normal (26).E2E/2- 26- 2017 9- 44- 13 AM/Image 21.png,Normal Part1,train,11acee86951accc610ca53ca2ea74613c801b9cbfccb044a95af43e8a336df74,33c18f594de089f0150c7133718c380018a40a9e5e6ae7a2488775d6d4624ba4,53935d1539c75ef21a3885142f682bf18254c7da6b347e18fcca06db7d6083bb
AMD Part1/AMD (13).E2E/2- 25- 2017 4- 48- 43 PM/Image 15,/kaggle/input/aether-oct5k-pilot/Images/Images_Manual/AMD Part1/AMD (13).E2E/2- 25- 2017 4- 48- 43 PM/Image 15.png,/kaggle/input/aether-oct5k-pilot/Masks/Masks_Manual/Grading_1/AMD Part1/AMD (13).E2E/2- 25- 2017 4- 48- 43 PM/Image 15.png,AMD Part1,train,d41a19d51d52d17ba8c7248e3e43fc7bb952092a597f32159709317b6481380a,0fc5fe12499c957772441160cba6ba348cc0d2186e879854585e8de75df1c3d0,92bc4ab9c0510b4ea17d1c66c001d74fef39bfe8eec170277fa1a3f7693bdc09
Normal Part1/Normal (27).E2E/2- 26- 2017 9- 46- 33 AM/Image 11,/kaggle/input/aether-oct5k-pilot/Images/Images_Manual/Normal Part1/Normal (27).E2E/2- 26- 2017 9- 46- 33 AM/Image 11.png,/kaggle/input/aether-oct5k-pilot/Masks/Masks_Manual/Grading_1/Normal Part1/Normal (27).E2E/2- 26- 2017 9- 46- 33 AM/Image 11.png,Normal Part1,train,eb89955968c5279910188c9db1c6e9cf459c2b47ac2c56f558f4513578968270,a7ddb4b5a1f7fc95323f4fedac0d1287058c3a4089367e6e012e82d8fe450a72,2a75885f2b6af7ccb7e8ebdc9d9fcf56c3b261c9f77cea96bebd5d4474b3f920
Normal Part1/Normal (13).E2E/2- 26- 2017 9- 25- 04 AM/Image 15,/kaggle/input/aether-oct5k-pilot/Images/Images_Manual/Normal Part1/Normal (13).E2E/2- 26- 2017 9- 25- 04 AM/Image 15.png,/kaggle/input/aether-oct5k-pilot/Masks/Masks_Manual/Grading_1/Normal Part1/Normal (13).E2E/2- 26- 2017 9- 25- 04 AM/Image 15.png,Normal Part1,train,d88e505a2ee383cf48073b89ca3a16bccc49873b850bdf48f1247a8a9d875908,33692e8f73238a696853a44d6a8e3416522e530ff6bab8e26128bb646cc97ed3,0be04b24df2823f457ee80988c4534aea6cb2a792711c504fed72ca6faa36360
Normal Part1/Normal (10).E2E/2- 26- 2017 9- 18- 14 AM/Image 18,/kaggle/input/aether-oct5k-pilot/Images/Images_Manual/Normal Part1/Normal (10).E2E/2- 26- 2017 9- 18- 14 AM/Image 18.png,/kaggle/input/aether-oct5k-pilot/Masks/Masks_Manual/Grading_1/Normal Part1/Normal (10).E2E/2- 26- 2017 9- 18- 14 AM/Image 18.png,Normal Part1,train,a282b2f0633a1bf3894d216e08468217c0f3e0b841016a5c8f7f58635258004b,d74e2c7660eccc0ee66b24ac93bc1d7f55b8f8af2fe31af751992e253208fab5,a51a57fb07dbcfa5382b30e83ab0076e8fe12b982e9682e3758c6f91d5069a55
AMD Part1/AMD (24).E2E/2- 25- 2017 5- 17- 27 PM/Image 16,/kaggle/input/aether-oct5k-pilot/Images/Images_Manual/AMD Part1/AMD (24).E2E/2- 25- 2017 5- 17- 27 PM/Image 16.png,/kaggle/input/aether-oct5k-pilot/Masks/Masks_Manual/Grading_1/AMD Part1/AMD (24).E2E/2- 25- 2017 5- 17- 27 PM/Image 16.png,AMD Part1,train,105e067b68fcc57e6c83d5a6151e9979ab7697d6232b79d807d311407ebd55e7,fc0e1de699d82fa2240507038d84644a1c2a8980b76f6a71d00027d58cd73546,73ab57052c15434d9a8a1f3d6aec31eca07ccbab17865c8c80aa28ed74a365c0
Normal Part1/Normal (7).E2E/2- 26- 2017 9- 14- 12 AM/Image 18,/kaggle/input/aether-oct5k-pilot/Images/Images_Manual/Normal Part1/Normal (7).E2E/2- 26- 2017 9- 14- 12 AM/Image 18.png,/kaggle/input/aether-oct5k-pilot/Masks/Masks_Manual/Grading_1/Normal Part1/Normal (7).E2E/2- 26- 2017 9- 14- 12 AM/Image 18.png,Normal Part1,train,64a277dbe9d9f765d4e165cf0821c2645fab1636ad6c1408660b9c0be8ffc583,695686a13111dadcb22c838f786fc73d7dcfe43326f4bf9413075f5efe5d0997,6da030f94b35d1f53f1445f499dacb283425cdb11609b1d1aac9e119e90f0352
AMD Part2/AMD (48).E2E/2- 25- 2017 4- 42- 21 PM/Image 7,/kaggle/input/aether-oct5k-pilot/Images/Images_Manual/AMD Part2/AMD (48).E2E/2- 25- 2017 4- 42- 21 PM/Image 7.png,/kaggle/input/aether-oct5k-pilot/Masks/Masks_Manual/Grading_1/AMD Part2/AMD (48).E2E/2- 25- 2017 4- 42- 21 PM/Image 7.png,AMD Part2,train,cc41078253b7a1d286cdbdfcb2a1f7080fb971b7e5dd9c3c5018d11219f09735,b88ffd7625f8d5c93bfa63418f2aa18c2fabbf7743973b4b787c5b9afc97420e,822b4fae304c8da1bc6de301926b89201082bf8891ea5755cc0dbf44fd0e9c4c
Normal Part2/Normal (35).E2E/2- 26- 2017 10- 03- 02 AM/Image 6,/kaggle/input/aether-oct5k-pilot/Images/Images_Manual/Normal Part2/Normal (35).E2E/2- 26- 2017 10- 03- 02 AM/Image 6.png,/kaggle/input/aether-oct5k-pilot/Masks/Masks_Manual/Grading_1/Normal Part2/Normal (35).E2E/2- 26- 2017 10- 03- 02 AM/Image 6.png,Normal Part2,train,16e21e1ec828042e0c5d6433d65f8a692713434da218e96b60bf5ffc6daa14e8,ae463b518096e2451f7ad1172424f34162cae47ce5499e3f79ca8fcfd680b857,2b43de0780724a276a6b7887973390165daa65cc803ae590d91c9c7048050b77
AMD Part1/AMD (26).E2E/2- 25- 2017 5- 23- 01 PM/Image 52,/kaggle/input/aether-oct5k-pilot/Images/Images_Manual/AMD Part1/AMD (26).E2E/2- 25- 2017 5- 23- 01 PM/Image 52.png,/kaggle/input/aether-oct5k-pilot/Masks/Masks_Manual/Grading_1/AMD Part1/AMD (26).E2E/2- 25- 2017 5- 23- 01 PM/Image 52.png,AMD Part1,train,097db91e0b091fff2a8d60a84fe1b72af982b6e5cd5d02659c12a38701f23307,305e5fa223c1f1fd3e0c4c24fb5b6b495a5a0787eb5416acb5a4dd9807fea662,70df2d82d9da38e5ae3609cd68f15fc6100a523b9ca7eba0433015d68c7a0796
AMD Part1/AMD (11).E2E/2- 25- 2017 4- 44- 26 PM/Image 3,/kaggle/input/aether-oct5k-pilot/Images/Images_Manual/AMD Part1/AMD (11).E2E/2- 25- 2017 4- 44- 26 PM/Image 3.png,/kaggle/input/aether-oct5k-pilot/Masks/Masks_Manual/Grading_1/AMD Part1/AMD (11).E2E/2- 25- 2017 4- 44- 26 PM/Image 3.png,AMD Part1,train,63d12091310c9b1089237163b457c50d5fe0a95c7f94de68e8ed15235b72628d,e9331a594b59f2c4c2fb7a7da12774cfe8888660443db331198f2a61d36634e8,2c7c7a002d32ff613abfe2d81bfa53f3445f09e2d947d81f463314923724e1bb
Normal Part2/Normal (40).E2E/2- 26- 2017 10- 10- 37 AM/Image 7,/kaggle/input/aether-oct5k-pilot/Images/Images_Manual/Normal Part2/Normal (40).E2E/2- 26- 2017 10- 10- 37 AM/Image 7.png,/kaggle/input/aether-oct5k-pilot/Masks/Masks_Manual/Grading_1/Normal Part2/Normal (40).E2E/2- 26- 2017 10- 10- 37 AM/Image 7.png,Normal Part2,train,396cb3fd0930ddf42ac0961a36f04677e4e81ec0d7add1dd5f01cd9fa2ac0403,279db6a10604acae4a0f34294686ad8a93dccde4639e0140b1c1139462ece35a,b59f88b4da521967172685deb0d6c29c29bb34b7b105eaec5926e560d905db4c
Normal Part2/Normal (37).E2E/2- 26- 2017 10- 05- 11 AM/Image 20,/kaggle/input/aether-oct5k-pilot/Images/Images_Manual/Normal Part2/Normal (37).E2E/2- 26- 2017 10- 05- 11 AM/Image 20.png,/kaggle/input/aether-oct5k-pilot/Masks/Masks_Manual/Grading_1/Normal Part2/Normal (37).E2E/2- 26- 2017 10- 05- 11 AM/Image 20.png,Normal Part2,train,6bd9623374c8b66feb265adcace8714fd7dd0ab88556313732e7f5aee582aeb7,351de951e83462af499d38cde9d44ebb3baa531fd276510dd23ab7b689043c2b,23a2ee37451f5a32ad620999351e925b139fdadc46916bdf8af5cae3cfcadc3c
AMD Part1/AMD (26).E2E/2- 25- 2017 5- 23- 01 PM/Image 12,/kaggle/input/aether-oct5k-pilot/Images/Images_Manual/AMD Part1/AMD (26).E2E/2- 25- 2017 5- 23- 01 PM/Image 12.png,/kaggle/input/aether-oct5k-pilot/Masks/Masks_Manual/Grading_1/AMD Part1/AMD (26).E2E/2- 25- 2017 5- 23- 01 PM/Image 12.png,AMD Part1,train,8840b5e3a2f9318b95b62ee65868e3febecf974eac2e479c56240d4950b91051,eafdfceca00a5536796754aaccb95f4e1e7eac2e08a668e4146e8dc691a14f90,8fbc7e517cce6c02d58e7f357b3b8337d0851daca31105bb359a74bd4394ba48
Normal Part2/Normal (49).E2E/2- 26- 2017 10- 23- 58 AM/Image 12,/kaggle/input/aether-oct5k-pilot/Images/Images_Manual/Normal Part2/Normal (49).E2E/2- 26- 2017 10- 23- 58 AM/Image 12.png,/kaggle/input/aether-oct5k-pilot/Masks/Masks_Manual/Grading_1/Normal Part2/Normal (49).E2E/2- 26- 2017 10- 23- 58 AM/Image 12.png,Normal Part2,train,4536003f71a32d1965522667922835726e76579047b0f9d565ded4c0e2195d9c,9b94318d5fd5e0c170772e47685b77bc9abc4a1c5630f3663365edf5a0bf995a,1c6ca5ef8f021f9adc92e151ef6905e9aaca41a04bd4c3ae4f8be07891ee3164
AMD Part1/AMD (10).E2E/2- 25- 2017 9- 27- 53 PM/Image 25,/kaggle/input/aether-oct5k-pilot/Images/Images_Manual/AMD Part1/AMD (10).E2E/2- 25- 2017 9- 27- 53 PM/Image 25.png,/kaggle/input/aether-oct5k-pilot/Masks/Masks_Manual/Grading_1/AMD Part1/AMD (10).E2E/2- 25- 2017 9- 27- 53 PM/Image 25.png,AMD Part1,train,b11f70333942fdeb781e121c2d783f597fef81770b7fe6d2d031720bf9747d7a,f499cc35cb4d16becad6af1b5f46dcca72f89f996363f1a7bb4a0758116bbd16,155b2e97efef344b563af3d8519f5c01bbac4750699dd379a3c81ba32f94baab
AMD Part1/AMD (13).E2E/2- 25- 2017 4- 48- 43 PM/Image 30,/kaggle/input/aether-oct5k-pilot/Images/Images_Manual/AMD Part1/AMD (13).E2E/2- 25- 2017 4- 48- 43 PM/Image 30.png,/kaggle/input/aether-oct5k-pilot/Masks/Masks_Manual/Grading_1/AMD Part1/AMD (13).E2E/2- 25- 2017 4- 48- 43 PM/Image 30.png,AMD Part1,train,deffa4595b65d620746612fe5f3d23ba47da7381b56a6edb9b73a1360899975c,5f35e2de840a4e1407ac4c68e45a2f72729d3daf3677d8546dca74d07e47fa5b,a4f588678cffa971d36109569ef71833d805e782e79b3b8ab5592a163f6c3031
DME/DME (29).E2E/2- 25- 2017 10- 15- 35 PM/Image 5,/kaggle/input/aether-oct5k-pilot/Images/Images_Manual/DME/DME (29).E2E/2- 25- 2017 10- 15- 35 PM/Image 5.png,/kaggle/input/aether-oct5k-pilot/Masks/Masks_Manual/Grading_1/DME/DME (29).E2E/2- 25- 2017 10- 15- 35 PM/Image 5.png,DME,train,ad473c5097c618ee72133588348328e9f376b134c8d09ec42957fe442234a5f8,2bcb27caa8aee30a90a4f93ad7b353e078835805f74e600746113a725eebeb6b,55a95d37a5d6e158701aeeb82cf9fb448717dcbb0ebd2432f327f16388e63505
AMD Part1/AMD (29).E2E/2- 25- 2017 8- 39- 05 PM/Image 19,/kaggle/input/aether-oct5k-pilot/Images/Images_Manual/AMD Part1/AMD (29).E2E/2- 25- 2017 8- 39- 05 PM/Image 19.png,/kaggle/input/aether-oct5k-pilot/Masks/Masks_Manual/Grading_1/AMD Part1/AMD (29).E2E/2- 25- 2017 8- 39- 05 PM/Image 19.png,AMD Part1,train,4c5981aee4bb09b865754691fad84ff6ba60adccb369552aa4abe6cfe5d05e73,f0469a7dfeda9dc20b2149886e30decae0a7a9a3e7040a601b877382dcd37e37,1dbfaabe4914d7eb903bad98e9aaa7fdf0d36f4401dbeb02d409b33d850681ee
DME/DME (31).E2E/2- 25- 2017 10- 17- 51 PM/Image 17,/kaggle/input/aether-oct5k-pilot/Images/Images_Manual/DME/DME (31).E2E/2- 25- 2017 10- 17- 51 PM/Image 17.png,/kaggle/input/aether-oct5k-pilot/Masks/Masks_Manual/Grading_1/DME/DME (31).E2E/2- 25- 2017 10- 17- 51 PM/Image 17.png,DME,train,e5cd36c7d8e374af2e732db08ab841038ee868b9e9e8adda49d1443aa17a8155,08bfb8f8314ffe6a920e7a00899ecc25ed4d3422b399a8e3fa017076c4a2d468,81af92e751e942faa7bc0ab8dfcd38de479e095ba57884296c0135e72147964e
DME/DME (21).E2E/2- 25- 2017 10- 01- 34 PM/Image 14,/kaggle/input/aether-oct5k-pilot/Images/Images_Manual/DME/DME (21).E2E/2- 25- 2017 10- 01- 34 PM/Image 14.png,/kaggle/input/aether-oct5k-pilot/Masks/Masks_Manual/Grading_1/DME/DME (21).E2E/2- 25- 2017 10- 01- 34 PM/Image 14.png,DME,train,8efca5f27a888e9dea50f8e220e67a0816403379c979cd84b07c578418ee3be6,32161156204ae78bfc3b0f6838fabce46e5da8bee74c80323bb762381dc916bb,7ce3617bd2c02e037ea0776247a13092d93db8c86fa44e101ce164080f916e39
Normal Part2/Normal (47).E2E/2- 26- 2017 10- 21- 43 AM/Image 27,/kaggle/input/aether-oct5k-pilot/Images/Images_Manual/Normal Part2/Normal (47).E2E/2- 26- 2017 10- 21- 43 AM/Image 27.png,/kaggle/input/aether-oct5k-pilot/Masks/Masks_Manual/Grading_1/Normal Part2/Normal (47).E2E/2- 26- 2017 10- 21- 43 AM/Image 27.png,Normal Part2,train,2413d6bb65a89910a4424e30037b6eb6646203f440e7f5164168f466aeea09da,de0134d5e0d89278cd075628c17be4073b8b19194dfef91e2da90328616d2bb3,b90de0e15d1528242c362ffe9842344e18e016ff7c8455f06774b0279b0031e7
Normal Part1/Normal (14).E2E/2- 26- 2017 9- 26- 02 AM/Image 6,/kaggle/input/aether-oct5k-pilot/Images/Images_Manual/Normal Part1/Normal (14).E2E/2- 26- 2017 9- 26- 02 AM/Image 6.png,/kaggle/input/aether-oct5k-pilot/Masks/Masks_Manual/Grading_1/Normal Part1/Normal (14).E2E/2- 26- 2017 9- 26- 02 AM/Image 6.png,Normal Part1,train,1cb7505ab13e1a58c0ce01ca3b4f3ac3602cd2e2d780b242bf04f3d1191cbd80,261cf3a243dbb47237a89622af16a5e3d7f77b4948cf65f1a27a79bad684e01a,405b029e4b5a3e0379e36d90b5b0195fde641f3e2f915bb3677d436fd3cd89e4
AMD Part1/AMD (23).E2E/2- 25- 2017 5- 14- 57 PM/Image 49,/kaggle/input/aether-oct5k-pilot/Images/Images_Manual/AMD Part1/AMD (23).E2E/2- 25- 2017 5- 14- 57 PM/Image 49.png,/kaggle/input/aether-oct5k-pilot/Masks/Masks_Manual/Grading_1/AMD Part1/AMD (23).E2E/2- 25- 2017 5- 14- 57 PM/Image 49.png,AMD Part1,train,97c99862a1f874b2e58d0f401e09ff9b6831aafb168b5edc9993561054b2c6cb,e6b768822ec6d7baeeeb73e802c7bea4bcb56b6fcf4fb60427f7536b0a1acd70,e3f4b41b8681f1f778e9cb90b09b762fb93053bcce27df4d3e62577d9a5a7d51
AMD Part1/AMD (26).E2E/2- 25- 2017 5- 23- 01 PM/Image 37,/kaggle/input/aether-oct5k-pilot/Images/Images_Manual/AMD Part1/AMD (26).E2E/2- 25- 2017 5- 23- 01 PM/Image 37.png,/kaggle/input/aether-oct5k-pilot/Masks/Masks_Manual/Grading_1/AMD Part1/AMD (26).E2E/2- 25- 2017 5- 23- 01 PM/Image 37.png,AMD Part1,train,f7278a27f73b6d868e3c55f6f347dd160e8cc85890800316e8617a7c37c06bef,d0c6ccd538c40f829ba1aaa625777a281e09cab64808c8d6690478cdbc08080d,88a9cec7df081927a7fef33c8b1deeb19d71fbe51cbc929de4f84b10022ff3bf
AMD Part1/AMD (23).E2E/2- 25- 2017 5- 14- 57 PM/Image 27,/kaggle/input/aether-oct5k-pilot/Images/Images_Manual/AMD Part1/AMD (23).E2E/2- 25- 2017 5- 14- 57 PM/Image 27.png,/kaggle/input/aether-oct5k-pilot/Masks/Masks_Manual/Grading_1/AMD Part1/AMD (23).E2E/2- 25- 2017 5- 14- 57 PM/Image 27.png,AMD Part1,train,303782010c412a7fba89d6418dae83d9350293f14412e623a0bf70c6f19f0d49,bea71b95e96a57012db188baa7994e31ba7e46a6b7d63bea3f828e97f761c352,6f7f8d6de41566a3bfeb82fab51845c93033b1c33b84c502e6970a34a454e8ea
AMD Part1/AMD (35).E2E/2- 25- 2017 9- 00- 52 PM/Image 24,/kaggle/input/aether-oct5k-pilot/Images/Images_Manual/AMD Part1/AMD (35).E2E/2- 25- 2017 9- 00- 52 PM/Image 24.png,/kaggle/input/aether-oct5k-pilot/Masks/Masks_Manual/Grading_1/AMD Part1/AMD (35).E2E/2- 25- 2017 9- 00- 52 PM/Image 24.png,AMD Part1,train,4ecc63cda0f77eda1e5f35cff9592f7fd1aac5ec144e1c74e6078c7407c82048,c768de6fd2484ab14e6ce3e8febc6332b7dfd1519fc79a6182615e6e572caa92,0fb064f1393964daf2f7e9123ce3e3e38b82380cb168fa19073b296336327e3e
AMD Part1/AMD (26).E2E/2- 25- 2017 5- 23- 01 PM/Image 8,/kaggle/input/aether-oct5k-pilot/Images/Images_Manual/AMD Part1/AMD (26).E2E/2- 25- 2017 5- 23- 01 PM/Image 8.png,/kaggle/input/aether-oct5k-pilot/Masks/Masks_Manual/Grading_1/AMD Part1/AMD (26).E2E/2- 25- 2017 5- 23- 01 PM/Image 8.png,AMD Part1,train,2b4269ec87ab74a618e9698b6a06dc10da49be7d57bfc73ac3dbfa846e41cdd0,6135df55fe00a3dd1e15ccabea7cd5d11c85359a09796e97928d9846f9783d3c,cff92b138d7e23777d44e2c94a45e487997ea59e3044272ee8144cf77f594687
AMD Part1/AMD (11).E2E/2- 25- 2017 4- 44- 26 PM/Image 5,/kaggle/input/aether-oct5k-pilot/Images/Images_Manual/AMD Part1/AMD (11).E2E/2- 25- 2017 4- 44- 26 PM/Image 5.png,/kaggle/input/aether-oct5k-pilot/Masks/Masks_Manual/Grading_1/AMD Part1/AMD (11).E2E/2- 25- 2017 4- 44- 26 PM/Image 5.png,AMD Part1,train,309f0d799ccc586af479ba3a1ec0cfdb6f0b186e48d89626884c3e36a150ab78,d26be31e6a293bd8673baec4d2f0b502116495e84de80486be9fee58ff52382b,cb561a6dfbc87af8921b2475772f86a17b9646459eec918e852770013c47e033
AMD Part1/AMD (31).E2E/2- 25- 2017 8- 43- 15 PM/Image 2,/kaggle/input/aether-oct5k-pilot/Images/Images_Manual/AMD Part1/AMD (31).E2E/2- 25- 2017 8- 43- 15 PM/Image 2.png,/kaggle/input/aether-oct5k-pilot/Masks/Masks_Manual/Grading_1/AMD Part1/AMD (31).E2E/2- 25- 2017 8- 43- 15 PM/Image 2.png,AMD Part1,train,707c0628c226462ce7cf4e77617697f785effb44268c568c67ad8e1270dedd9b,996ebf7ec5791a1ea460b1a41cbd1baee73a70c365742d87a5de4c3fb8aa97f2,51ab18ec55032eae843b1d313a03db341d067487e59d1e5b9fc118e5de5e2035
Normal Part1/Normal (12).E2E/2- 26- 2017 9- 23- 28 AM/Image 12,/kaggle/input/aether-oct5k-pilot/Images/Images_Manual/Normal Part1/Normal (12).E2E/2- 26- 2017 9- 23- 28 AM/Image 12.png,/kaggle/input/aether-oct5k-pilot/Masks/Masks_Manual/Grading_1/Normal Part1/Normal (12).E2E/2- 26- 2017 9- 23- 28 AM/Image 12.png,Normal Part1,train,ba5a5e0a65d48f735e74677e6d480fca311fab5542ae80aa22493629195fea32,10650ba3a826479cdd0d0231ac4f5e736b53c27cebe984c35f7fd85fd3ac8a83,98ea69853232979071ce2affe35a2002b808ba3c0bba111dfd491ab3379cb7dc
Normal Part2/Normal (34).E2E/2- 26- 2017 10- 01- 13 AM/Image 6,/kaggle/input/aether-oct5k-pilot/Images/Images_Manual/Normal Part2/Normal (34).E2E/2- 26- 2017 10- 01- 13 AM/Image 6.png,/kaggle/input/aether-oct5k-pilot/Masks/Masks_Manual/Grading_1/Normal Part2/Normal (34).E2E/2- 26- 2017 10- 01- 13 AM/Image 6.png,Normal Part2,train,7c76e2211fa41d76559568a44f8fcacfdefc59e50d8eef7d1b29bec23f4f2eaa,902c38dd12374ce910cb63cbe84f9e0c0f7690708af0ae20896672436317ff60,23cef19c9880684cc1f0dee8d7d3dd89068d5806d6d99b35fc993fadd81ff268
AMD Part1/AMD (3).E2E/2- 25- 2017 9- 13- 55 PM/Image 9,/kaggle/input/aether-oct5k-pilot/Images/Images_Manual/AMD Part1/AMD (3).E2E/2- 25- 2017 9- 13- 55 PM/Image 9.png,/kaggle/input/aether-oct5k-pilot/Masks/Masks_Manual/Grading_1/AMD Part1/AMD (3).E2E/2- 25- 2017 9- 13- 55 PM/Image 9.png,AMD Part1,train,d14203ccc999fb32e11f1df1a5ebc02bebc6873d267b4a07b105d311a3d03464,a649ee6eaf0dc098f35d34cf75a0844b2e96d08ea9a9c994a44cf17790069dda,86cacf0cad5cc7d1ec41cdcae93461eddd8d55faa8962980163576f348de0c05
AMD Part1/AMD (8).E2E/2- 25- 2017 9- 21- 50 PM/Image 17,/kaggle/input/aether-oct5k-pilot/Images/Images_Manual/AMD Part1/AMD (8).E2E/2- 25- 2017 9- 21- 50 PM/Image 17.png,/kaggle/input/aether-oct5k-pilot/Masks/Masks_Manual/Grading_1/AMD Part1/AMD (8).E2E/2- 25- 2017 9- 21- 50 PM/Image 17.png,AMD Part1,train,151260ac5447e7df717b7e132875f47cdd5ce9cbfce1cbb3e0e8f3a949b8041e,6ccf1e5e86a834d88104ed91ebbc4e87ccdd4a8213110b9c18ac22f040325feb,44dc41904efc5afb1ccc027676be1a2592f123fda7156c0b6c188b9d109fd52e
DME/DME (19).E2E/2- 25- 2017 9- 58- 33 PM/Image 4,/kaggle/input/aether-oct5k-pilot/Images/Images_Manual/DME/DME (19).E2E/2- 25- 2017 9- 58- 33 PM/Image 4.png,/kaggle/input/aether-oct5k-pilot/Masks/Masks_Manual/Grading_1/DME/DME (19).E2E/2- 25- 2017 9- 58- 33 PM/Image 4.png,DME,train,d9ef0a0dabf9ac3cf6c7a15c8ab79367ecd67468034f3ce133e6f2b8514944dc,107f6f590f9476b3869d741b488c3184b75d60145db8f9f49420be8f2997234a,a446eb283596c2ae04c861468da5c6f1823419df793ffe821a4bd72cf58775e1
AMD Part1/AMD (1).E2E/2- 25- 2017 9- 10- 42 PM/Image 8,/kaggle/input/aether-oct5k-pilot/Images/Images_Manual/AMD Part1/AMD (1).E2E/2- 25- 2017 9- 10- 42 PM/Image 8.png,/kaggle/input/aether-oct5k-pilot/Masks/Masks_Manual/Grading_1/AMD Part1/AMD (1).E2E/2- 25- 2017 9- 10- 42 PM/Image 8.png,AMD Part1,train,c9163b192d7a2d525a145cbb65ad693c8eb06c605b929cf3519cba219f365fe7,e0de378c741bf184cf58ad5d25927a6417f6d23aae29a10bf9bbcc8caa879b59,f99ce8b9634bc8adf5a827a85743599d104611086a62eebb9d16650893676578
Normal Part1/Normal (9).E2E/2- 26- 2017 9- 15- 48 AM/Image 22,/kaggle/input/aether-oct5k-pilot/Images/Images_Manual/Normal Part1/Normal (9).E2E/2- 26- 2017 9- 15- 48 AM/Image 22.png,/kaggle/input/aether-oct5k-pilot/Masks/Masks_Manual/Grading_1/Normal Part1/Normal (9).E2E/2- 26- 2017 9- 15- 48 AM/Image 22.png,Normal Part1,train,93083e45332d20489e6df3f25c66a6d870183f08268575bd93679598fa0c2b02,7788953088ca11bc842ff1837949487ea00f35b649c0e6230b2e5c6f2513bb94,56769a121d72b07ac5e8f51ba83e74ef6ddf81f894ee4ee7781b896792b4d405
DME/DME (4).E2E/2- 25- 2017 9- 38- 17 PM/Image 8,/kaggle/input/aether-oct5k-pilot/Images/Images_Manual/DME/DME (4).E2E/2- 25- 2017 9- 38- 17 PM/Image 8.png,/kaggle/input/aether-oct5k-pilot/Masks/Masks_Manual/Grading_1/DME/DME (4).E2E/2- 25- 2017 9- 38- 17 PM/Image 8.png,DME,train,c7e4bc02e12347b0a84b508432724168999e600c4d528a4431e27d6ae1ef7ab6,3a32b7148b7c6c83778a7ed9a5e311fee93e4cae41e537be596cf6e02c7afb65,d448af40d9892a7ebef335a463e22e289c2fe620c24ea937830ca8ec022cc476
AMD Part1/AMD (24).E2E/2- 25- 2017 5- 17- 27 PM/Image 24,/kaggle/input/aether-oct5k-pilot/Images/Images_Manual/AMD Part1/AMD (24).E2E/2- 25- 2017 5- 17- 27 PM/Image 24.png,/kaggle/input/aether-oct5k-pilot/Masks/Masks_Manual/Grading_1/AMD Part1/AMD (24).E2E/2- 25- 2017 5- 17- 27 PM/Image 24.png,AMD Part1,train,93872039499d404777e73533519c324e6b841029c5e94373ced9bb3dc4afab5d,dd53965c5323a609fc50742836e1eed2e7146e0c2138345ab5397afc26960577,559f054c678a791bdbfff55123813d892eda89f79486101394c861958b75723c
AMD Part1/AMD (23).E2E/2- 25- 2017 5- 14- 57 PM/Image 60,/kaggle/input/aether-oct5k-pilot/Images/Images_Manual/AMD Part1/AMD (23).E2E/2- 25- 2017 5- 14- 57 PM/Image 60.png,/kaggle/input/aether-oct5k-pilot/Masks/Masks_Manual/Grading_1/AMD Part1/AMD (23).E2E/2- 25- 2017 5- 14- 57 PM/Image 60.png,AMD Part1,train,1e97e47e3cb4253824ce31026ff074cbd7b6ae6bc4e2357e5a87b5e547621664,fc13aa7f89047fe4762b2d2cc6ada76c0bb4909ac037b54c454f175990eb018d,feb27386fc0ab9f10cfea1e969f1278563874e44141c74c7c85f3bfaf899b75f
Normal Part2/Normal (49).E2E/2- 26- 2017 10- 23- 58 AM/Image 28,/kaggle/input/aether-oct5k-pilot/Images/Images_Manual/Normal Part2/Normal (49).E2E/2- 26- 2017 10- 23- 58 AM/Image 28.png,/kaggle/input/aether-oct5k-pilot/Masks/Masks_Manual/Grading_1/Normal Part2/Normal (49).E2E/2- 26- 2017 10- 23- 58 AM/Image 28.png,Normal Part2,train,8fc39356f10a7fcaadea73d48e92242d56d9afcfa1f306bb422336fcc1ea7c5c,ded3ab3eb9f57f94ffa04d56b26dbaf829e99cf7b66ed92505fee87bb47d5851,db4709891c08c0b421ea539cd759ba32ea4fcc7790254fe9f4c53175ff17d876
DME/DME (4).E2E/2- 25- 2017 9- 38- 17 PM/Image 15,/kaggle/input/aether-oct5k-pilot/Images/Images_Manual/DME/DME (4).E2E/2- 25- 2017 9- 38- 17 PM/Image 15.png,/kaggle/input/aether-oct5k-pilot/Masks/Masks_Manual/Grading_1/DME/DME (4).E2E/2- 25- 2017 9- 38- 17 PM/Image 15.png,DME,train,4e7d0038bd3d82139efab28c874ea64d7319bb3ad84eb21ac3f0e526d72db832,b4aad0d75ebdd3d6132b72b17f062077c67358692a1e930052f8ca99698e0536,b3fc04941706881be6320da28e05bf39ace8d2e3a75d6bca0dcbff22ceeaacc5
Normal Part2/Normal (35).E2E/2- 26- 2017 10- 03- 02 AM/Image 17,/kaggle/input/aether-oct5k-pilot/Images/Images_Manual/Normal Part2/Normal (35).E2E/2- 26- 2017 10- 03- 02 AM/Image 17.png,/kaggle/input/aether-oct5k-pilot/Masks/Masks_Manual/Grading_1/Normal Part2/Normal (35).E2E/2- 26- 2017 10- 03- 02 AM/Image 17.png,Normal Part2,train,90127c61688bd6a8340b7f8f48ce389fb619e84a8d1e1033e3d8d3968b4392e7,7e0f32da7ac09635cb1c08e29c09f5c182f8f15a6cda7cba23fee34f1cd3fa9f,f84fad28d44fd8e24d369f19d4995dfbc02b9936c76128245c3059a3037d628c
AMD Part1/AMD (22).E2E/2- 25- 2017 5- 11- 45 PM/Image 52,/kaggle/input/aether-oct5k-pilot/Images/Images_Manual/AMD Part1/AMD (22).E2E/2- 25- 2017 5- 11- 45 PM/Image 52.png,/kaggle/input/aether-oct5k-pilot/Masks/Masks_Manual/Grading_1/AMD Part1/AMD (22).E2E/2- 25- 2017 5- 11- 45 PM/Image 52.png,AMD Part1,train,96875138465a8fe282ff0a2dc15a711676e4e79aa736ef20ef0d7a3f3eeca8c2,6977ee4d0a627b5a6dc895eb32d098b72f69011013ec6c18ba43f64c34d87c7d,274f9c2a3bf240a306a18b1d329968277b84dd3e9d9684fcfe24c3b691ee62ef
DME/DME (15).E2E/2- 25- 2017 9- 53- 19 PM/Image 3,/kaggle/input/aether-oct5k-pilot/Images/Images_Manual/DME/DME (15).E2E/2- 25- 2017 9- 53- 19 PM/Image 3.png,/kaggle/input/aether-oct5k-pilot/Masks/Masks_Manual/Grading_1/DME/DME (15).E2E/2- 25- 2017 9- 53- 19 PM/Image 3.png,DME,train,4ce93fd5551fd1876fb97117a43526490f04c6f8e669beb94302680c1f32e9f3,992ca66ae16c1019be9d6fad0797507da8b43797d1517885e27734596dea61bb,70a440d9f27cf30a296e9c08b86b4f8284baf39f28b257a8a82bf24a71a03532
AMD Part1/AMD (21).E2E/2- 25- 2017 5- 10- 29 PM/Image 16,/kaggle/input/aether-oct5k-pilot/Images/Images_Manual/AMD Part1/AMD (21).E2E/2- 25- 2017 5- 10- 29 PM/Image 16.png,/kaggle/input/aether-oct5k-pilot/Masks/Masks_Manual/Grading_1/AMD Part1/AMD (21).E2E/2- 25- 2017 5- 10- 29 PM/Image 16.png,AMD Part1,train,cd65806eac2ce9d87dcb4a0fae9e38c254ab82f7ad7a154431f52a7c72937664,dfad3a983ea969a3eeffa3f011b7a802072f1b99fdd1f73424bbc723a3005014,132104868ee58f470d9387eadb86fa14e241c0d9cc040350c3214bf3dbd7e748
AMD Part1/AMD (35).E2E/2- 25- 2017 9- 00- 52 PM/Image 27,/kaggle/input/aether-oct5k-pilot/Images/Images_Manual/AMD Part1/AMD (35).E2E/2- 25- 2017 9- 00- 52 PM/Image 27.png,/kaggle/input/aether-oct5k-pilot/Masks/Masks_Manual/Grading_1/AMD Part1/AMD (35).E2E/2- 25- 2017 9- 00- 52 PM/Image 27.png,AMD Part1,train,bd01fb39ac388d4f38e4fa4a6d69f1599f87dbcdb740ea3b67ea2fa8b3b87db2,e3c3dba1e24deb6524e1cb00493995e2d699ff692e2f1a4ad2c8dc0d698ed076,9c4012b410120e6517c1b7e6e662737b9104975e1824732893c06082d58a317f
DME/DME (9).E2E/2- 25- 2017 9- 45- 28 PM/Image 25,/kaggle/input/aether-oct5k-pilot/Images/Images_Manual/DME/DME (9).E2E/2- 25- 2017 9- 45- 28 PM/Image 25.png,/kaggle/input/aether-oct5k-pilot/Masks/Masks_Manual/Grading_1/DME/DME (9).E2E/2- 25- 2017 9- 45- 28 PM/Image 25.png,DME,train,d18715808cf2d46c08af24084cb66b1eaa15c7d6f834e34e2c9cf389a66f9705,760bd8b567c60651185832efa52007503d3e5ea9a682d1393ac743de95e0e147,82761d2c32be721ec0c1bde900e5b006e069c29ab03802e5c3bb46570fb3640d
DME/DME (21).E2E/2- 25- 2017 10- 01- 34 PM/Image 17,/kaggle/input/aether-oct5k-pilot/Images/Images_Manual/DME/DME (21).E2E/2- 25- 2017 10- 01- 34 PM/Image 17.png,/kaggle/input/aether-oct5k-pilot/Masks/Masks_Manual/Grading_1/DME/DME (21).E2E/2- 25- 2017 10- 01- 34 PM/Image 17.png,DME,train,817ffca72c864a0029f73ed0739cd6162c9e7545fce9e8eff57a8e677e315b3f,406b2aad38faa2ad325f76c6d616a5b38aa4b335718d4fd5557089afbd1bd0f7,8706a4027b7e4da0024fcc52eba9924b3d6ea0073729213131b26098d84b82e4
AMD Part1/AMD (34).E2E/2- 25- 2017 8- 59- 29 PM/Image 6,/kaggle/input/aether-oct5k-pilot/Images/Images_Manual/AMD Part1/AMD (34).E2E/2- 25- 2017 8- 59- 29 PM/Image 6.png,/kaggle/input/aether-oct5k-pilot/Masks/Masks_Manual/Grading_1/AMD Part1/AMD (34).E2E/2- 25- 2017 8- 59- 29 PM/Image 6.png,AMD Part1,train,d304391c65cef163931adbcf145c5451a32bc0fc647649d7db868414d8ed6010,8d7496f14cc258853f003098056bbdd0ad6b62e8319515b3750f5db2c21626bd,3916d955c23fb71cdc328d0b16952bf2900808c813ece3d8a1f579ff4b2e8eaa
AMD Part1/AMD (13).E2E/2- 25- 2017 4- 48- 43 PM/Image 13,/kaggle/input/aether-oct5k-pilot/Images/Images_Manual/AMD Part1/AMD (13).E2E/2- 25- 2017 4- 48- 43 PM/Image 13.png,/kaggle/input/aether-oct5k-pilot/Masks/Masks_Manual/Grading_1/AMD Part1/AMD (13).E2E/2- 25- 2017 4- 48- 43 PM/Image 13.png,AMD Part1,train,14bccf8b9e60aae3ad3693e8d04bf86f3b107f5100230f0f63dbab57a937fafa,8254de39f4c7d8b3ec901441801519adcd117ca3ec825523eb51d897b46b3e6d,cb1bc47f63a288d5f77bf63dfb11f31b05095fc0b147a7a9930254a75d627368
DME/DME (30).E2E/2- 25- 2017 10- 16- 46 PM/Image 6,/kaggle/input/aether-oct5k-pilot/Images/Images_Manual/DME/DME (30).E2E/2- 25- 2017 10- 16- 46 PM/Image 6.png,/kaggle/input/aether-oct5k-pilot/Masks/Masks_Manual/Grading_1/DME/DME (30).E2E/2- 25- 2017 10- 16- 46 PM/Image 6.png,DME,train,4c62adc25c2849d788b4584151aa55a3d1176a9d1fadd7705b1e5d1a697767ba,c2610075565a63c5c1cb3970bb499ea370bf8172498196f49131fa32eb188c92,7f136534d8f9c5655629096a30afd44f19084045ca5fd4310a4a6ccb60302ddb
DME/DME (28).E2E/2- 25- 2017 10- 12- 57 PM/Image 18,/kaggle/input/aether-oct5k-pilot/Images/Images_Manual/DME/DME (28).E2E/2- 25- 2017 10- 12- 57 PM/Image 18.png,/kaggle/input/aether-oct5k-pilot/Masks/Masks_Manual/Grading_1/DME/DME (28).E2E/2- 25- 2017 10- 12- 57 PM/Image 18.png,DME,train,f6e0e68a7584982d8619a9b65d56e2a2d2405a9eaab7a5b9dcb0651bcfe95f3a,e5d41ebea2d0278b3e999a58d083fe9ca4cc6e233b4bd4f72384ddd3f94d245f,6e0b0f2cb3368185adb7829ad44f7805e21fbee10cad3f02116a90cc401c86a0
DME/DME (9).E2E/2- 25- 2017 9- 45- 28 PM/Image 14,/kaggle/input/aether-oct5k-pilot/Images/Images_Manual/DME/DME (9).E2E/2- 25- 2017 9- 45- 28 PM/Image 14.png,/kaggle/input/aether-oct5k-pilot/Masks/Masks_Manual/Grading_1/DME/DME (9).E2E/2- 25- 2017 9- 45- 28 PM/Image 14.png,DME,train,da413df7db2f17e6a51e4358eb4f3da4a2a03def7be120e34e7fb7c9c0957daf,aeb7846c35cb54874d14e0970476eefc8421bb6339190e2cf235e64dc75857ca,c7e344279461aef623bc5b39a9f30617d6386ceddd04d8a4efe63fbec68a3940
AMD Part1/AMD (10).E2E/2- 25- 2017 9- 27- 53 PM/Image 7,/kaggle/input/aether-oct5k-pilot/Images/Images_Manual/AMD Part1/AMD (10).E2E/2- 25- 2017 9- 27- 53 PM/Image 7.png,/kaggle/input/aether-oct5k-pilot/Masks/Masks_Manual/Grading_1/AMD Part1/AMD (10).E2E/2- 25- 2017 9- 27- 53 PM/Image 7.png,AMD Part1,train,3214d3b458c6b98a1b04e51b699640f844d17fd29babaccd25b318d53bc7b0bd,2c6b3c795009a4435d5fda7f177adc4ab19857525ef399df3ae8e578d852c7f3,1a8870aadeb3cb586223c29a1419680aeb0326ba73d2a6df8fbc88a89cf3e110
DME/DME (28).E2E/2- 25- 2017 10- 12- 57 PM/Image 8,/kaggle/input/aether-oct5k-pilot/Images/Images_Manual/DME/DME (28).E2E/2- 25- 2017 10- 12- 57 PM/Image 8.png,/kaggle/input/aether-oct5k-pilot/Masks/Masks_Manual/Grading_1/DME/DME (28).E2E/2- 25- 2017 10- 12- 57 PM/Image 8.png,DME,train,1ddfb89b68029099aed7d2f098684679a76d7a02318d9262cd70d680e17281a0,4bb0346dab7c9da2a914aeb8ba5486b28ab9658881f39ccceb6a1a94ab9e28e3,dc7c9f7900838dd56255492c63155b7155dd197901302e371d4ec7d061145ffa
DME/DME (9).E2E/2- 25- 2017 9- 45- 28 PM/Image 20,/kaggle/input/aether-oct5k-pilot/Images/Images_Manual/DME/DME (9).E2E/2- 25- 2017 9- 45- 28 PM/Image 20.png,/kaggle/input/aether-oct5k-pilot/Masks/Masks_Manual/Grading_1/DME/DME (9).E2E/2- 25- 2017 9- 45- 28 PM/Image 20.png,DME,train,5c75dbe3c62f34f9ad189688084207e0aa8729f43d3f5b8b5ae5a33d7270c888,007db48def71fe533572fd490a4155025ac084c2e6801dd0c219092a9733d86f,3a5c35781d20747465ebe05a044f5664f839f7575ab5eb5e9505a4f7c0e2882c
AMD Part1/AMD (26).E2E/2- 25- 2017 5- 23- 01 PM/Image 31,/kaggle/input/aether-oct5k-pilot/Images/Images_Manual/AMD Part1/AMD (26).E2E/2- 25- 2017 5- 23- 01 PM/Image 31.png,/kaggle/input/aether-oct5k-pilot/Masks/Masks_Manual/Grading_1/AMD Part1/AMD (26).E2E/2- 25- 2017 5- 23- 01 PM/Image 31.png,AMD Part1,train,b95e6545e57874fc4dba5c63e6b091d3a352912a6fffb02fd1cb6efbaa8b4ebb,918ee1ec7f68f3e85ec4c0ded955503a2a2c257626f4a629210f46d2a7d4f9ee,f7f625f7b53ead723dda21be54278ea18968931a09c19f7094d328288925859e
AMD Part1/AMD (26).E2E/2- 25- 2017 5- 23- 01 PM/Image 39,/kaggle/input/aether-oct5k-pilot/Images/Images_Manual/AMD Part1/AMD (26).E2E/2- 25- 2017 5- 23- 01 PM/Image 39.png,/kaggle/input/aether-oct5k-pilot/Masks/Masks_Manual/Grading_1/AMD Part1/AMD (26).E2E/2- 25- 2017 5- 23- 01 PM/Image 39.png,AMD Part1,train,79aeb34af5e03494480d8bc136441e90085d1f93c7e45eb42371960c17c6be11,f92474d4e6968d8610787450cd7a65c185c1a5097ba16c658a8285e497072425,60a2fb373beb8679009ed6e4be69241f102c34babcad5be09fb524e20c51e095
AMD Part1/AMD (24).E2E/2- 25- 2017 5- 17- 27 PM/Image 54,/kaggle/input/aether-oct5k-pilot/Images/Images_Manual/AMD Part1/AMD (24).E2E/2- 25- 2017 5- 17- 27 PM/Image 54.png,/kaggle/input/aether-oct5k-pilot/Masks/Masks_Manual/Grading_1/AMD Part1/AMD (24).E2E/2- 25- 2017 5- 17- 27 PM/Image 54.png,AMD Part1,train,9a44671804e27935597257f0e5c4d6d513fd15f9ad22569cc587a2c22e8817ba,6e7a8a82163c7abc56f5313c4d2a52e12ed9c4bad3d5c3f3d2c39c92bcad4418,adcb2dc830652883a8a6c3bfb725a04a5b43d5b87d5f0e06141cb78bc39e76e5
AMD Part1/AMD (9).E2E/2- 25- 2017 9- 25- 22 PM/Image 4,/kaggle/input/aether-oct5k-pilot/Images/Images_Manual/AMD Part1/AMD (9).E2E/2- 25- 2017 9- 25- 22 PM/Image 4.png,/kaggle/input/aether-oct5k-pilot/Masks/Masks_Manual/Grading_1/AMD Part1/AMD (9).E2E/2- 25- 2017 9- 25- 22 PM/Image 4.png,AMD Part1,train,d650ee9ad6f886b7583b1e8cb834ca7e3d73312437adb5a62d5d234a1cd5177c,264f373d7c939ac8a04c78609d67c0224447e13bd892b9e76f82e4c3bb311aed,531591e327ee54df10fbc32abecab6875d54da279328732841bef9a7b5b894b7
AMD Part2/AMD (40).E2E/2- 25- 2017 9- 08- 13 PM/Image 13,/kaggle/input/aether-oct5k-pilot/Images/Images_Manual/AMD Part2/AMD (40).E2E/2- 25- 2017 9- 08- 13 PM/Image 13.png,/kaggle/input/aether-oct5k-pilot/Masks/Masks_Manual/Grading_1/AMD Part2/AMD (40).E2E/2- 25- 2017 9- 08- 13 PM/Image 13.png,AMD Part2,train,4eeb923597965e065ae7e8f1a9394f36527029d0bb19bca3386c297d875109e6,ec9367c4b89e5474b6c6397d45d8312c2e2ad6815578bf0b6fbf2e290a87d6a3,59cedc86a5635267094473772fc5527e998e31fa25001c88665e5c1e55fecffa
Normal Part2/Normal (49).E2E/2- 26- 2017 10- 23- 58 AM/Image 25,/kaggle/input/aether-oct5k-pilot/Images/Images_Manual/Normal Part2/Normal (49).E2E/2- 26- 2017 10- 23- 58 AM/Image 25.png,/kaggle/input/aether-oct5k-pilot/Masks/Masks_Manual/Grading_1/Normal Part2/Normal (49).E2E/2- 26- 2017 10- 23- 58 AM/Image 25.png,Normal Part2,train,63f045f8e227df1aae4394cdf0fea36121045952d987a16ac29c36f759d9876e,ae3d4db90edabfe06d0bcf70104e824b66605c7cee2e1dbd1deb87b75721f052,69f9cc6f0083c605996db69ca22b2921c036cb1bce69567daba6a151ee74c6f6
Normal Part2/Normal (49).E2E/2- 26- 2017 10- 23- 58 AM/Image 16,/kaggle/input/aether-oct5k-pilot/Images/Images_Manual/Normal Part2/Normal (49).E2E/2- 26- 2017 10- 23- 58 AM/Image 16.png,/kaggle/input/aether-oct5k-pilot/Masks/Masks_Manual/Grading_1/Normal Part2/Normal (49).E2E/2- 26- 2017 10- 23- 58 AM/Image 16.png,Normal Part2,train,a74eefca4085cdfca079d5d8b790c16ad53708fc75b889e3463dcbac7ad513da,8071299998fc7347efcb7fc38c1fc3da2073b7bbd7bf4452226322e30f16bfe1,d2b48b551821eb4f79f973542996a238577ca036caebf69cccc48d9ecbadd0fb
Normal Part2/Normal (37).E2E/2- 26- 2017 10- 05- 11 AM/Image 5,/kaggle/input/aether-oct5k-pilot/Images/Images_Manual/Normal Part2/Normal (37).E2E/2- 26- 2017 10- 05- 11 AM/Image 5.png,/kaggle/input/aether-oct5k-pilot/Masks/Masks_Manual/Grading_1/Normal Part2/Normal (37).E2E/2- 26- 2017 10- 05- 11 AM/Image 5.png,Normal Part2,train,229b07d89cdd886db1234f5b02144fa5f7528ff50a90cab1aa1b0367878d2cd8,3a24392ce5d48325971a6b64d192f4db3d00924efb01802a5aaf377f9cab4236,919dbf967d189c8c23107b5f53a4d6c56d27d4c276a1fb4fe204a4eb423fd275
DME/DME (19).E2E/2- 25- 2017 9- 58- 33 PM/Image 15,/kaggle/input/aether-oct5k-pilot/Images/Images_Manual/DME/DME (19).E2E/2- 25- 2017 9- 58- 33 PM/Image 15.png,/kaggle/input/aether-oct5k-pilot/Masks/Masks_Manual/Grading_1/DME/DME (19).E2E/2- 25- 2017 9- 58- 33 PM/Image 15.png,DME,train,10a5f4f1d8f44689afe581f847ba5ce80f10adedf51dca3dcd8b7a2e60e822f9,b5a6e9d3565ee47b6b2f76c45000f23f3da5bf6aed2d431fc874619093391a61,2f1a0af0a704deea14e34919f83d8fe30a5b6191b729e5ac2068d889138f4972
DME/DME (9).E2E/2- 25- 2017 9- 45- 28 PM/Image 48,/kaggle/input/aether-oct5k-pilot/Images/Images_Manual/DME/DME (9).E2E/2- 25- 2017 9- 45- 28 PM/Image 48.png,/kaggle/input/aether-oct5k-pilot/Masks/Masks_Manual/Grading_1/DME/DME (9).E2E/2- 25- 2017 9- 45- 28 PM/Image 48.png,DME,train,2acacc99a66e960c058173f3d335079f4612df9575bbdf87182157e19a5970d0,eaae037a4b8a7f3f42d86f1d1c65991e6b19e48195121fad21469a35753ca9a6,b0ae80e348aae6529de07b13627e10341500fb3af1d2a9569f8b19a2c9b4f2f6
AMD Part1/AMD (34).E2E/2- 25- 2017 8- 59- 29 PM/Image 30,/kaggle/input/aether-oct5k-pilot/Images/Images_Manual/AMD Part1/AMD (34).E2E/2- 25- 2017 8- 59- 29 PM/Image 30.png,/kaggle/input/aether-oct5k-pilot/Masks/Masks_Manual/Grading_1/AMD Part1/AMD (34).E2E/2- 25- 2017 8- 59- 29 PM/Image 30.png,AMD Part1,train,968725ce6be93d5b863905ac24001f5bb35d70df6bafc93e4752ba4cbecd18d7,551562c5bcf84e5b7fe8705ff29625bb3e2eb6e808d119950a507a723738a9cf,35acd2d22e48c27dd5d4c2b613f66d707116a8bd97fa5bf8e31a5ffa0c40ca50
AMD Part1/AMD (1).E2E/2- 25- 2017 9- 10- 42 PM/Image 4,/kaggle/input/aether-oct5k-pilot/Images/Images_Manual/AMD Part1/AMD (1).E2E/2- 25- 2017 9- 10- 42 PM/Image 4.png,/kaggle/input/aether-oct5k-pilot/Masks/Masks_Manual/Grading_1/AMD Part1/AMD (1).E2E/2- 25- 2017 9- 10- 42 PM/Image 4.png,AMD Part1,train,89e15093c1576e59f758e6f92d02db7b41126a078ec387d0d5965a5cdd50bb10,5481005df111ab82dcad16d2a43b6c536c7c27b20a0f514979043a99c1768471,6cdb4c10c7d9223f488b30cf676842f949b80e10b5aa78500bf9829f6e4daf36
Normal Part2/Normal (47).E2E/2- 26- 2017 10- 21- 43 AM/Image 40,/kaggle/input/aether-oct5k-pilot/Images/Images_Manual/Normal Part2/Normal (47).E2E/2- 26- 2017 10- 21- 43 AM/Image 40.png,/kaggle/input/aether-oct5k-pilot/Masks/Masks_Manual/Grading_1/Normal Part2/Normal (47).E2E/2- 26- 2017 10- 21- 43 AM/Image 40.png,Normal Part2,train,40139d32b2246ae35d872af0754d542d6af9847b2fa3113f03fe0b771ba0693f,3163d0f5fecf825d04c75626b6a33bb0e917748ce65e1beced61bf2ea6f83ab2,f76c87a691450ef1a2d85a2e07dd121e7858e79aacc3862bd8762dad680b19f4
Normal Part1/Normal (12).E2E/2- 26- 2017 9- 23- 28 AM/Image 9,/kaggle/input/aether-oct5k-pilot/Images/Images_Manual/Normal Part1/Normal (12).E2E/2- 26- 2017 9- 23- 28 AM/Image 9.png,/kaggle/input/aether-oct5k-pilot/Masks/Masks_Manual/Grading_1/Normal Part1/Normal (12).E2E/2- 26- 2017 9- 23- 28 AM/Image 9.png,Normal Part1,train,33cffd50e9dc5cb2ad71a7475d5d777e44eab65ef435cc99b08add424ac7e1df,cb1cde778d15a2841a79dec96b12102c90897554e81b2344a2978477f506c80f,9ea388521ba7a28274438edc18e9db3fd27fbfbef990613d2a5b2fe9eea0489a
Normal Part1/Normal (12).E2E/2- 26- 2017 9- 23- 28 AM/Image 4,/kaggle/input/aether-oct5k-pilot/Images/Images_Manual/Normal Part1/Normal (12).E2E/2- 26- 2017 9- 23- 28 AM/Image 4.png,/kaggle/input/aether-oct5k-pilot/Masks/Masks_Manual/Grading_1/Normal Part1/Normal (12).E2E/2- 26- 2017 9- 23- 28 AM/Image 4.png,Normal Part1,train,9e9359132058b1b3f9da639857c4be968e56b2480a81e5ef205a42fbb6a0f485,5b0a4aaa36799a041a94037697ce22184e1a4c232ff7f1947bd5e1a79b75a664,17c7441b50d1dfa423e0928f8b757323ab391fa40c76571894f81033d4df2df0
Normal Part1/Normal (14).E2E/2- 26- 2017 9- 26- 02 AM/Image 5,/kaggle/input/aether-oct5k-pilot/Images/Images_Manual/Normal Part1/Normal (14).E2E/2- 26- 2017 9- 26- 02 AM/Image 5.png,/kaggle/input/aether-oct5k-pilot/Masks/Masks_Manual/Grading_1/Normal Part1/Normal (14).E2E/2- 26- 2017 9- 26- 02 AM/Image 5.png,Normal Part1,train,6a5bada235ae1ba985ca6977f7da13808a21ab26080514a356b0f95e83d0da23,30b7d31a2a82bbc5812b0724ea287d950a0ba152e67510bf257e6f25ce4cee6e,20afc3a88771bc4b29736432c6a111ba49fbe42efd40b1cb1fe6b43db6857e61
AMD Part1/AMD (23).E2E/2- 25- 2017 5- 14- 57 PM/Image 22,/kaggle/input/aether-oct5k-pilot/Images/Images_Manual/AMD Part1/AMD (23).E2E/2- 25- 2017 5- 14- 57 PM/Image 22.png,/kaggle/input/aether-oct5k-pilot/Masks/Masks_Manual/Grading_1/AMD Part1/AMD (23).E2E/2- 25- 2017 5- 14- 57 PM/Image 22.png,AMD Part1,train,7c0a2c2bbb9482332c3807bb169c5ee93c4869b992648c0f65c989248b7ac3ea,9b5b6c31040a19269d270368122670fb07d151960f24ef3307c8a0f3fd3b1bad,3d73ab4da56e9e35da639235dab60b5ae5832173cbe76a8cff546c7374dbcedb
Normal Part2/Normal (36).E2E/2- 26- 2017 10- 04- 18 AM/Image 15,/kaggle/input/aether-oct5k-pilot/Images/Images_Manual/Normal Part2/Normal (36).E2E/2- 26- 2017 10- 04- 18 AM/Image 15.png,/kaggle/input/aether-oct5k-pilot/Masks/Masks_Manual/Grading_1/Normal Part2/Normal (36).E2E/2- 26- 2017 10- 04- 18 AM/Image 15.png,Normal Part2,train,e8d3d1b75559250fdc2a1065b0f68457ad01eee2795cf6b31e64926d9e09b3b5,7cde7aa04c2629de2a77682e3ce9992b32ace53858091f53cc5eb1efe09f59d7,74afa63da810c4ec4385119ac66e8627aafe15827564eb05d802fff065513be0
AMD Part1/AMD (22).E2E/2- 25- 2017 5- 11- 45 PM/Image 5,/kaggle/input/aether-oct5k-pilot/Images/Images_Manual/AMD Part1/AMD (22).E2E/2- 25- 2017 5- 11- 45 PM/Image 5.png,/kaggle/input/aether-oct5k-pilot/Masks/Masks_Manual/Grading_1/AMD Part1/AMD (22).E2E/2- 25- 2017 5- 11- 45 PM/Image 5.png,AMD Part1,train,74b94426e4087feb3d8c182a410e8787982536f85deb4023766f90d54e8e103d,bd1cdf63d71cb9061e688ca84870642d027ab6c77581d672f262b400c7bfe8df,efa6288d4c248cb3cc711ab361795392630d7b5b562477910e0225bf83c36fd2
Normal Part1/Normal (12).E2E/2- 26- 2017 9- 23- 28 AM/Image 16,/kaggle/input/aether-oct5k-pilot/Images/Images_Manual/Normal Part1/Normal (12).E2E/2- 26- 2017 9- 23- 28 AM/Image 16.png,/kaggle/input/aether-oct5k-pilot/Masks/Masks_Manual/Grading_1/Normal Part1/Normal (12).E2E/2- 26- 2017 9- 23- 28 AM/Image 16.png,Normal Part1,train,75feaba0a046b69bd982b1735f950436bbde7a05ff9195c037f5b108b58b5a31,f242265bce7a8cda84428489c599e2c408158752b9eafaac8e8ac283b475a406,60e2f5b7edad986ffc48521284f560aebd8ff5ec3f9b84288e9f552f63ac8003
Normal Part1/Normal (9).E2E/2- 26- 2017 9- 15- 48 AM/Image 5,/kaggle/input/aether-oct5k-pilot/Images/Images_Manual/Normal Part1/Normal (9).E2E/2- 26- 2017 9- 15- 48 AM/Image 5.png,/kaggle/input/aether-oct5k-pilot/Masks/Masks_Manual/Grading_1/Normal Part1/Normal (9).E2E/2- 26- 2017 9- 15- 48 AM/Image 5.png,Normal Part1,train,12a4431a60c46d733aa8f71323eb3efec896f5af8a6e2fbd807966be6787b3d8,2eed9a4807dff0047bd1711e7d246c7642c2033941fb804e047ca4333f0b59bb,15987eb99d3abbf059a05e3b90389e7520dba83854799ef30fa5b5890a3fc53f
Normal Part1/Normal (15).E2E/2- 26- 2017 9- 28- 04 AM/Image 10,/kaggle/input/aether-oct5k-pilot/Images/Images_Manual/Normal Part1/Normal (15).E2E/2- 26- 2017 9- 28- 04 AM/Image 10.png,/kaggle/input/aether-oct5k-pilot/Masks/Masks_Manual/Grading_1/Normal Part1/Normal (15).E2E/2- 26- 2017 9- 28- 04 AM/Image 10.png,Normal Part1,train,0381f3065e46001b5979cfe4982c873c4151a6c109287b57404303aa47aaf724,b6f1b90ed70d8c8a44d25391a8c3c3f0d46dad17b8ad47e27a4f5114d726872a,5c23a0f35c7ca0abbb348f7e8dbf4e7f2ed71ec0b04ce16c3425251dfda19746
AMD Part1/AMD (3).E2E/2- 25- 2017 9- 13- 55 PM/Image 36,/kaggle/input/aether-oct5k-pilot/Images/Images_Manual/AMD Part1/AMD (3).E2E/2- 25- 2017 9- 13- 55 PM/Image 36.png,/kaggle/input/aether-oct5k-pilot/Masks/Masks_Manual/Grading_1/AMD Part1/AMD (3).E2E/2- 25- 2017 9- 13- 55 PM/Image 36.png,AMD Part1,train,5c2362dcb7659c6148fab8a7abc2b311953236c6eb6673f147f0991689dbe287,b3bbe34794a5c9ca19127abffedf2cc01adb322228246001c40e6201e92c44f5,339beed41319e32eccf091ebb9153750291622b6ca7f565155f3d70351ff16e9
Normal Part1/Normal (12).E2E/2- 26- 2017 9- 23- 28 AM/Image 34,/kaggle/input/aether-oct5k-pilot/Images/Images_Manual/Normal Part1/Normal (12).E2E/2- 26- 2017 9- 23- 28 AM/Image 34.png,/kaggle/input/aether-oct5k-pilot/Masks/Masks_Manual/Grading_1/Normal Part1/Normal (12).E2E/2- 26- 2017 9- 23- 28 AM/Image 34.png,Normal Part1,train,e911263f4ae55dbc684cb8969116d5f8edcfe6e7cd86319cddf765a5f3a85f9c,6ef8f07d25e480845efdd6e908867f7f3497a245c9df3be8fbfaceede1fec336,1d3bf63df28ba9f2766681a576a0b4d7fe853199d537ef6a19e6aaee7c6054d9
Normal Part2/Normal (49).E2E/2- 26- 2017 10- 23- 58 AM/Image 22,/kaggle/input/aether-oct5k-pilot/Images/Images_Manual/Normal Part2/Normal (49).E2E/2- 26- 2017 10- 23- 58 AM/Image 22.png,/kaggle/input/aether-oct5k-pilot/Masks/Masks_Manual/Grading_1/Normal Part2/Normal (49).E2E/2- 26- 2017 10- 23- 58 AM/Image 22.png,Normal Part2,train,2058b376ec997f367a47777e7537f4302f8891176b8128c054a399e2fe78f156,1e9823b1dbadb2419a2227b914f35eed8862aa503ca2ac07a6b337484607e6da,99e79894a265fc6603030767d095b083a9ca4d29a37c1e47db7a525121d1973d
AMD Part1/AMD (34).E2E/2- 25- 2017 8- 59- 29 PM/Image 10,/kaggle/input/aether-oct5k-pilot/Images/Images_Manual/AMD Part1/AMD (34).E2E/2- 25- 2017 8- 59- 29 PM/Image 10.png,/kaggle/input/aether-oct5k-pilot/Masks/Masks_Manual/Grading_1/AMD Part1/AMD (34).E2E/2- 25- 2017 8- 59- 29 PM/Image 10.png,AMD Part1,train,f30ea34320783f2fa4d3cfa4b7919e6c0032d6349c06bb8ee87125b297f2cbea,40897aa6f1aef0cddfe197f48418c6692d234f1d6a94b2a663e0b3a22ed6eaf0,162325c15753d1ad424393881256e45b380fc76dcf5605cac605f6c431c028e6
AMD Part1/AMD (22).E2E/2- 25- 2017 5- 11- 45 PM/Image 10,/kaggle/input/aether-oct5k-pilot/Images/Images_Manual/AMD Part1/AMD (22).E2E/2- 25- 2017 5- 11- 45 PM/Image 10.png,/kaggle/input/aether-oct5k-pilot/Masks/Masks_Manual/Grading_1/AMD Part1/AMD (22).E2E/2- 25- 2017 5- 11- 45 PM/Image 10.png,AMD Part1,train,cadbc4352027b272ab0788c5ee2bc45125c58ed438c5e301b11e4428b9adcc69,43bf491c15366880cd9e4fa51593535c40fa6f722a0a64138ae8f5933482b434,3c19f87199969a568db538b51543d98bd72e9645e06dc9da3160df3fb06985e4
DME/DME (29).E2E/2- 25- 2017 10- 15- 35 PM/Image 14,/kaggle/input/aether-oct5k-pilot/Images/Images_Manual/DME/DME (29).E2E/2- 25- 2017 10- 15- 35 PM/Image 14.png,/kaggle/input/aether-oct5k-pilot/Masks/Masks_Manual/Grading_1/DME/DME (29).E2E/2- 25- 2017 10- 15- 35 PM/Image 14.png,DME,train,a78e8212cd87ef2639f881bd97dbe953ba4299a43af0bc1b7f335835ab2b2a8f,adb0adab12754f6e9dc1f243d71b1476fa2ce62f828abc196458577fc40db25b,1372aaa3f675cd3b5799629194a8a4b3a2b512ae493809917727b7189c138626
AMD Part1/AMD (35).E2E/2- 25- 2017 9- 00- 52 PM/Image 19,/kaggle/input/aether-oct5k-pilot/Images/Images_Manual/AMD Part1/AMD (35).E2E/2- 25- 2017 9- 00- 52 PM/Image 19.png,/kaggle/input/aether-oct5k-pilot/Masks/Masks_Manual/Grading_1/AMD Part1/AMD (35).E2E/2- 25- 2017 9- 00- 52 PM/Image 19.png,AMD Part1,train,e2a95d849e884d4cc4ac7296ffd46972f68cce47f8bbc4142c533a41d73805f7,1ee4846349ae86cc43468c2ff60b420419f3708cf054da7a1a0e0bab55f5cad3,81e7002e426b16cb41a7f6c208d2b6a59199fe45e7c5dee3d4d0379563ecf586
Normal Part1/Normal (12).E2E/2- 26- 2017 9- 23- 28 AM/Image 27,/kaggle/input/aether-oct5k-pilot/Images/Images_Manual/Normal Part1/Normal (12).E2E/2- 26- 2017 9- 23- 28 AM/Image 27.png,/kaggle/input/aether-oct5k-pilot/Masks/Masks_Manual/Grading_1/Normal Part1/Normal (12).E2E/2- 26- 2017 9- 23- 28 AM/Image 27.png,Normal Part1,train,055dc12d451e036a91b6fe1997d39c4fd0bae047cf77e894a2476edb47fb9580,00f597ac461e09b06b7e3fe3c11a2f7f6e5e3b43647581a76210a1ac73d5cb16,283ac8f5a329ef8f6747068dd6695c00f011a4075cf162ef7311d998a77754ea
DME/DME (33).E2E/2- 25- 2017 10- 21- 00 PM/Image 17,/kaggle/input/aether-oct5k-pilot/Images/Images_Manual/DME/DME (33).E2E/2- 25- 2017 10- 21- 00 PM/Image 17.png,/kaggle/input/aether-oct5k-pilot/Masks/Masks_Manual/Grading_1/DME/DME (33).E2E/2- 25- 2017 10- 21- 00 PM/Image 17.png,DME,train,a27d41c5b7aab5c98d649e48419abcd9871c4f5f2933a242f74819df81ba7c0d,ef6fc6ea96046d91c370a16f11b1692e47ab202b0fc82501d7d09c65c4f85dd2,ea3fe3433efc6c5961d00deb4ce4fcc160f5c1f9995114561c2a43d5407f2436
Normal Part2/Normal (40).E2E/2- 26- 2017 10- 10- 37 AM/Image 2,/kaggle/input/aether-oct5k-pilot/Images/Images_Manual/Normal Part2/Normal (40).E2E/2- 26- 2017 10- 10- 37 AM/Image 2.png,/kaggle/input/aether-oct5k-pilot/Masks/Masks_Manual/Grading_1/Normal Part2/Normal (40).E2E/2- 26- 2017 10- 10- 37 AM/Image 2.png,Normal Part2,train,c1a7b1b620a8e9adf8aadc2ff6448395696f20b83ae9e462df363fd2a49336c2,b9d2110222c6fee77910020359859b6a726050baa7c5db6a2cebc498d2418581,74b3ea8e09e6258a78efec8ba875738dc6f853129fcd0f73812a1d62f1a3ae8d
DME/DME (26).E2E/2- 25- 2017 10- 10- 17 PM/Image 5,/kaggle/input/aether-oct5k-pilot/Images/Images_Manual/DME/DME (26).E2E/2- 25- 2017 10- 10- 17 PM/Image 5.png,/kaggle/input/aether-oct5k-pilot/Masks/Masks_Manual/Grading_1/DME/DME (26).E2E/2- 25- 2017 10- 10- 17 PM/Image 5.png,DME,train,1c110c8e1441f263fb836bd05067bf28f8f5bc10225e8faf2673796172f11eb4,6513b80a106b5e38fa9b31d565eb6637dc4aaf60cc8a1dcef49c60ec918d4a21,b4d8307214edde9725104e69832dc72e0bdf003dcbb2204ac24606cc86b4b17f
Normal Part1/Normal (26).E2E/2- 26- 2017 9- 44- 13 AM/Image 2,/kaggle/input/aether-oct5k-pilot/Images/Images_Manual/Normal Part1/Normal (26).E2E/2- 26- 2017 9- 44- 13 AM/Image 2.png,/kaggle/input/aether-oct5k-pilot/Masks/Masks_Manual/Grading_1/Normal Part1/Normal (26).E2E/2- 26- 2017 9- 44- 13 AM/Image 2.png,Normal Part1,train,542baaa74c1f2a50fca6c5c4a5867ae9d425f1196ce318d22e35b83a17be1bae,c157fe6df38bf5150337fe9606dc70d1af48b9fc32df5aa8a387e06f03fbe2b6,9aadc2d1cb263775361cf4ec3f2f4662a4f6fdd41828e9fda73632862ae9f444
AMD Part1/AMD (21).E2E/2- 25- 2017 5- 10- 29 PM/Image 48,/kaggle/input/aether-oct5k-pilot/Images/Images_Manual/AMD Part1/AMD (21).E2E/2- 25- 2017 5- 10- 29 PM/Image 48.png,/kaggle/input/aether-oct5k-pilot/Masks/Masks_Manual/Grading_1/AMD Part1/AMD (21).E2E/2- 25- 2017 5- 10- 29 PM/Image 48.png,AMD Part1,train,301416ab5822141bf273e51418c55543ecc68106bcd67aa170872a07bd693724,2a1414e2639c48e1097e097bb6cba47cf69b83f0ca073c38cce4cde025ee16c7,c15859a4459a0589916bf643f771bb42532d1fca14e8aef38bdea485e03b280f
DME/DME (11).E2E/2- 25- 2017 9- 47- 31 PM/Image 17,/kaggle/input/aether-oct5k-pilot/Images/Images_Manual/DME/DME (11).E2E/2- 25- 2017 9- 47- 31 PM/Image 17.png,/kaggle/input/aether-oct5k-pilot/Masks/Masks_Manual/Grading_1/DME/DME (11).E2E/2- 25- 2017 9- 47- 31 PM/Image 17.png,DME,train,7047494e3fe481d83c75400615e8a78424cfaca46ef2d736ed568efa1007d0eb,f0e23e77fa285072252a111b6cdecccbd4d56c61ca34c4c37c1f3d42da824aed,a6d649f0fc08d22e8ec91532810d6513ff7574eff030cc26edf13ba4502aa6ed
DME/DME (9).E2E/2- 25- 2017 9- 45- 28 PM/Image 4,/kaggle/input/aether-oct5k-pilot/Images/Images_Manual/DME/DME (9).E2E/2- 25- 2017 9- 45- 28 PM/Image 4.png,/kaggle/input/aether-oct5k-pilot/Masks/Masks_Manual/Grading_1/DME/DME (9).E2E/2- 25- 2017 9- 45- 28 PM/Image 4.png,DME,train,bbc6caf6151be6a95d16a4b9a7bc507d618775a0b01514219735831580667469,8729b308de97ba02fbfae021af0a5069bd9c9ba6bb1615de7bd3ed556b309160,327768c4acbe5dc871c9ef16eb0ce03756446df22a6459b3c1e47f77a5fa31cd
AMD Part1/AMD (24).E2E/2- 25- 2017 5- 17- 27 PM/Image 51,/kaggle/input/aether-oct5k-pilot/Images/Images_Manual/AMD Part1/AMD (24).E2E/2- 25- 2017 5- 17- 27 PM/Image 51.png,/kaggle/input/aether-oct5k-pilot/Masks/Masks_Manual/Grading_1/AMD Part1/AMD (24).E2E/2- 25- 2017 5- 17- 27 PM/Image 51.png,AMD Part1,train,8157b0e8d2cdc5084703ecd8d11773757fd3ab30b2a5f69e59499f9d94a885a9,c4fe9223a1df72ef599f46267432fef26191a69dfe3564ea9d2a775833acd4d5,149dcb1132ce3760e49646a15388a7468a0090da8a8c3d9b7fa540d14de3bd94
Normal Part2/Normal (47).E2E/2- 26- 2017 10- 21- 43 AM/Image 25,/kaggle/input/aether-oct5k-pilot/Images/Images_Manual/Normal Part2/Normal (47).E2E/2- 26- 2017 10- 21- 43 AM/Image 25.png,/kaggle/input/aether-oct5k-pilot/Masks/Masks_Manual/Grading_1/Normal Part2/Normal (47).E2E/2- 26- 2017 10- 21- 43 AM/Image 25.png,Normal Part2,train,5f87c9fc68f73d7131c4bda2795dbb31f55ba20586296014e3fed5f3717adb15,c916b1165a6f6d8e85cc13478df8c448504eba382c40eeee27969f0b6e912a34,ebe812d53add421a81d61afd5753a442d31e2e028285e5921cda24b35bad1938
Normal Part2/Normal (47).E2E/2- 26- 2017 10- 21- 43 AM/Image 49,/kaggle/input/aether-oct5k-pilot/Images/Images_Manual/Normal Part2/Normal (47).E2E/2- 26- 2017 10- 21- 43 AM/Image 49.png,/kaggle/input/aether-oct5k-pilot/Masks/Masks_Manual/Grading_1/Normal Part2/Normal (47).E2E/2- 26- 2017 10- 21- 43 AM/Image 49.png,Normal Part2,train,8efa223b7ef6ca17ae17b05bc09da7587655f72a87d5e674a417b3c514bf0eb7,0fe6830737f5fc1d2b9cb679d416dea5b7f1b9b46b849df94f21c2bb5fcb586b,817081b89738e5f98be17b543f5946a6c2b878cbe7b5a8bebbcc75a98297950e
AMD Part2/AMD (40).E2E/2- 25- 2017 9- 08- 13 PM/Image 2,/kaggle/input/aether-oct5k-pilot/Images/Images_Manual/AMD Part2/AMD (40).E2E/2- 25- 2017 9- 08- 13 PM/Image 2.png,/kaggle/input/aether-oct5k-pilot/Masks/Masks_Manual/Grading_1/AMD Part2/AMD (40).E2E/2- 25- 2017 9- 08- 13 PM/Image 2.png,AMD Part2,train,738b5979e2d59730f2e292343ca9d6b82b5c16bc75f74737eac63d2ebb70fe37,f2443677d76ca8c9ef3d9767597794cbc4326cd0658b6e602dc169b58113ed0e,9c3076fade7cc6d3dd0b7ff8221ea940de74603d37ab70475d323ee7aa2fd8e6
AMD Part1/AMD (23).E2E/2- 25- 2017 5- 14- 57 PM/Image 14,/kaggle/input/aether-oct5k-pilot/Images/Images_Manual/AMD Part1/AMD (23).E2E/2- 25- 2017 5- 14- 57 PM/Image 14.png,/kaggle/input/aether-oct5k-pilot/Masks/Masks_Manual/Grading_1/AMD Part1/AMD (23).E2E/2- 25- 2017 5- 14- 57 PM/Image 14.png,AMD Part1,train,140bc786f1a806c476a97218ca4795ff6955b71393df385143932aa54b836edd,3643942e679aa815c4ad0f2d4fb5cc7a02eaef46cae4f991fe6ba249327bf038,1feb6d3606c50b61334a1763c5b822649cadb84a04624aa2536219d273a48d2b
DME/DME (30).E2E/2- 25- 2017 10- 16- 46 PM/Image 1,/kaggle/input/aether-oct5k-pilot/Images/Images_Manual/DME/DME (30).E2E/2- 25- 2017 10- 16- 46 PM/Image 1.png,/kaggle/input/aether-oct5k-pilot/Masks/Masks_Manual/Grading_1/DME/DME (30).E2E/2- 25- 2017 10- 16- 46 PM/Image 1.png,DME,train,90d335b5bcb199a4600a299380c5cfd7454ebad34336be194e47674f4b0e9eb8,c2b77373fd890763717fa8fc7efbfd8c93a3e2ab8bccf7faa97be31a8978ca1a,f67d67139250e96993f9d2aba620000fdfc814b673ae5ea5339b7b1c23d04fa4
AMD Part1/AMD (24).E2E/2- 25- 2017 5- 17- 27 PM/Image 5,/kaggle/input/aether-oct5k-pilot/Images/Images_Manual/AMD Part1/AMD (24).E2E/2- 25- 2017 5- 17- 27 PM/Image 5.png,/kaggle/input/aether-oct5k-pilot/Masks/Masks_Manual/Grading_1/AMD Part1/AMD (24).E2E/2- 25- 2017 5- 17- 27 PM/Image 5.png,AMD Part1,train,5595cd65094b9369163dbadebf27a8662df822a7d9a68175effc1d70dd11d562,5d22a69cef4ccbe60bfc805530b36208ee95a387b26914077a5dfaf4b36fb2ad,a7ee836399bf29b3351f8c742a48d6e782f08fb2ab14079ee5df1829cd8dd029
AMD Part1/AMD (9).E2E/2- 25- 2017 9- 25- 22 PM/Image 17,/kaggle/input/aether-oct5k-pilot/Images/Images_Manual/AMD Part1/AMD (9).E2E/2- 25- 2017 9- 25- 22 PM/Image 17.png,/kaggle/input/aether-oct5k-pilot/Masks/Masks_Manual/Grading_1/AMD Part1/AMD (9).E2E/2- 25- 2017 9- 25- 22 PM/Image 17.png,AMD Part1,train,dd2348dd3d627a8f260125632956c2066f5f8d648ca0801ea404fe6de9cfcac2,69f20a20e219fd2564ed883b04ada8166a7c5ab621a5b3fb9777996291f07618,05c2afb7a5848c5bb9925aa2129350d3d4a2328441394deebe6d5bd62220fa31
Normal Part1/Normal (9).E2E/2- 26- 2017 9- 15- 48 AM/Image 18,/kaggle/input/aether-oct5k-pilot/Images/Images_Manual/Normal Part1/Normal (9).E2E/2- 26- 2017 9- 15- 48 AM/Image 18.png,/kaggle/input/aether-oct5k-pilot/Masks/Masks_Manual/Grading_1/Normal Part1/Normal (9).E2E/2- 26- 2017 9- 15- 48 AM/Image 18.png,Normal Part1,train,8e3efb200063dd0fb1490c28022151697b977171f6704bb1444e0cf61464761c,163d2b14636ca9e5f5fd22b8bede9559e0c7c59dc0b4425530294cb823551395,dc24f5cd16071158dee35e9b02745107f45ea22d47c61a128f3dd48efe640a1b
Normal Part2/Normal (47).E2E/2- 26- 2017 10- 21- 43 AM/Image 14,/kaggle/input/aether-oct5k-pilot/Images/Images_Manual/Normal Part2/Normal (47).E2E/2- 26- 2017 10- 21- 43 AM/Image 14.png,/kaggle/input/aether-oct5k-pilot/Masks/Masks_Manual/Grading_1/Normal Part2/Normal (47).E2E/2- 26- 2017 10- 21- 43 AM/Image 14.png,Normal Part2,train,946758352356bd9dae39a95bbc117316b80693b6a819710b630757af224278aa,1b5ffab3e9488e8d2074ca7f13d82cbf4f7b395b8c9c9b043b56e252ce810fd0,f4d691b5ff48f58bee25e8ebf3f9ade2245147f349a8502e7e227da5781caa9c
AMD Part1/AMD (29).E2E/2- 25- 2017 8- 39- 05 PM/Image 17,/kaggle/input/aether-oct5k-pilot/Images/Images_Manual/AMD Part1/AMD (29).E2E/2- 25- 2017 8- 39- 05 PM/Image 17.png,/kaggle/input/aether-oct5k-pilot/Masks/Masks_Manual/Grading_1/AMD Part1/AMD (29).E2E/2- 25- 2017 8- 39- 05 PM/Image 17.png,AMD Part1,train,140c3c7b7c156e24849fe57ae378a9b045f4dfb95c7a7f10d835493044a80172,73c00b586e0ec939f3cef4f700410cb76b259eb74b0c3173a4d6d2635e813b19,6c2c40bee9173f704a7a7dbf7da59fbafd2902b13d120966231e3443c9bfc375
AMD Part1/AMD (13).E2E/2- 25- 2017 4- 48- 43 PM/Image 47,/kaggle/input/aether-oct5k-pilot/Images/Images_Manual/AMD Part1/AMD (13).E2E/2- 25- 2017 4- 48- 43 PM/Image 47.png,/kaggle/input/aether-oct5k-pilot/Masks/Masks_Manual/Grading_1/AMD Part1/AMD (13).E2E/2- 25- 2017 4- 48- 43 PM/Image 47.png,AMD Part1,train,0e3429eed2b62cce63ea9edf82c1bbc535d96ef1226201b82dc5b1c43c3c8bf0,03f3160f32f9eb7810d02418fe8dc53162e06425f712384bb3c2fccaaddaef56,f911bed5deee58e902225a984df25945c856954cca155c7abf37d323cc2e8b7c
AMD Part1/AMD (13).E2E/2- 25- 2017 4- 48- 43 PM/Image 16,/kaggle/input/aether-oct5k-pilot/Images/Images_Manual/AMD Part1/AMD (13).E2E/2- 25- 2017 4- 48- 43 PM/Image 16.png,/kaggle/input/aether-oct5k-pilot/Masks/Masks_Manual/Grading_1/AMD Part1/AMD (13).E2E/2- 25- 2017 4- 48- 43 PM/Image 16.png,AMD Part1,train,21a1dc3b4019551a41da99a6211d926405c6e4b2ad3b30694e36dd7d131826e7,349a31c87b4e4d24f28f5a4ba8bdacdc1dd705b89da0b518d920d3a6e6a19fff,576d60b5cb201629dba4e963ae1d32e020721ccc5668bb42c75d4902eb0d1d0d
Normal Part1/Normal (25).E2E/2- 26- 2017 9- 42- 47 AM/Image 19,/kaggle/input/aether-oct5k-pilot/Images/Images_Manual/Normal Part1/Normal (25).E2E/2- 26- 2017 9- 42- 47 AM/Image 19.png,/kaggle/input/aether-oct5k-pilot/Masks/Masks_Manual/Grading_1/Normal Part1/Normal (25).E2E/2- 26- 2017 9- 42- 47 AM/Image 19.png,Normal Part1,train,d1cf5f56319bfed28243328609a3b260511026ec60cfdfc593767647fbc0b9e4,da3ddb81c86ce591d9a022586d9b3eee2ed689acff5e6b964c7c965e51eeac42,6adeecedf53fe73f0bb467ee62cf2349c0920cfc5433d920f4e5dd3246ea9339
Normal Part1/Normal (25).E2E/2- 26- 2017 9- 42- 47 AM/Image 41,/kaggle/input/aether-oct5k-pilot/Images/Images_Manual/Normal Part1/Normal (25).E2E/2- 26- 2017 9- 42- 47 AM/Image 41.png,/kaggle/input/aether-oct5k-pilot/Masks/Masks_Manual/Grading_1/Normal Part1/Normal (25).E2E/2- 26- 2017 9- 42- 47 AM/Image 41.png,Normal Part1,train,e983a050a8fb6c15d3ecb3226319198c2ae81da2fc792f9b9c325971523e3d75,4ea31f743b4a34045861bc23f02452ca12d85d7553b600ac0bce16dfb4fe235a,5eb5c98334e1b7b6ce821f359c3d762d5800b7731679da46365930a90734cca1
Normal Part2/Normal (47).E2E/2- 26- 2017 10- 21- 43 AM/Image 6,/kaggle/input/aether-oct5k-pilot/Images/Images_Manual/Normal Part2/Normal (47).E2E/2- 26- 2017 10- 21- 43 AM/Image 6.png,/kaggle/input/aether-oct5k-pilot/Masks/Masks_Manual/Grading_1/Normal Part2/Normal (47).E2E/2- 26- 2017 10- 21- 43 AM/Image 6.png,Normal Part2,train,0b11c563ddab938e5e0777753a9790b479db31d07605a3da5aa1e6d87e12f89f,6c2a072aacf2f1b3f4ccffcaf35e24d071ecaa109d5e6b0b60b8f20558f73ed9,5caeb3afc21a3d82c1ce14f4a6fe9527b30c7f3fd6c268d0e0b09fd5132f1e12
AMD Part1/AMD (26).E2E/2- 25- 2017 5- 23- 01 PM/Image 15,/kaggle/input/aether-oct5k-pilot/Images/Images_Manual/AMD Part1/AMD (26).E2E/2- 25- 2017 5- 23- 01 PM/Image 15.png,/kaggle/input/aether-oct5k-pilot/Masks/Masks_Manual/Grading_1/AMD Part1/AMD (26).E2E/2- 25- 2017 5- 23- 01 PM/Image 15.png,AMD Part1,train,4b040fbd852b0b3f4d7ef870bc8c4f9e952677eaa374e26d7a6ac52074e921f8,1e57b58ad35ee829ec9cf2200d13f73530d3a763e4a714e8799104a6ab9d9cb1,4a4ee08bd21a617cb7d552146558f3c69d7094080dd304d3ad2b965df636465b
DME/DME (30).E2E/2- 25- 2017 10- 16- 46 PM/Image 4,/kaggle/input/aether-oct5k-pilot/Images/Images_Manual/DME/DME (30).E2E/2- 25- 2017 10- 16- 46 PM/Image 4.png,/kaggle/input/aether-oct5k-pilot/Masks/Masks_Manual/Grading_1/DME/DME (30).E2E/2- 25- 2017 10- 16- 46 PM/Image 4.png,DME,train,b2c9197bcae17485fff9e8c7c517fcccb1ea36dbf8a79a401e47a210659258ed,0cb6954a84f53e8066b54811d3ce2363c18434957e2dafa80dea501b05e4964d,6d87f5daa8f770ef9bbbf7a86ba0f9403ea1c1a278598de55ba73b3346731a53
Normal Part2/Normal (37).E2E/2- 26- 2017 10- 05- 11 AM/Image 16,/kaggle/input/aether-oct5k-pilot/Images/Images_Manual/Normal Part2/Normal (37).E2E/2- 26- 2017 10- 05- 11 AM/Image 16.png,/kaggle/input/aether-oct5k-pilot/Masks/Masks_Manual/Grading_1/Normal Part2/Normal (37).E2E/2- 26- 2017 10- 05- 11 AM/Image 16.png,Normal Part2,train,b00f0f78a4f6105425b5aac84bf384da80e240d51d46b3ec91bd071d607a5c1e,294c1e512d2852c10989ed30bbee6113a099fd8fc37d19f22e268d9402c999b8,c77a9edc4f6fa94990c11a47f7300fcd8c934552d2ab967734a4146a0561f528
Normal Part2/Normal (36).E2E/2- 26- 2017 10- 04- 18 AM/Image 10,/kaggle/input/aether-oct5k-pilot/Images/Images_Manual/Normal Part2/Normal (36).E2E/2- 26- 2017 10- 04- 18 AM/Image 10.png,/kaggle/input/aether-oct5k-pilot/Masks/Masks_Manual/Grading_1/Normal Part2/Normal (36).E2E/2- 26- 2017 10- 04- 18 AM/Image 10.png,Normal Part2,train,55d9a5b58517118ac4880d3ffe8d8a0646aea081105f198deb8e6d2928be11b6,53b7d71ec55b401d489ae71b00dd86ef2b3a727290ab0a913aca64a5984e0634,08c9924e2626bd213248d367fe4d74964b02a039b42f4e6875d631f12276ddeb
AMD Part1/AMD (24).E2E/2- 25- 2017 5- 17- 27 PM/Image 55,/kaggle/input/aether-oct5k-pilot/Images/Images_Manual/AMD Part1/AMD (24).E2E/2- 25- 2017 5- 17- 27 PM/Image 55.png,/kaggle/input/aether-oct5k-pilot/Masks/Masks_Manual/Grading_1/AMD Part1/AMD (24).E2E/2- 25- 2017 5- 17- 27 PM/Image 55.png,AMD Part1,train,b0ba9883021815f00dd765ee774d72dedee0b83dc3207b8d935b2d761402e7c9,53b00c04d5cda1bfb41e6bd8db4289397dc1e8a9344038d96e8097c3ec13badd,df38419508760239cb0811d3e132481008857e472f697311ddc7e9e95390b4df
AMD Part1/AMD (2).E2E/2- 25- 2017 9- 12- 39 PM/Image 16,/kaggle/input/aether-oct5k-pilot/Images/Images_Manual/AMD Part1/AMD (2).E2E/2- 25- 2017 9- 12- 39 PM/Image 16.png,/kaggle/input/aether-oct5k-pilot/Masks/Masks_Manual/Grading_1/AMD Part1/AMD (2).E2E/2- 25- 2017 9- 12- 39 PM/Image 16.png,AMD Part1,train,bc02ecd6817e3a679e6bd2ced597bfc56ebd46ff6aa58f7d0030dafd45ab6961,f6c6c28d6a1e9ec1723d7796c8bef8e9c97fde985593c896ddac287ffba000db,c195df04285d5f30dc913db7918dd6f9b88d9d1ce39b47881b229437474770f2
AMD Part1/AMD (3).E2E/2- 25- 2017 9- 13- 55 PM/Image 42,/kaggle/input/aether-oct5k-pilot/Images/Images_Manual/AMD Part1/AMD (3).E2E/2- 25- 2017 9- 13- 55 PM/Image 42.png,/kaggle/input/aether-oct5k-pilot/Masks/Masks_Manual/Grading_1/AMD Part1/AMD (3).E2E/2- 25- 2017 9- 13- 55 PM/Image 42.png,AMD Part1,train,0b1c0278167a1ebd3644de9624828a73bf10b3dd9aefccfddc32dd74a038e612,43a50a6111fa155a3d285620b8abe9b29343710c28e5b900d11ba804c18ed6db,97ccfb7c5667977f1f82501f865e877eb9519edc141d336e899375f65e43dc16
AMD Part1/AMD (21).E2E/2- 25- 2017 5- 10- 29 PM/Image 13,/kaggle/input/aether-oct5k-pilot/Images/Images_Manual/AMD Part1/AMD (21).E2E/2- 25- 2017 5- 10- 29 PM/Image 13.png,/kaggle/input/aether-oct5k-pilot/Masks/Masks_Manual/Grading_1/AMD Part1/AMD (21).E2E/2- 25- 2017 5- 10- 29 PM/Image 13.png,AMD Part1,train,302831c85b3c207ed85795a289ce5505fb91474fcb42d2c0f75709d6765597f7,1b47655bf93f6e131b30b62300221c3fd251eeeed4c270f17709d7fbc8267d3d,de2f46c75c9499a28d59e1583c0078c3c9ba974672d91797df6893f48a68eef2
AMD Part1/AMD (35).E2E/2- 25- 2017 9- 00- 52 PM/Image 26,/kaggle/input/aether-oct5k-pilot/Images/Images_Manual/AMD Part1/AMD (35).E2E/2- 25- 2017 9- 00- 52 PM/Image 26.png,/kaggle/input/aether-oct5k-pilot/Masks/Masks_Manual/Grading_1/AMD Part1/AMD (35).E2E/2- 25- 2017 9- 00- 52 PM/Image 26.png,AMD Part1,train,2759746d8e38fac78bef6783ddb71314bcd0cddbcaee02b1bd2e47c49c047d31,7a568c2312c6288d29727ad66fe23a3ccf202d830054fdc498b6f417857581f7,d090d83b257a54957deb0d21f5310d81fc664cd56643af0d1c427fe50aa2acf4
AMD Part1/AMD (24).E2E/2- 25- 2017 5- 17- 27 PM/Image 22,/kaggle/input/aether-oct5k-pilot/Images/Images_Manual/AMD Part1/AMD (24).E2E/2- 25- 2017 5- 17- 27 PM/Image 22.png,/kaggle/input/aether-oct5k-pilot/Masks/Masks_Manual/Grading_1/AMD Part1/AMD (24).E2E/2- 25- 2017 5- 17- 27 PM/Image 22.png,AMD Part1,train,872b96a95ef9f65580839790fe766c2f4fe79ecb20b8076de40df196eda6bd8d,33edb24ad6d88956a778b6a28ad635f21b21ff5e74ea86da7a9814652d24fa58,bedc3659248df4ccbf75ed499e8995193d35c686c3761df3216932bebbf73e07
AMD Part1/AMD (24).E2E/2- 25- 2017 5- 17- 27 PM/Image 19,/kaggle/input/aether-oct5k-pilot/Images/Images_Manual/AMD Part1/AMD (24).E2E/2- 25- 2017 5- 17- 27 PM/Image 19.png,/kaggle/input/aether-oct5k-pilot/Masks/Masks_Manual/Grading_1/AMD Part1/AMD (24).E2E/2- 25- 2017 5- 17- 27 PM/Image 19.png,AMD Part1,train,283aa4c2933a86ae9836174c3a4ed8c3ddf42dc252ccf91fd639d04d398245c7,fb4fec40bae3368a16698cb16ac582bf5fa9b0bd7bdb47bd0d1bf77cce2c815a,bca6d068d255b83faeed0b5e62e60facf7246f0e1e99e510d60e02ae66f4fe73
AMD Part1/AMD (29).E2E/2- 25- 2017 8- 39- 05 PM/Image 15,/kaggle/input/aether-oct5k-pilot/Images/Images_Manual/AMD Part1/AMD (29).E2E/2- 25- 2017 8- 39- 05 PM/Image 15.png,/kaggle/input/aether-oct5k-pilot/Masks/Masks_Manual/Grading_1/AMD Part1/AMD (29).E2E/2- 25- 2017 8- 39- 05 PM/Image 15.png,AMD Part1,train,7e129192aab4417b8a2de20e04c454d998e4fe16a48515c81dbdfbb628e12835,0389e0df05786a50f2afc79a072006e80604736f435dd79dcf30f2ec5d6cde43,ddbec018a3cd53d593912a31683793f1426b7efdd420aae7a96ee6a22cf432c2
AMD Part1/AMD (3).E2E/2- 25- 2017 9- 13- 55 PM/Image 21,/kaggle/input/aether-oct5k-pilot/Images/Images_Manual/AMD Part1/AMD (3).E2E/2- 25- 2017 9- 13- 55 PM/Image 21.png,/kaggle/input/aether-oct5k-pilot/Masks/Masks_Manual/Grading_1/AMD Part1/AMD (3).E2E/2- 25- 2017 9- 13- 55 PM/Image 21.png,AMD Part1,train,e540fce127582222f8d6850a7c5c0609c2db6b913a47429fd63980ede63c085f,818837e134d18bbaf082de04cf92f5d6e12de706caca0b87bc4bb70dde1f9956,7107d58fc4c1b4b78d8375b5536ea180242a609ef1210abb8f051ccb9322ff29
DME/DME (6).E2E/2- 25- 2017 9- 40- 56 PM/Image 19,/kaggle/input/aether-oct5k-pilot/Images/Images_Manual/DME/DME (6).E2E/2- 25- 2017 9- 40- 56 PM/Image 19.png,/kaggle/input/aether-oct5k-pilot/Masks/Masks_Manual/Grading_1/DME/DME (6).E2E/2- 25- 2017 9- 40- 56 PM/Image 19.png,DME,train,5cbd89cf70ea6663eacf5f41315165e20b1f7e6413a750f978a30f6160845cd8,1fd6da934d36714613f301be96fc42bc0cd56c913c91d8a61490dd53487cf58c,32b9c3c6111d53f71537957d8a1253d3b01c86a139f7b6ac6fb1443d0954c6f9
Normal Part2/Normal (34).E2E/2- 26- 2017 10- 01- 13 AM/Image 11,/kaggle/input/aether-oct5k-pilot/Images/Images_Manual/Normal Part2/Normal (34).E2E/2- 26- 2017 10- 01- 13 AM/Image 11.png,/kaggle/input/aether-oct5k-pilot/Masks/Masks_Manual/Grading_1/Normal Part2/Normal (34).E2E/2- 26- 2017 10- 01- 13 AM/Image 11.png,Normal Part2,train,278694060ececc1606ce609ea7742f3b5c504cf3e491fe2efd29be78a5bb6bb5,2aaa0cacdae2714efb1206a0fada25b231714e6f36404b3de16d5cda61a2f215,496775dc80c060a22800f3b6f5c6f0fce327c6286ca97b9c262f69916e8cafd5
DME/DME (21).E2E/2- 25- 2017 10- 01- 34 PM/Image 11,/kaggle/input/aether-oct5k-pilot/Images/Images_Manual/DME/DME (21).E2E/2- 25- 2017 10- 01- 34 PM/Image 11.png,/kaggle/input/aether-oct5k-pilot/Masks/Masks_Manual/Grading_1/DME/DME (21).E2E/2- 25- 2017 10- 01- 34 PM/Image 11.png,DME,train,125307a8f256481528a5670ab60974287afc24d90911093dffc979f06d9a8d46,11c5f4625770587bc9c11d2c6636bf83a2a1d849d00c4694ebb924a4cfa425e7,7c6dac8c1e001bde3099641b6f8bc8e8665af42fa0ad51d5f3516e10f3c69d89
AMD Part1/AMD (1).E2E/2- 25- 2017 9- 10- 42 PM/Image 3,/kaggle/input/aether-oct5k-pilot/Images/Images_Manual/AMD Part1/AMD (1).E2E/2- 25- 2017 9- 10- 42 PM/Image 3.png,/kaggle/input/aether-oct5k-pilot/Masks/Masks_Manual/Grading_1/AMD Part1/AMD (1).E2E/2- 25- 2017 9- 10- 42 PM/Image 3.png,AMD Part1,train,422977939e85ce87b8ee9d003d17420f38bf99cdf90c4a4e5ceb44fe60d7f7ef,a8a36b9394080505e30b595887f076ead500b5583bf55c5dde0b8ef9a3196aa4,5c104f956752740265696f193c14bd663690dcf2bcabdbbc636843112786b947
DME/DME (9).E2E/2- 25- 2017 9- 45- 28 PM/Image 19,/kaggle/input/aether-oct5k-pilot/Images/Images_Manual/DME/DME (9).E2E/2- 25- 2017 9- 45- 28 PM/Image 19.png,/kaggle/input/aether-oct5k-pilot/Masks/Masks_Manual/Grading_1/DME/DME (9).E2E/2- 25- 2017 9- 45- 28 PM/Image 19.png,DME,train,35fd1c3f3a99dc71b2593002ac2a131159dad37ee60cf4501d62d1159710d9ae,03993d76cf403985749cca4a4d5337c624f2d740b23d70235682fd1cc2088f8c,a389c181fb219d01e9c539ec58e7c44ab032645d3e536bac0cb1284a63ba0b08
DME/DME (35).E2E/2- 25- 2017 10- 23- 21 PM/Image 4,/kaggle/input/aether-oct5k-pilot/Images/Images_Manual/DME/DME (35).E2E/2- 25- 2017 10- 23- 21 PM/Image 4.png,/kaggle/input/aether-oct5k-pilot/Masks/Masks_Manual/Grading_1/DME/DME (35).E2E/2- 25- 2017 10- 23- 21 PM/Image 4.png,DME,train,b69d91247e5b0b340e9fd0c24eca46839c2ff5a159d8adaa8b7fc0840210560e,4d2805218f33ba9f36ed23d287c5c6e4fbf78a848fb4c054c7dd893ccfc666e4,1512f39c2e7ea6f441a177d74f3e33717c2762dd051308376e88bf3d8c53b062
AMD Part1/AMD (27).E2E/2- 25- 2017 8- 35- 28 PM/Image 25,/kaggle/input/aether-oct5k-pilot/Images/Images_Manual/AMD Part1/AMD (27).E2E/2- 25- 2017 8- 35- 28 PM/Image 25.png,/kaggle/input/aether-oct5k-pilot/Masks/Masks_Manual/Grading_1/AMD Part1/AMD (27).E2E/2- 25- 2017 8- 35- 28 PM/Image 25.png,AMD Part1,train,4bd8997f907358c0c29d6b73a18472ab1d0083020728116e28ef9972a1e76bbf,69d0a2315f554d772c1a6d4b97c7b15108ca536c000fcf45892158341d00314a,ba6c2be0a6bfab5bf83416d5ad43d16b95abb0dbfaa83cda074732460628db54
DME/DME (31).E2E/2- 25- 2017 10- 17- 51 PM/Image 9,/kaggle/input/aether-oct5k-pilot/Images/Images_Manual/DME/DME (31).E2E/2- 25- 2017 10- 17- 51 PM/Image 9.png,/kaggle/input/aether-oct5k-pilot/Masks/Masks_Manual/Grading_1/DME/DME (31).E2E/2- 25- 2017 10- 17- 51 PM/Image 9.png,DME,train,fbadeb8da085565444b2d45317dbac5a1506d73c354c68a3c0aa05615f8c95a7,137fe79da6f9a10bde8fff9d8a2c5a092c9edb03acab6478c6066c69d5fe4306,a3fde7e255d1ef561dcf065ce16cdb91b8449d53e74d45ac7ab418b9cc85f512
AMD Part1/AMD (13).E2E/2- 25- 2017 4- 48- 43 PM/Image 32,/kaggle/input/aether-oct5k-pilot/Images/Images_Manual/AMD Part1/AMD (13).E2E/2- 25- 2017 4- 48- 43 PM/Image 32.png,/kaggle/input/aether-oct5k-pilot/Masks/Masks_Manual/Grading_1/AMD Part1/AMD (13).E2E/2- 25- 2017 4- 48- 43 PM/Image 32.png,AMD Part1,train,30b48409c351b2d70de07f5b1bcaafa1feefb2e547e242c1ea9484c1d060977f,0ec372dc83c52e05a78954b32768baec4a3e480b3619ca4092402cf7c12c1ddc,e7d64eaaef32ea4534920df375e531a9055ec6573fc45dfeca28e570de38b400
Normal Part2/Normal (36).E2E/2- 26- 2017 10- 04- 18 AM/Image 5,/kaggle/input/aether-oct5k-pilot/Images/Images_Manual/Normal Part2/Normal (36).E2E/2- 26- 2017 10- 04- 18 AM/Image 5.png,/kaggle/input/aether-oct5k-pilot/Masks/Masks_Manual/Grading_1/Normal Part2/Normal (36).E2E/2- 26- 2017 10- 04- 18 AM/Image 5.png,Normal Part2,train,014b015b15ff12d4aabe6cd77d9efc4515adf9a74afcb0218e72eb20678a3591,7f0d30a60f5814254b318bd3ea4c79a26d66aa7202a19f1563ace91b389104af,864745fbf4a75fc74455a39248e09138a450276ad81bd4233faf5b9248f03182
AMD Part1/AMD (23).E2E/2- 25- 2017 5- 14- 57 PM/Image 54,/kaggle/input/aether-oct5k-pilot/Images/Images_Manual/AMD Part1/AMD (23).E2E/2- 25- 2017 5- 14- 57 PM/Image 54.png,/kaggle/input/aether-oct5k-pilot/Masks/Masks_Manual/Grading_1/AMD Part1/AMD (23).E2E/2- 25- 2017 5- 14- 57 PM/Image 54.png,AMD Part1,train,292ca824c5643c668547ab40dd243bbdac0af3ceca70333e2ba051805d19ba98,f007b7d0c939f6cedb06449a6d80452e1b735d04714a3df3eac4567c05a1dafe,f38ad6cbbd5185ab8b4d785c2e047232adc857fa1de7ae9429175827a01b4902
AMD Part1/AMD (9).E2E/2- 25- 2017 9- 25- 22 PM/Image 16,/kaggle/input/aether-oct5k-pilot/Images/Images_Manual/AMD Part1/AMD (9).E2E/2- 25- 2017 9- 25- 22 PM/Image 16.png,/kaggle/input/aether-oct5k-pilot/Masks/Masks_Manual/Grading_1/AMD Part1/AMD (9).E2E/2- 25- 2017 9- 25- 22 PM/Image 16.png,AMD Part1,train,d9e87e017eee553c176bf1281fe52fb02f9ffb7e6a5c38b5715ea3b34a4d476d,927fb4bfab3cea01fa97b5b3960deddba315120048c9f0d0e8099d9e6c1a04b1,940af95cde14a0629910ad421a9b0d9347acf3da0af495c88938bf9f0bc312ec
Normal Part1/Normal (6).E2E/2- 26- 2017 9- 12- 11 AM/Image 10,/kaggle/input/aether-oct5k-pilot/Images/Images_Manual/Normal Part1/Normal (6).E2E/2- 26- 2017 9- 12- 11 AM/Image 10.png,/kaggle/input/aether-oct5k-pilot/Masks/Masks_Manual/Grading_1/Normal Part1/Normal (6).E2E/2- 26- 2017 9- 12- 11 AM/Image 10.png,Normal Part1,train,ee78be03ca5dda1891db0c1ca8e8aed1203b7cec521141ba1b041ab74465d20c,575a651808892461d4d85b231c9d3da69cb7f75f6f1408e1feb9188b2556ead4,4e1db91a7fb8f635120cc1ac9e53ea1f92d39786098a065dcc0812c31b3520f0
DME/DME (15).E2E/2- 25- 2017 9- 53- 19 PM/Image 1,/kaggle/input/aether-oct5k-pilot/Images/Images_Manual/DME/DME (15).E2E/2- 25- 2017 9- 53- 19 PM/Image 1.png,/kaggle/input/aether-oct5k-pilot/Masks/Masks_Manual/Grading_1/DME/DME (15).E2E/2- 25- 2017 9- 53- 19 PM/Image 1.png,DME,train,3bc52b6fc707182ba4c845b1d1fd251b1022d5aafd26feea75fc719e5a4fdeed,2b5f6431863c3e15f556d1f854f74ebaa2697ec6f72b815013610750988cf1a3,f78f4bd727068c06494c756883626be109f0b16530f44ce80b3ca8f256cf47b5
Normal Part2/Normal (47).E2E/2- 26- 2017 10- 21- 43 AM/Image 53,/kaggle/input/aether-oct5k-pilot/Images/Images_Manual/Normal Part2/Normal (47).E2E/2- 26- 2017 10- 21- 43 AM/Image 53.png,/kaggle/input/aether-oct5k-pilot/Masks/Masks_Manual/Grading_1/Normal Part2/Normal (47).E2E/2- 26- 2017 10- 21- 43 AM/Image 53.png,Normal Part2,train,75805348a20e8f68555b2ccd6ae7b8a114702d2a0e28c1503fc515747b4832bb,0d76e3bcbec0cb4594b1145bd5eb3827385ce6d80fd9f5631da0aaf73d52bfe3,872dad76140d840d0a61f035001aa9017a4ed837614d82ea5044eca4ecbd13b8
AMD Part1/AMD (21).E2E/2- 25- 2017 5- 10- 29 PM/Image 19,/kaggle/input/aether-oct5k-pilot/Images/Images_Manual/AMD Part1/AMD (21).E2E/2- 25- 2017 5- 10- 29 PM/Image 19.png,/kaggle/input/aether-oct5k-pilot/Masks/Masks_Manual/Grading_1/AMD Part1/AMD (21).E2E/2- 25- 2017 5- 10- 29 PM/Image 19.png,AMD Part1,train,093a653d71e6933229d95937cd2609a880c54c3414e1b1b47c7e05755f7a674b,a3c014c1fae241d385566963bfd6a079a16db8cefa8c870b1890c85e8bb5ba02,eedf07b3ed77d46ca068c46c6b7becefe893be53005945e201f7a0299a0f97d8
Normal Part1/Normal (26).E2E/2- 26- 2017 9- 44- 13 AM/Image 1,/kaggle/input/aether-oct5k-pilot/Images/Images_Manual/Normal Part1/Normal (26).E2E/2- 26- 2017 9- 44- 13 AM/Image 1.png,/kaggle/input/aether-oct5k-pilot/Masks/Masks_Manual/Grading_1/Normal Part1/Normal (26).E2E/2- 26- 2017 9- 44- 13 AM/Image 1.png,Normal Part1,train,34f1fc6554ae689ff0be7587f1747e53a86225028ce0080c263964b6c26bc329,1b9658dc2c1e84bba02e3131d82521e1aca3cf72227785adfb82d3ba21caf93f,2d797de27906db7a56d674a62216179c99f73966db4509b07fdbee777b7d7317
AMD Part1/AMD (21).E2E/2- 25- 2017 5- 10- 29 PM/Image 22,/kaggle/input/aether-oct5k-pilot/Images/Images_Manual/AMD Part1/AMD (21).E2E/2- 25- 2017 5- 10- 29 PM/Image 22.png,/kaggle/input/aether-oct5k-pilot/Masks/Masks_Manual/Grading_1/AMD Part1/AMD (21).E2E/2- 25- 2017 5- 10- 29 PM/Image 22.png,AMD Part1,train,aaefd74002b63894e6e27efc334211dcd253b94abe7729818ffd70c602c5e112,82e62e763193e71639637eabfae67edc47e4e7ede6eb6c831ec9a28a5aa0698c,a97d5bb86975b7f20f445a681b20524be164662087a7f9dbbbff2b54ec756703
AMD Part1/AMD (21).E2E/2- 25- 2017 5- 10- 29 PM/Image 35,/kaggle/input/aether-oct5k-pilot/Images/Images_Manual/AMD Part1/AMD (21).E2E/2- 25- 2017 5- 10- 29 PM/Image 35.png,/kaggle/input/aether-oct5k-pilot/Masks/Masks_Manual/Grading_1/AMD Part1/AMD (21).E2E/2- 25- 2017 5- 10- 29 PM/Image 35.png,AMD Part1,train,ecf92723295f200decf67d20d7446bfdb2e07132d2b2600b54501067194636af,d37debec6b544c4a2a5b8b7999870ef3edef70c8fe0751e38e96860b4f87e106,dcd03a73756079d8faf482303887c4bc2c1ec90a307791e803623d5eac7c9a4f
Normal Part1/Normal (13).E2E/2- 26- 2017 9- 25- 04 AM/Image 16,/kaggle/input/aether-oct5k-pilot/Images/Images_Manual/Normal Part1/Normal (13).E2E/2- 26- 2017 9- 25- 04 AM/Image 16.png,/kaggle/input/aether-oct5k-pilot/Masks/Masks_Manual/Grading_1/Normal Part1/Normal (13).E2E/2- 26- 2017 9- 25- 04 AM/Image 16.png,Normal Part1,train,9676de24c44779a66a653d3dae4ea539745b2e424aee2a32aad7cfe47e71f9d1,608525d367375fc2149dd5eeebc80a77ba69059c84207ac8bae5f435d3948d24,98ea39f6a79e5c62d1f740b21f9eb81992aab7ffcb863660991d2c38ae108bd9
AMD Part1/AMD (13).E2E/2- 25- 2017 4- 48- 43 PM/Image 35,/kaggle/input/aether-oct5k-pilot/Images/Images_Manual/AMD Part1/AMD (13).E2E/2- 25- 2017 4- 48- 43 PM/Image 35.png,/kaggle/input/aether-oct5k-pilot/Masks/Masks_Manual/Grading_1/AMD Part1/AMD (13).E2E/2- 25- 2017 4- 48- 43 PM/Image 35.png,AMD Part1,train,359ada874a3631a60b12f145201fd0d396bcaea50459ead9ba2d326b4f14097d,ef274ba2e052b6d10ab5eae92df2f26e6bac6f17cdf4fbddde09e1fd532e37f9,5f16f5e5ef9d560f3a9ca53599cd776bcaddb33054fa4e97fa1ff085a6dc5ae8
DME/DME (33).E2E/2- 25- 2017 10- 21- 00 PM/Image 2,/kaggle/input/aether-oct5k-pilot/Images/Images_Manual/DME/DME (33).E2E/2- 25- 2017 10- 21- 00 PM/Image 2.png,/kaggle/input/aether-oct5k-pilot/Masks/Masks_Manual/Grading_1/DME/DME (33).E2E/2- 25- 2017 10- 21- 00 PM/Image 2.png,DME,train,2ae3d54d4b11b0de20d9a7b2fc0f8f54da8629387b2cca2551ab5cc4d4dfd4d3,837cb9c4b6ca81911537635fdd4358165c7a4aa914a4c3e6aaece608ab7fca56,9df4d205911ec1e13faf3b2eb24556894fe85fb0005377f44056fa724fadac06
Normal Part1/Normal (7).E2E/2- 26- 2017 9- 14- 12 AM/Image 2,/kaggle/input/aether-oct5k-pilot/Images/Images_Manual/Normal Part1/Normal (7).E2E/2- 26- 2017 9- 14- 12 AM/Image 2.png,/kaggle/input/aether-oct5k-pilot/Masks/Masks_Manual/Grading_1/Normal Part1/Normal (7).E2E/2- 26- 2017 9- 14- 12 AM/Image 2.png,Normal Part1,train,3c66dcd9f0ff8a5cff49353933cd30395fb976aaf0962b0805183ce219c1be35,74a3bbe8158b3dd4d034e65f56b0b374025a210ea73bbbb11981230af696d75b,24d5011f7aafe95efdded39ab6b01525e5ff45c92fb1ff55a78171ffdf84e6ce
DME/DME (14).E2E/2- 25- 2017 9- 51- 49 PM/Image 2,/kaggle/input/aether-oct5k-pilot/Images/Images_Manual/DME/DME (14).E2E/2- 25- 2017 9- 51- 49 PM/Image 2.png,/kaggle/input/aether-oct5k-pilot/Masks/Masks_Manual/Grading_1/DME/DME (14).E2E/2- 25- 2017 9- 51- 49 PM/Image 2.png,DME,train,ade2f469226a03e9fe98e90e773648f970e6e3bc336fca4a2bce6c962f121af2,01307f85c89de6f3eceb5d015e5d69b8afb9a9cb277220d28c178424ebd555bb,4a466600b8c1d69151bcc92c4375d76f0ffa96ae5705d2e32cb88f4f602c8c84
DME/DME (9).E2E/2- 25- 2017 9- 45- 28 PM/Image 43,/kaggle/input/aether-oct5k-pilot/Images/Images_Manual/DME/DME (9).E2E/2- 25- 2017 9- 45- 28 PM/Image 43.png,/kaggle/input/aether-oct5k-pilot/Masks/Masks_Manual/Grading_1/DME/DME (9).E2E/2- 25- 2017 9- 45- 28 PM/Image 43.png,DME,train,5d7255959349e26603ea6912abc496e8fe3826366dbef1037ab3b622283894a1,5d682de741b7860b386de5addb42ea51ed58fa40f2d916b0009ac92d7230e829,7824e6df26f58aede93821fe93106d825cae11c3acd59eb21d509f889be45f56
Normal Part2/Normal (49).E2E/2- 26- 2017 10- 23- 58 AM/Image 24,/kaggle/input/aether-oct5k-pilot/Images/Images_Manual/Normal Part2/Normal (49).E2E/2- 26- 2017 10- 23- 58 AM/Image 24.png,/kaggle/input/aether-oct5k-pilot/Masks/Masks_Manual/Grading_1/Normal Part2/Normal (49).E2E/2- 26- 2017 10- 23- 58 AM/Image 24.png,Normal Part2,train,27a1bdf7d72b59f51ba0247ef5cfa18e92407a703a5f0405394f77aae497fb79,63e5ec98546f15a0689bf0b15346c135329bf1bb26ad74fd59c49bb9e5859e7d,5b3af4a4005c7b17a5c7466aacc5b24ea8163d0a0d79c8bf5592da4a9d27877e
DME/DME (7).E2E/2- 25- 2017 9- 42- 34 PM/Image 6,/kaggle/input/aether-oct5k-pilot/Images/Images_Manual/DME/DME (7).E2E/2- 25- 2017 9- 42- 34 PM/Image 6.png,/kaggle/input/aether-oct5k-pilot/Masks/Masks_Manual/Grading_1/DME/DME (7).E2E/2- 25- 2017 9- 42- 34 PM/Image 6.png,DME,train,fbc5f64b6405a166006499cd6f2a11d3ae53fd8f404846c45782910ead9836a1,d770800d2325f65e8c7c5e683bcb1e589b3ce074e5519365fe2d74f393bd9254,625ea7ddf91b6c6e614bd4fddcba002bed5c6134538b3352fc090fab73b05f4c
Normal Part1/Normal (15).E2E/2- 26- 2017 9- 28- 04 AM/Image 11,/kaggle/input/aether-oct5k-pilot/Images/Images_Manual/Normal Part1/Normal (15).E2E/2- 26- 2017 9- 28- 04 AM/Image 11.png,/kaggle/input/aether-oct5k-pilot/Masks/Masks_Manual/Grading_1/Normal Part1/Normal (15).E2E/2- 26- 2017 9- 28- 04 AM/Image 11.png,Normal Part1,train,08ed08da1ee304c9aa48a6bad39944a791553ed7b26045a7d6d98b1a4bb9bb64,2dc65025cca9d6f7ecc740b8627949f032ad481c87392c4ca02ed006e9f5a448,610024956d326f2b17d1cd48cc4357fe812926b184b33c464c966d28fed115dc
AMD Part1/AMD (24).E2E/2- 25- 2017 5- 17- 27 PM/Image 26,/kaggle/input/aether-oct5k-pilot/Images/Images_Manual/AMD Part1/AMD (24).E2E/2- 25- 2017 5- 17- 27 PM/Image 26.png,/kaggle/input/aether-oct5k-pilot/Masks/Masks_Manual/Grading_1/AMD Part1/AMD (24).E2E/2- 25- 2017 5- 17- 27 PM/Image 26.png,AMD Part1,train,192a3bbc4ed3b9d1343dd03e532df755858fdbf0d065742f30358b3d6b4c982f,1a2e8a9108bda529749691adb2d5469c106418bd0f2d3448b8ffeca929165ec7,da5d54f9bddfcbb2abbdb6801f7456a9638fa347014ce09cddd12a28bc8577e6
Normal Part2/Normal (47).E2E/2- 26- 2017 10- 21- 43 AM/Image 51,/kaggle/input/aether-oct5k-pilot/Images/Images_Manual/Normal Part2/Normal (47).E2E/2- 26- 2017 10- 21- 43 AM/Image 51.png,/kaggle/input/aether-oct5k-pilot/Masks/Masks_Manual/Grading_1/Normal Part2/Normal (47).E2E/2- 26- 2017 10- 21- 43 AM/Image 51.png,Normal Part2,train,624c85dcf6a8b55e4068c395750d25b931b88e8ee19fc2bb9550c7de51a33765,93c0fde89861637e9659b432a42b6f572a7dbbdeee8a101543a7c8fee1410eaa,b4426a8da1b1c9d9b4a4493b20e38b28b454e9f4e5c5f9a1fe614d3088c2be49
Normal Part1/Normal (9).E2E/2- 26- 2017 9- 15- 48 AM/Image 30,/kaggle/input/aether-oct5k-pilot/Images/Images_Manual/Normal Part1/Normal (9).E2E/2- 26- 2017 9- 15- 48 AM/Image 30.png,/kaggle/input/aether-oct5k-pilot/Masks/Masks_Manual/Grading_1/Normal Part1/Normal (9).E2E/2- 26- 2017 9- 15- 48 AM/Image 30.png,Normal Part1,train,a28338dea424961311a0a5aa8318ca8a14d3391fb0a40c9fbc34769a83789603,c8216b8a434bdbb681857328a65a4b268a51b8225c7a42f7558044e4d375132d,f157528c0c14f49e8d20e94cb5b648ef974dbd8f4f75ae8e6d36e88d8a556820
DME/DME (31).E2E/2- 25- 2017 10- 17- 51 PM/Image 4,/kaggle/input/aether-oct5k-pilot/Images/Images_Manual/DME/DME (31).E2E/2- 25- 2017 10- 17- 51 PM/Image 4.png,/kaggle/input/aether-oct5k-pilot/Masks/Masks_Manual/Grading_1/DME/DME (31).E2E/2- 25- 2017 10- 17- 51 PM/Image 4.png,DME,train,d2888638fd1f1b17904e06d1d6ac7d2ce7d593dea56502e5241d83a5c5945f8c,8d5b548bb80e91685cc181c9e7100da631bef87ef4d4c023f2c372fc916639b6,90a95c2fc8efea17039d8035d097fc216a662f0b701dd8b6e125a6c235fe915f
AMD Part1/AMD (2).E2E/2- 25- 2017 9- 12- 39 PM/Image 25,/kaggle/input/aether-oct5k-pilot/Images/Images_Manual/AMD Part1/AMD (2).E2E/2- 25- 2017 9- 12- 39 PM/Image 25.png,/kaggle/input/aether-oct5k-pilot/Masks/Masks_Manual/Grading_1/AMD Part1/AMD (2).E2E/2- 25- 2017 9- 12- 39 PM/Image 25.png,AMD Part1,train,a74e683fbd9191d7e720f01a69b836942ae2eeba36466a9ccbae00d1fdb6a2d9,9321b4179fd2e3f3de93a871e19bff88ce98782fe11d7d2b9688b6290282e06c,c3ef60676ebd4786b5d231c36c5b7388e074e17286905696bfc7cdcc8f2d7b31
DME/DME (7).E2E/2- 25- 2017 9- 42- 34 PM/Image 5,/kaggle/input/aether-oct5k-pilot/Images/Images_Manual/DME/DME (7).E2E/2- 25- 2017 9- 42- 34 PM/Image 5.png,/kaggle/input/aether-oct5k-pilot/Masks/Masks_Manual/Grading_1/DME/DME (7).E2E/2- 25- 2017 9- 42- 34 PM/Image 5.png,DME,train,841ae6d0aabc924b2c750c6f8d8f3dffb926c47f7b2bdf1ab9c0c09471f57cc4,6dbf218d8eb1bfe453df3c8e39f2847a54a63b3a1768ecd24c91047dadcd499c,7beed93890b70dbd4eab5a8640042fa5e24128a4f69a9db252bfb4df66453df3
DME/DME (9).E2E/2- 25- 2017 9- 45- 28 PM/Image 29,/kaggle/input/aether-oct5k-pilot/Images/Images_Manual/DME/DME (9).E2E/2- 25- 2017 9- 45- 28 PM/Image 29.png,/kaggle/input/aether-oct5k-pilot/Masks/Masks_Manual/Grading_1/DME/DME (9).E2E/2- 25- 2017 9- 45- 28 PM/Image 29.png,DME,train,2e080b1b4290ae49a15aec1b177933979625889dd955a789088669f6bedafbcf,778723c6d819495b5708c74b14759b8d1827a01e567e23eea067faabdd082405,b95a6a38a4a5e3e57a2d4c2ea9e85ef0ba9cf3036770b1bab66e9de967e67de0
AMD Part1/AMD (34).E2E/2- 25- 2017 8- 59- 29 PM/Image 26,/kaggle/input/aether-oct5k-pilot/Images/Images_Manual/AMD Part1/AMD (34).E2E/2- 25- 2017 8- 59- 29 PM/Image 26.png,/kaggle/input/aether-oct5k-pilot/Masks/Masks_Manual/Grading_1/AMD Part1/AMD (34).E2E/2- 25- 2017 8- 59- 29 PM/Image 26.png,AMD Part1,train,f6aff45e6c3d16b84a06913e0e2dff17f8279048d03a061e6f525454eec01bcf,65e76f9cd3eba83424b0bf62679ff4d5fb6b8327de6d95efda0309ce67390776,99bb87238a8364cc9252230e49a4eda0b57e57022945fc8bf1e02d1113cf40bb
Normal Part2/Normal (39).E2E/2- 26- 2017 10- 08- 18 AM/Image 6,/kaggle/input/aether-oct5k-pilot/Images/Images_Manual/Normal Part2/Normal (39).E2E/2- 26- 2017 10- 08- 18 AM/Image 6.png,/kaggle/input/aether-oct5k-pilot/Masks/Masks_Manual/Grading_1/Normal Part2/Normal (39).E2E/2- 26- 2017 10- 08- 18 AM/Image 6.png,Normal Part2,train,40b46da220067df06f57225a8aaf83d720f8305a7eafb42e1376d6882bf3deae,6ed9e920d7bd28775bf20b7e0cf657f11b0eeca23ece574e180f7d3c01d221dd,23d1096ae60fa5c3ec886c463272ed3f0468c1b53b2ef7feb1e28ba4b3e34491
Normal Part1/Normal (12).E2E/2- 26- 2017 9- 23- 28 AM/Image 28,/kaggle/input/aether-oct5k-pilot/Images/Images_Manual/Normal Part1/Normal (12).E2E/2- 26- 2017 9- 23- 28 AM/Image 28.png,/kaggle/input/aether-oct5k-pilot/Masks/Masks_Manual/Grading_1/Normal Part1/Normal (12).E2E/2- 26- 2017 9- 23- 28 AM/Image 28.png,Normal Part1,train,9a50fa16f4758c6b6797e6dc2db677fb85dd94b4537bb67a7e97b574642f2d47,c609610e4076e38c823a7852bb8bc06327a453553828c115e5cba91187cc53f8,753627288132f86ea0bf7d93c2f227b1313b5bfd1f6691cb376bccd64e5be6b8
DME/DME (28).E2E/2- 25- 2017 10- 12- 57 PM/Image 11,/kaggle/input/aether-oct5k-pilot/Images/Images_Manual/DME/DME (28).E2E/2- 25- 2017 10- 12- 57 PM/Image 11.png,/kaggle/input/aether-oct5k-pilot/Masks/Masks_Manual/Grading_1/DME/DME (28).E2E/2- 25- 2017 10- 12- 57 PM/Image 11.png,DME,train,d7067dfeb036b467fc923cccf880e7adbc44bd416d3b38aee607dc5b3ff6b29c,0100ea819a0ca919fdc16639d3345d4139e1730d3d3b75dfbbf3f4ec75ff95bb,c8a3773c0844a9030cc21116348425195b1192b61cec8f9766bf30465cf7af1a
DME/DME (19).E2E/2- 25- 2017 9- 58- 33 PM/Image 2,/kaggle/input/aether-oct5k-pilot/Images/Images_Manual/DME/DME (19).E2E/2- 25- 2017 9- 58- 33 PM/Image 2.png,/kaggle/input/aether-oct5k-pilot/Masks/Masks_Manual/Grading_1/DME/DME (19).E2E/2- 25- 2017 9- 58- 33 PM/Image 2.png,DME,train,e81d7325fb066e5678ed6149a835b458b0e266fb78578a14d0750e099819b8b5,fcde586241c7b311bcc60b43146ad47dc1b61bbfc11ccba9e38ec2b9d9aaac79,e186ddd8b3f6a9817965ea7e7ef4cb988ccf7e6fcd2b71ed448cbea1e801145b
DME/DME (9).E2E/2- 25- 2017 9- 45- 28 PM/Image 40,/kaggle/input/aether-oct5k-pilot/Images/Images_Manual/DME/DME (9).E2E/2- 25- 2017 9- 45- 28 PM/Image 40.png,/kaggle/input/aether-oct5k-pilot/Masks/Masks_Manual/Grading_1/DME/DME (9).E2E/2- 25- 2017 9- 45- 28 PM/Image 40.png,DME,train,fa28cb4f956c7e1ddc0fcbbea3bd8f001a8ac3bca21170d0d1bed2df56a1489a,2a30635f330b0526523d5dd062a6b5c338ab315f94ef888adfb1302c7ecf3150,aadf8418bee08847eb8c3e9bd0ffcca942b6b3d5f86c0dbdef41f442cfa0767c
AMD Part1/AMD (23).E2E/2- 25- 2017 5- 14- 57 PM/Image 55,/kaggle/input/aether-oct5k-pilot/Images/Images_Manual/AMD Part1/AMD (23).E2E/2- 25- 2017 5- 14- 57 PM/Image 55.png,/kaggle/input/aether-oct5k-pilot/Masks/Masks_Manual/Grading_1/AMD Part1/AMD (23).E2E/2- 25- 2017 5- 14- 57 PM/Image 55.png,AMD Part1,train,8df143af4fcb837673557abbe4d95ef17978443a5501fe717a537f705f62db11,f337601e9917b00fd1a8dfacc13b0b1f14b003643745bff5a2dd5488023467ad,251710019a152bf1df9062b77e1aef356728ec82bd4c85bb07c8320252d8da8e
Normal Part2/Normal (40).E2E/2- 26- 2017 10- 10- 37 AM/Image 16,/kaggle/input/aether-oct5k-pilot/Images/Images_Manual/Normal Part2/Normal (40).E2E/2- 26- 2017 10- 10- 37 AM/Image 16.png,/kaggle/input/aether-oct5k-pilot/Masks/Masks_Manual/Grading_1/Normal Part2/Normal (40).E2E/2- 26- 2017 10- 10- 37 AM/Image 16.png,Normal Part2,train,4a606c45806e2b4ca70556f70fc5fa994682b4227bd052976778a586ca2ab5e2,68e5e27092b6026e7a4d9dc44b29d25c86d80cee40d1b225fc10e77680e03e99,ba7cb0e2d467b07863e06d93095d67f67be69e70a28518eb51555dc54e1c67eb
DME/DME (11).E2E/2- 25- 2017 9- 47- 31 PM/Image 4,/kaggle/input/aether-oct5k-pilot/Images/Images_Manual/DME/DME (11).E2E/2- 25- 2017 9- 47- 31 PM/Image 4.png,/kaggle/input/aether-oct5k-pilot/Masks/Masks_Manual/Grading_1/DME/DME (11).E2E/2- 25- 2017 9- 47- 31 PM/Image 4.png,DME,train,2d9bc9e60fed6af3517b4aac9b985c0c688b676e04675aaba809b4207349fc15,c09074489fb52c1ad5a5459cec282387f690adb4c9b979566f31a749bb785bd9,a33adb0d108f516c9549cdbcbc0980369ac9eb43c633d17d6672f5fb36ccb8c3
Normal Part1/Normal (26).E2E/2- 26- 2017 9- 44- 13 AM/Image 31,/kaggle/input/aether-oct5k-pilot/Images/Images_Manual/Normal Part1/Normal (26).E2E/2- 26- 2017 9- 44- 13 AM/Image 31.png,/kaggle/input/aether-oct5k-pilot/Masks/Masks_Manual/Grading_1/Normal Part1/Normal (26).E2E/2- 26- 2017 9- 44- 13 AM/Image 31.png,Normal Part1,train,5900abe2c57f7bdd93a88cae55b35cd19518866bacdfce50b49804f563835c08,02c67098500c243d4bbb7bf1c02dc13c1b4aba0786970925e7504292850a37d2,c7009b755233e2dabb0906fba328641b7943842106856132f054bc0cb5c24809
Normal Part1/Normal (25).E2E/2- 26- 2017 9- 42- 47 AM/Image 46,/kaggle/input/aether-oct5k-pilot/Images/Images_Manual/Normal Part1/Normal (25).E2E/2- 26- 2017 9- 42- 47 AM/Image 46.png,/kaggle/input/aether-oct5k-pilot/Masks/Masks_Manual/Grading_1/Normal Part1/Normal (25).E2E/2- 26- 2017 9- 42- 47 AM/Image 46.png,Normal Part1,train,2d8ba541445138efc683d97f7c76d72e43fcd6511f063fd7f58898bdfbd4706b,843e5d1d9089212e5015e9db19375cb9730d73b9582b562a773e523005f9c269,cf3aa62321390f2c9cceb8ad63c62700a3d56d28cab1cff02a26d39e27ffc97b
AMD Part1/AMD (1).E2E/2- 25- 2017 9- 10- 42 PM/Image 19,/kaggle/input/aether-oct5k-pilot/Images/Images_Manual/AMD Part1/AMD (1).E2E/2- 25- 2017 9- 10- 42 PM/Image 19.png,/kaggle/input/aether-oct5k-pilot/Masks/Masks_Manual/Grading_1/AMD Part1/AMD (1).E2E/2- 25- 2017 9- 10- 42 PM/Image 19.png,AMD Part1,train,8f362a3fdbf7a6cec4c40e52e52271a4dd42f3df89dd20f2cc8db2f704a76a50,ad485a6818c7a66d3c92324fdf1d0ce58de30d7f1aec14a3a23873546b26970f,ed7ee23681426941df0d7873dee35e21897324aca6dca20932a3ea4a39e858ac
DME/DME (37).E2E/2- 25- 2017 10- 26- 30 PM/Image 14,/kaggle/input/aether-oct5k-pilot/Images/Images_Manual/DME/DME (37).E2E/2- 25- 2017 10- 26- 30 PM/Image 14.png,/kaggle/input/aether-oct5k-pilot/Masks/Masks_Manual/Grading_1/DME/DME (37).E2E/2- 25- 2017 10- 26- 30 PM/Image 14.png,DME,train,4fa7f99f0cf6dc79fe0bf0f9e7807fac5b7413eb28099401ed65d38a8683af60,9f0d377a6e66615a769b0cde96f6851b8a82308a12967653a7372edebf07ca3f,af60339ff155f8b9118a6592630c0a033b295936f577fdebe163e68c8189b976
Normal Part2/Normal (39).E2E/2- 26- 2017 10- 08- 18 AM/Image 13,/kaggle/input/aether-oct5k-pilot/Images/Images_Manual/Normal Part2/Normal (39).E2E/2- 26- 2017 10- 08- 18 AM/Image 13.png,/kaggle/input/aether-oct5k-pilot/Masks/Masks_Manual/Grading_1/Normal Part2/Normal (39).E2E/2- 26- 2017 10- 08- 18 AM/Image 13.png,Normal Part2,train,c99eaf42f24bb3bf17fbf31a8c77647fbaa5e26e82eaae12ff384d11e9b0e071,621da7288a8c389f2f3a9b4d437e0fde2a3cc089b79c399c3e9eadda8471d0c2,65e4fa1d8941504af3b4bf6b801bc54d7ab2b2561037ef4da5c5dbb42935c2ae
AMD Part1/AMD (1).E2E/2- 25- 2017 9- 10- 42 PM/Image 6,/kaggle/input/aether-oct5k-pilot/Images/Images_Manual/AMD Part1/AMD (1).E2E/2- 25- 2017 9- 10- 42 PM/Image 6.png,/kaggle/input/aether-oct5k-pilot/Masks/Masks_Manual/Grading_1/AMD Part1/AMD (1).E2E/2- 25- 2017 9- 10- 42 PM/Image 6.png,AMD Part1,train,e8b536a4480060165732b0889094acea4752af32325f30a47ebfd63bc9e37644,8560b85bcaa1b70b1b021e959f326cca10047449b21368d64f6ad67f04a378a7,aeab1a66bcb07a76817ddefb6e05550880144fecc7564c696ad8eb08a71200b7
DME/DME (35).E2E/2- 25- 2017 10- 23- 21 PM/Image 12,/kaggle/input/aether-oct5k-pilot/Images/Images_Manual/DME/DME (35).E2E/2- 25- 2017 10- 23- 21 PM/Image 12.png,/kaggle/input/aether-oct5k-pilot/Masks/Masks_Manual/Grading_1/DME/DME (35).E2E/2- 25- 2017 10- 23- 21 PM/Image 12.png,DME,train,0d2fafff3c7cba3c1b413b8dedf523ececb834ea8fa8512db2951d2b9ef5cf4e,61f8c437761e1db7d58b4d821be1e8fc87eeba488d5dd04b180ff007baa8bef5,7262c1cee082abd3b9226063010f99b0f3ff4d250611185c7ca12d0672a70279
AMD Part1/AMD (35).E2E/2- 25- 2017 9- 00- 52 PM/Image 17,/kaggle/input/aether-oct5k-pilot/Images/Images_Manual/AMD Part1/AMD (35).E2E/2- 25- 2017 9- 00- 52 PM/Image 17.png,/kaggle/input/aether-oct5k-pilot/Masks/Masks_Manual/Grading_1/AMD Part1/AMD (35).E2E/2- 25- 2017 9- 00- 52 PM/Image 17.png,AMD Part1,train,baaff4227f2ea9c87bc6dff59e6d98cb897bcff2363567b52378d9804da58342,2fa45d4d2e30f149fe1af6091d9857933495a6ab4a8ba98e510e00d741be6947,2e566f58752111c6f3231a33eb1d26fa55edec8b4ed6639ecf3a0f4ef97bdb94
Normal Part1/Normal (26).E2E/2- 26- 2017 9- 44- 13 AM/Image 10,/kaggle/input/aether-oct5k-pilot/Images/Images_Manual/Normal Part1/Normal (26).E2E/2- 26- 2017 9- 44- 13 AM/Image 10.png,/kaggle/input/aether-oct5k-pilot/Masks/Masks_Manual/Grading_1/Normal Part1/Normal (26).E2E/2- 26- 2017 9- 44- 13 AM/Image 10.png,Normal Part1,train,abfc80304fd355cd7ed372171136de7ea6100636410ba8d9bd0e24ce41bc8a71,09eaf84894e4e771cb8a4fb59673e6d1293a1a5cf01547c66fc2e75c4e06c0dd,9fa34d96a5b82348b7e510b8cb00a2b867ce33909e69a7dc6e8e23cc0db0ba7a
AMD Part1/AMD (1).E2E/2- 25- 2017 9- 10- 42 PM/Image 25,/kaggle/input/aether-oct5k-pilot/Images/Images_Manual/AMD Part1/AMD (1).E2E/2- 25- 2017 9- 10- 42 PM/Image 25.png,/kaggle/input/aether-oct5k-pilot/Masks/Masks_Manual/Grading_1/AMD Part1/AMD (1).E2E/2- 25- 2017 9- 10- 42 PM/Image 25.png,AMD Part1,train,c144c074c76ebfcf0034620f497560b40b0811ea252f8f1a58a2f1b9ca475b51,790933998b013b185667c6898574908503734569f62ed75795f9b355be39ee86,0e1b4de408ad491717e2be96dd82c4fdfab3816e4d83f4b9f96f8fefcd425ae6
Normal Part1/Normal (10).E2E/2- 26- 2017 9- 18- 14 AM/Image 5,/kaggle/input/aether-oct5k-pilot/Images/Images_Manual/Normal Part1/Normal (10).E2E/2- 26- 2017 9- 18- 14 AM/Image 5.png,/kaggle/input/aether-oct5k-pilot/Masks/Masks_Manual/Grading_1/Normal Part1/Normal (10).E2E/2- 26- 2017 9- 18- 14 AM/Image 5.png,Normal Part1,train,8af3a431c9a45f231040b0072c39273aa2568a360968d59e8ec18e174caa3f09,6c76ed844ed76c2bb72ceb7e0f24e28f32d201158f2c8c8774f9173b12310efd,35a5a7500517f9253c315e205e8e0b91fb9012d043efcf911ab661a6a334d944
AMD Part1/AMD (21).E2E/2- 25- 2017 5- 10- 29 PM/Image 54,/kaggle/input/aether-oct5k-pilot/Images/Images_Manual/AMD Part1/AMD (21).E2E/2- 25- 2017 5- 10- 29 PM/Image 54.png,/kaggle/input/aether-oct5k-pilot/Masks/Masks_Manual/Grading_1/AMD Part1/AMD (21).E2E/2- 25- 2017 5- 10- 29 PM/Image 54.png,AMD Part1,train,7d08d4e5249f5897546cde1374aa0438700701f94e14423e5094b95b1d5d79db,bc2b1db8a83aefa64a77f6ceaacfb98755404266da5a2a1300401003607408a0,73b487b9716cb6f48d4beffde652bd0e5259dc31b27eb2ec0f5e3fc1280e00c2
Normal Part1/Normal (14).E2E/2- 26- 2017 9- 26- 02 AM/Image 12,/kaggle/input/aether-oct5k-pilot/Images/Images_Manual/Normal Part1/Normal (14).E2E/2- 26- 2017 9- 26- 02 AM/Image 12.png,/kaggle/input/aether-oct5k-pilot/Masks/Masks_Manual/Grading_1/Normal Part1/Normal (14).E2E/2- 26- 2017 9- 26- 02 AM/Image 12.png,Normal Part1,train,0f52b2b76b3e655f87d1d0f0907ddd8be1c9b84746bab7d381cf5d9dff9af213,d88c26f084a51459552aed1cd06882341fddda4958d520724f51d429dec4097b,f98f5db75f1b3925f0fb2ec55df05416d640870ec171168f5a75173be1e3d53e
AMD Part1/AMD (27).E2E/2- 25- 2017 8- 35- 28 PM/Image 14,/kaggle/input/aether-oct5k-pilot/Images/Images_Manual/AMD Part1/AMD (27).E2E/2- 25- 2017 8- 35- 28 PM/Image 14.png,/kaggle/input/aether-oct5k-pilot/Masks/Masks_Manual/Grading_1/AMD Part1/AMD (27).E2E/2- 25- 2017 8- 35- 28 PM/Image 14.png,AMD Part1,train,6c89189f98e4af373e7a822d84172f416f05ee3a8e193fe85524ea6dcfe03591,476984345eb5e789f1d14a64117c245367f16e3ae336ff6d1b72cd4a9068c203,203cbc95061f0334895e0121ccc0ad76c39a9b078d43975d665407dd191825dd
DME/DME (11).E2E/2- 25- 2017 9- 47- 31 PM/Image 19,/kaggle/input/aether-oct5k-pilot/Images/Images_Manual/DME/DME (11).E2E/2- 25- 2017 9- 47- 31 PM/Image 19.png,/kaggle/input/aether-oct5k-pilot/Masks/Masks_Manual/Grading_1/DME/DME (11).E2E/2- 25- 2017 9- 47- 31 PM/Image 19.png,DME,train,656b36fa23cb550d2b26b8a52a565df03c65318e36e8da121859557b507c5292,81e0480539fc93afaeb9790a853f2b66a1a05aef8b6a6658de0ad7c61e3160ac,f10563ba556fc7bf086625225f2cbe9cd66d3d691289f50403ced9b0dc5801fc
Normal Part2/Normal (35).E2E/2- 26- 2017 10- 03- 02 AM/Image 2,/kaggle/input/aether-oct5k-pilot/Images/Images_Manual/Normal Part2/Normal (35).E2E/2- 26- 2017 10- 03- 02 AM/Image 2.png,/kaggle/input/aether-oct5k-pilot/Masks/Masks_Manual/Grading_1/Normal Part2/Normal (35).E2E/2- 26- 2017 10- 03- 02 AM/Image 2.png,Normal Part2,train,9dcb0a56ebd039863a08a3a332236d18a5d7d13323d44ca57dae11230f621cd6,596edb577d06ee7aef11b37827efc6436a2a5c26be5731c311ba89cf171d19f7,75cffa0640c767e740a7e7082511f4738e4401523ed81f491d1392f95065c634
Normal Part1/Normal (13).E2E/2- 26- 2017 9- 25- 04 AM/Image 12,/kaggle/input/aether-oct5k-pilot/Images/Images_Manual/Normal Part1/Normal (13).E2E/2- 26- 2017 9- 25- 04 AM/Image 12.png,/kaggle/input/aether-oct5k-pilot/Masks/Masks_Manual/Grading_1/Normal Part1/Normal (13).E2E/2- 26- 2017 9- 25- 04 AM/Image 12.png,Normal Part1,train,a95c74ecc7311ccaa9b1982f38b87ce16bf54ddb4195a64ae52c9580d463b4bd,92b6063798d32ee0201cc24a5277c62b509991c6c292176f5e4e36c9269b065b,893b130bdc552818b93ebd805200ea2ad421c76233302d28d649b2d56dacb6ef
Normal Part1/Normal (13).E2E/2- 26- 2017 9- 25- 04 AM/Image 14,/kaggle/input/aether-oct5k-pilot/Images/Images_Manual/Normal Part1/Normal (13).E2E/2- 26- 2017 9- 25- 04 AM/Image 14.png,/kaggle/input/aether-oct5k-pilot/Masks/Masks_Manual/Grading_1/Normal Part1/Normal (13).E2E/2- 26- 2017 9- 25- 04 AM/Image 14.png,Normal Part1,train,e622e764d321b2cb60015a67e535786778019461aa8132b55d003991d9e255b4,649c2630e5cd3a6922ebe08b036474547fee6e3b4c643d8f41a80470ac2e8bb8,df212d7dae7f6bc6fc040da4c741bfeb4b251e4c37a30e8f0e71019c6b95b728
DME/DME (14).E2E/2- 25- 2017 9- 51- 49 PM/Image 12,/kaggle/input/aether-oct5k-pilot/Images/Images_Manual/DME/DME (14).E2E/2- 25- 2017 9- 51- 49 PM/Image 12.png,/kaggle/input/aether-oct5k-pilot/Masks/Masks_Manual/Grading_1/DME/DME (14).E2E/2- 25- 2017 9- 51- 49 PM/Image 12.png,DME,train,5daaa14eec3741fabdf36302f34bdb2d7ecd24cfc07f2bd79c066b3f89014313,bc7656003c8bbb90ca6766f34d14fbceb801f6ca93f4addbb9aa7ee4e7a80749,400b7e4cb6572ef10cda5ad7912a411e300f08c5fd1c23712208dff65d8b4297
DME/DME (37).E2E/2- 25- 2017 10- 26- 30 PM/Image 11,/kaggle/input/aether-oct5k-pilot/Images/Images_Manual/DME/DME (37).E2E/2- 25- 2017 10- 26- 30 PM/Image 11.png,/kaggle/input/aether-oct5k-pilot/Masks/Masks_Manual/Grading_1/DME/DME (37).E2E/2- 25- 2017 10- 26- 30 PM/Image 11.png,DME,train,deab78b1d285394bf8cf4e777089e112c731627bb0e9046a555228765dbf5bc3,16720fe746e5c18b700e01d0e6856106231281bbf46d3f58168449c13395c2b1,52650ab5fef4273b4035f29592d4b8416dec9b188bc09eb998769dedb65b861b
AMD Part1/AMD (3).E2E/2- 25- 2017 9- 13- 55 PM/Image 46,/kaggle/input/aether-oct5k-pilot/Images/Images_Manual/AMD Part1/AMD (3).E2E/2- 25- 2017 9- 13- 55 PM/Image 46.png,/kaggle/input/aether-oct5k-pilot/Masks/Masks_Manual/Grading_1/AMD Part1/AMD (3).E2E/2- 25- 2017 9- 13- 55 PM/Image 46.png,AMD Part1,train,25c661b03df253e017dd71d9b7980d84883bb44a9ca8fbc806b02c988fddfb8d,c125215717cd6addaef974283a5d9a0e038afebfec920dc8d1bf06ce7230d6f6,7246d24de1f562340222e6e64e59acaeb6b7d0e61ea5d71cbfc65cef5e4d5e8b
AMD Part1/AMD (11).E2E/2- 25- 2017 4- 44- 26 PM/Image 15,/kaggle/input/aether-oct5k-pilot/Images/Images_Manual/AMD Part1/AMD (11).E2E/2- 25- 2017 4- 44- 26 PM/Image 15.png,/kaggle/input/aether-oct5k-pilot/Masks/Masks_Manual/Grading_1/AMD Part1/AMD (11).E2E/2- 25- 2017 4- 44- 26 PM/Image 15.png,AMD Part1,train,ef1ae67b5d2c6b8e0a300719a2df65182e823b961884fb36804aefc0bee9dad9,bdcd37b01491ed9be3cd2f049d5214ab113d35b8a3a37d88f20b35996794bdf3,5cac91a1b91a08436d1d7122a95cf9c7e4e2b33ea31c1d6f60e5ead7e2a5bfb4
DME/DME (9).E2E/2- 25- 2017 9- 45- 28 PM/Image 12,/kaggle/input/aether-oct5k-pilot/Images/Images_Manual/DME/DME (9).E2E/2- 25- 2017 9- 45- 28 PM/Image 12.png,/kaggle/input/aether-oct5k-pilot/Masks/Masks_Manual/Grading_1/DME/DME (9).E2E/2- 25- 2017 9- 45- 28 PM/Image 12.png,DME,train,975814465d7a9a3190503e5bbedaa6233db651ff7289d44dda772b90bc5ca022,a78695886125be4efbfdd7864b1b21aa0c5bf691f99049ead6cc7f30ef1dfa96,d960882d6e5df3a1e7d9282395a27c05a44a6bbb5d84128dba32bf658a3f5974
AMD Part1/AMD (22).E2E/2- 25- 2017 5- 11- 45 PM/Image 42,/kaggle/input/aether-oct5k-pilot/Images/Images_Manual/AMD Part1/AMD (22).E2E/2- 25- 2017 5- 11- 45 PM/Image 42.png,/kaggle/input/aether-oct5k-pilot/Masks/Masks_Manual/Grading_1/AMD Part1/AMD (22).E2E/2- 25- 2017 5- 11- 45 PM/Image 42.png,AMD Part1,train,1be257f0adeb39a7bb266c4cb5b4a8e2d39617f5f8af118e4e039eb6201390a2,35acc67e6d40cac0443072a0b0b8c65ba8d75682837f3cd3c4b56ff288a06c8e,d35c2a5cbf5ca2c01e60a3e5a0cb0e42a9757e491d2624996501908aed835b34
AMD Part1/AMD (23).E2E/2- 25- 2017 5- 14- 57 PM/Image 21,/kaggle/input/aether-oct5k-pilot/Images/Images_Manual/AMD Part1/AMD (23).E2E/2- 25- 2017 5- 14- 57 PM/Image 21.png,/kaggle/input/aether-oct5k-pilot/Masks/Masks_Manual/Grading_1/AMD Part1/AMD (23).E2E/2- 25- 2017 5- 14- 57 PM/Image 21.png,AMD Part1,train,ae5279098052633dd28a8fcd4d2c23313dcf18d936d17c1df1fbc493649af068,01a61d8d7f823b1a02b8027d2dfff9f892015f20510cdfcdfe1c7d8fa6b5951b,fcf95e71f0bf35c8ded592c9673caded73ccdca63bd719a4155f9506d2979a99
AMD Part1/AMD (21).E2E/2- 25- 2017 5- 10- 29 PM/Image 25,/kaggle/input/aether-oct5k-pilot/Images/Images_Manual/AMD Part1/AMD (21).E2E/2- 25- 2017 5- 10- 29 PM/Image 25.png,/kaggle/input/aether-oct5k-pilot/Masks/Masks_Manual/Grading_1/AMD Part1/AMD (21).E2E/2- 25- 2017 5- 10- 29 PM/Image 25.png,AMD Part1,train,9f93a70f71cbb50bc8a5910ed7202262e7cfed301dcbd987252d7194bcbe5117,ff1c1a723bac6a64f150dbd495bc0cbf60ea4a653b80ed6c1a386dae0048e8fa,ff61eb0613a8e09046be318ab749bb27b48de5b7fb0fd0bfda23b5716dd38a8a
AMD Part1/AMD (24).E2E/2- 25- 2017 5- 17- 27 PM/Image 13,/kaggle/input/aether-oct5k-pilot/Images/Images_Manual/AMD Part1/AMD (24).E2E/2- 25- 2017 5- 17- 27 PM/Image 13.png,/kaggle/input/aether-oct5k-pilot/Masks/Masks_Manual/Grading_1/AMD Part1/AMD (24).E2E/2- 25- 2017 5- 17- 27 PM/Image 13.png,AMD Part1,train,be76d565f1b58e06934deed19e2e40a66fbef96f1cc72a54ae0030abb634dae4,84e0d7b3f2a8c951cbf0f23d1b5a7cb28e0607a89d5f2fcd249059f6d08e25cb,9616047a21faa0e4e56708da6ac6f7f3d762d16d5ba32cd54c4369fe1fce7db5
AMD Part1/AMD (24).E2E/2- 25- 2017 5- 17- 27 PM/Image 59,/kaggle/input/aether-oct5k-pilot/Images/Images_Manual/AMD Part1/AMD (24).E2E/2- 25- 2017 5- 17- 27 PM/Image 59.png,/kaggle/input/aether-oct5k-pilot/Masks/Masks_Manual/Grading_1/AMD Part1/AMD (24).E2E/2- 25- 2017 5- 17- 27 PM/Image 59.png,AMD Part1,train,fae919d1cee0439b2131977007f9a5dd22f336ac157d871847cbac8b9377bbaf,790de14b3e04f3aef22763c9329ff4b8aaa8146a465db0a69e6bdfd73cdd9432,bf2b94242a3b436d6506d72f9e5d23bb39d9caa121f693c1ed0445a10360959d
AMD Part1/AMD (27).E2E/2- 25- 2017 8- 35- 28 PM/Image 10,/kaggle/input/aether-oct5k-pilot/Images/Images_Manual/AMD Part1/AMD (27).E2E/2- 25- 2017 8- 35- 28 PM/Image 10.png,/kaggle/input/aether-oct5k-pilot/Masks/Masks_Manual/Grading_1/AMD Part1/AMD (27).E2E/2- 25- 2017 8- 35- 28 PM/Image 10.png,AMD Part1,train,44285be3c59ffe74eed16c6560eddeb0ff887ed59db1779e66ec4d95e7699951,5929e8293dde2f6b52ae00f1b5f448d131656e344f898781d3599d2a19622718,085a53fdfbe470840a96f2ee496ccb28a3b78c171a6eca200b0e247bfe60e075
DME/DME (11).E2E/2- 25- 2017 9- 47- 31 PM/Image 8,/kaggle/input/aether-oct5k-pilot/Images/Images_Manual/DME/DME (11).E2E/2- 25- 2017 9- 47- 31 PM/Image 8.png,/kaggle/input/aether-oct5k-pilot/Masks/Masks_Manual/Grading_1/DME/DME (11).E2E/2- 25- 2017 9- 47- 31 PM/Image 8.png,DME,train,49d88486f7d0054ee9e073ee3340e3b7d276f55bd6a80b5709c47bd1264e5ee0,bc72be845e4527805c9db722b7731adc2f3ce589e9a55d9ca124b270e51ece48,830e8c7f766ad307de4eecc923a5a221e0997e3f7c1bd125d86a24c5e76adc05
AMD Part1/AMD (21).E2E/2- 25- 2017 5- 10- 29 PM/Image 10,/kaggle/input/aether-oct5k-pilot/Images/Images_Manual/AMD Part1/AMD (21).E2E/2- 25- 2017 5- 10- 29 PM/Image 10.png,/kaggle/input/aether-oct5k-pilot/Masks/Masks_Manual/Grading_1/AMD Part1/AMD (21).E2E/2- 25- 2017 5- 10- 29 PM/Image 10.png,AMD Part1,train,71657afcdb4ff32cf169cc38331aaabbc438180e52d85456248af9afb9a1f4b2,60592d6e60fc3df6559f1a3a40dee752d6c747232b970e4e9c52f0bedbf45be1,12a7690141aad71c140a9a976f541e380c37a83fd9fef22ac1fa1d4f38df8cd9
AMD Part1/AMD (13).E2E/2- 25- 2017 4- 48- 43 PM/Image 38,/kaggle/input/aether-oct5k-pilot/Images/Images_Manual/AMD Part1/AMD (13).E2E/2- 25- 2017 4- 48- 43 PM/Image 38.png,/kaggle/input/aether-oct5k-pilot/Masks/Masks_Manual/Grading_1/AMD Part1/AMD (13).E2E/2- 25- 2017 4- 48- 43 PM/Image 38.png,AMD Part1,train,45c5d34a544877c3d806f97e9c0a96f3b10d7aac4c8a1eab073d1f3321c405ac,e043cc181de1598e82c6574c7a6960578fa404f60418c46a814e254f46f166ce,a909875c49b3af6d6d4caa8515038162ed34e9d89f2ddd1e7b99cc3d49d84b27
AMD Part1/AMD (23).E2E/2- 25- 2017 5- 14- 57 PM/Image 1,/kaggle/input/aether-oct5k-pilot/Images/Images_Manual/AMD Part1/AMD (23).E2E/2- 25- 2017 5- 14- 57 PM/Image 1.png,/kaggle/input/aether-oct5k-pilot/Masks/Masks_Manual/Grading_1/AMD Part1/AMD (23).E2E/2- 25- 2017 5- 14- 57 PM/Image 1.png,AMD Part1,train,4ddebed60b953f88b6c22f19b5ceaeee301c46cc0d92e6cbf786e314340efc84,e5ae31252d1d45d0a474fbe1833e61e9a86507b76b4e732d483c30c034961290,93c91cd3a4aa26d47fa84c3a24ec792d38dbace3f4efebda9c108351622916f1
AMD Part1/AMD (27).E2E/2- 25- 2017 8- 35- 28 PM/Image 1,/kaggle/input/aether-oct5k-pilot/Images/Images_Manual/AMD Part1/AMD (27).E2E/2- 25- 2017 8- 35- 28 PM/Image 1.png,/kaggle/input/aether-oct5k-pilot/Masks/Masks_Manual/Grading_1/AMD Part1/AMD (27).E2E/2- 25- 2017 8- 35- 28 PM/Image 1.png,AMD Part1,train,bfcd30e9e4f00a61183a293906db42fffe81730755aef4055c671e56bb5fc32f,043747363d60e76307217eaab0be21205dec875e41fbef21c3494ac9c23ef80b,fcd2b73f344ce8844efdf1ad8483181328f21010f443f7194880b4a0e8a91c89
Normal Part1/Normal (7).E2E/2- 26- 2017 9- 14- 12 AM/Image 9,/kaggle/input/aether-oct5k-pilot/Images/Images_Manual/Normal Part1/Normal (7).E2E/2- 26- 2017 9- 14- 12 AM/Image 9.png,/kaggle/input/aether-oct5k-pilot/Masks/Masks_Manual/Grading_1/Normal Part1/Normal (7).E2E/2- 26- 2017 9- 14- 12 AM/Image 9.png,Normal Part1,train,d5746fbea9cc0a945f49b69c388c9773f20c6fa6ab623ba254910c8f34736445,67d72c725f2856aae4c876af35907ddd8a4b9f5933c594f927f93e53a78e4df4,e3da88a10117085ca774b55da8d45dd1123c5ff91772542a8587dceca4bffd88
DME/DME (4).E2E/2- 25- 2017 9- 38- 17 PM/Image 17,/kaggle/input/aether-oct5k-pilot/Images/Images_Manual/DME/DME (4).E2E/2- 25- 2017 9- 38- 17 PM/Image 17.png,/kaggle/input/aether-oct5k-pilot/Masks/Masks_Manual/Grading_1/DME/DME (4).E2E/2- 25- 2017 9- 38- 17 PM/Image 17.png,DME,train,c05e2c85d945b84afb5cb52cf6190b7b02fd8dd1b8cdfed2edc1caea08cc3f58,1a1f64db109bd47f706eb781f0d65251caed0b640c10454f163b8207d0ea9855,54a22ab35b2e43b5b9f81ad84ff0e0ee125cabb35252dbdb6fd00525bab0eb5c
Normal Part1/Normal (14).E2E/2- 26- 2017 9- 26- 02 AM/Image 13,/kaggle/input/aether-oct5k-pilot/Images/Images_Manual/Normal Part1/Normal (14).E2E/2- 26- 2017 9- 26- 02 AM/Image 13.png,/kaggle/input/aether-oct5k-pilot/Masks/Masks_Manual/Grading_1/Normal Part1/Normal (14).E2E/2- 26- 2017 9- 26- 02 AM/Image 13.png,Normal Part1,train,efaf728db1dcd06a375dba255cc41d12b5f9d036c49243921cf6fc7cf94f2fc9,277d21e42eaf40e4c579323fe080bb9086dbe053bb69aebb22933f63762e3ac5,ddb1da7bc5b2588a338a08adfa139c89fae76dc672693a4c52ea8d8908872f5d
DME/DME (17).E2E/2- 25- 2017 9- 55- 34 PM/Image 9,/kaggle/input/aether-oct5k-pilot/Images/Images_Manual/DME/DME (17).E2E/2- 25- 2017 9- 55- 34 PM/Image 9.png,/kaggle/input/aether-oct5k-pilot/Masks/Masks_Manual/Grading_1/DME/DME (17).E2E/2- 25- 2017 9- 55- 34 PM/Image 9.png,DME,train,2b13136abbd47b5610610e34bce2d97255d833e2b1ed6f68e00b2a2b51c5e8bc,68a76fc51389e101a20d866508e9658040579c691c6f8fed885d1f8704fca1b7,d505bdb7a3ce48e27230cd0716b2b36351924cb4cfae87876c97272e3fed7767
Normal Part1/Normal (27).E2E/2- 26- 2017 9- 46- 33 AM/Image 3,/kaggle/input/aether-oct5k-pilot/Images/Images_Manual/Normal Part1/Normal (27).E2E/2- 26- 2017 9- 46- 33 AM/Image 3.png,/kaggle/input/aether-oct5k-pilot/Masks/Masks_Manual/Grading_1/Normal Part1/Normal (27).E2E/2- 26- 2017 9- 46- 33 AM/Image 3.png,Normal Part1,train,bcd8fd9a0eb4f109e97dbd1e8673c0f1ecfccc38860201dbf8d71fe8b7039da1,4a518e64cc5cff7db983d06b363760bde6942c669b73f7788d72b3568b01a78f,0a1ac51b0d7f5f260e08cc5092ce53f3f30715790daa9ded66d0c6514d4e9361
AMD Part1/AMD (23).E2E/2- 25- 2017 5- 14- 57 PM/Image 3,/kaggle/input/aether-oct5k-pilot/Images/Images_Manual/AMD Part1/AMD (23).E2E/2- 25- 2017 5- 14- 57 PM/Image 3.png,/kaggle/input/aether-oct5k-pilot/Masks/Masks_Manual/Grading_1/AMD Part1/AMD (23).E2E/2- 25- 2017 5- 14- 57 PM/Image 3.png,AMD Part1,train,b02b3f4bd4fccacf2aa5ce5ecfd9ef5db59f3aa62ecc364c8adcd9556a812537,3d7c4361747cea9c3285dce597cb8b666fe4ba124caeb42f9023f4bed769063e,5c8464e5e7251966384c815d402de8fed80c2ceaacfad2446c0941e865746c9f
DME/DME (26).E2E/2- 25- 2017 10- 10- 17 PM/Image 17,/kaggle/input/aether-oct5k-pilot/Images/Images_Manual/DME/DME (26).E2E/2- 25- 2017 10- 10- 17 PM/Image 17.png,/kaggle/input/aether-oct5k-pilot/Masks/Masks_Manual/Grading_1/DME/DME (26).E2E/2- 25- 2017 10- 10- 17 PM/Image 17.png,DME,train,1b733e42fb36bb9228dbd3336f7b5f4930b166dd05cdfdfd291371aa6d07094c,baee23a5093557ea05e3d4fcba2cb8b8068a005273d69644a1f38ae59e8e1561,c093eaa61954d4a0973f78829959a217ad7b57f9a366f311b2ef774c6e979469
DME/DME (37).E2E/2- 25- 2017 10- 26- 30 PM/Image 8,/kaggle/input/aether-oct5k-pilot/Images/Images_Manual/DME/DME (37).E2E/2- 25- 2017 10- 26- 30 PM/Image 8.png,/kaggle/input/aether-oct5k-pilot/Masks/Masks_Manual/Grading_1/DME/DME (37).E2E/2- 25- 2017 10- 26- 30 PM/Image 8.png,DME,train,be1b7d58be6c9628ef0b8650c9fcd0f6d10e658743cc5409abb178918ee1b0ab,d34455099d964219f122495c99c87a7d103807f2ab3c69235da3a56d04df8625,0bca7c5258b73443134715dd4977e6d980d27cae780604e6858687fdfd21b090
Normal Part1/Normal (25).E2E/2- 26- 2017 9- 42- 47 AM/Image 15,/kaggle/input/aether-oct5k-pilot/Images/Images_Manual/Normal Part1/Normal (25).E2E/2- 26- 2017 9- 42- 47 AM/Image 15.png,/kaggle/input/aether-oct5k-pilot/Masks/Masks_Manual/Grading_1/Normal Part1/Normal (25).E2E/2- 26- 2017 9- 42- 47 AM/Image 15.png,Normal Part1,train,e2a4fe9ab9cbcb4423160c420f5386e02e383509770a4be11bcf441d5b021104,a6e2a1f9650532555d40c128885d75c6d912707ed262dae5d0d1b7036f54fc3d,3edd80ce8795ad03dc96de660546a1608adfefc31702c7f252363c5d85bc1def
DME/DME (9).E2E/2- 25- 2017 9- 45- 28 PM/Image 24,/kaggle/input/aether-oct5k-pilot/Images/Images_Manual/DME/DME (9).E2E/2- 25- 2017 9- 45- 28 PM/Image 24.png,/kaggle/input/aether-oct5k-pilot/Masks/Masks_Manual/Grading_1/DME/DME (9).E2E/2- 25- 2017 9- 45- 28 PM/Image 24.png,DME,train,1f574d6a405cd7b3dbdac83e32867a1b4a2dd55272d19d8ac5315563b85ee8a7,c453681e67f26aa43143fb5747d09e46f68882c24aa9f57d00ee6e9b7e267425,fb3e5d8f4c4a185593049c5ec4957a9ec7c501a195efcfebe703d6b81bae57d7
DME/DME (28).E2E/2- 25- 2017 10- 12- 57 PM/Image 13,/kaggle/input/aether-oct5k-pilot/Images/Images_Manual/DME/DME (28).E2E/2- 25- 2017 10- 12- 57 PM/Image 13.png,/kaggle/input/aether-oct5k-pilot/Masks/Masks_Manual/Grading_1/DME/DME (28).E2E/2- 25- 2017 10- 12- 57 PM/Image 13.png,DME,train,12b6b612aea380af351e4bbf8233a01c7b849a73ced1258d44a27997fd993ff3,3ffd8702d002deb68ed69567cace5dbd762244e99611750b9491977318bd3f9b,b3f8cb13325e5de90dd1d41c57045f5f356362c9f26b5ae2dcea39b1e84fbed7
DME/DME (30).E2E/2- 25- 2017 10- 16- 46 PM/Image 7,/kaggle/input/aether-oct5k-pilot/Images/Images_Manual/DME/DME (30).E2E/2- 25- 2017 10- 16- 46 PM/Image 7.png,/kaggle/input/aether-oct5k-pilot/Masks/Masks_Manual/Grading_1/DME/DME (30).E2E/2- 25- 2017 10- 16- 46 PM/Image 7.png,DME,train,333ce790203af13bc3f90a01418ff2a9d12457e0d1d895035ccdb010d34f66f0,28149b2e6b6d801677a5deb45d74a7da3cbf70c8b6f556283d6b323ad1fce94c,a6a1c119d52b1ff009ee34c7ea149fda0ac26b9c50b31eb2720dfafab0fa7b37
DME/DME (7).E2E/2- 25- 2017 9- 42- 34 PM/Image 13,/kaggle/input/aether-oct5k-pilot/Images/Images_Manual/DME/DME (7).E2E/2- 25- 2017 9- 42- 34 PM/Image 13.png,/kaggle/input/aether-oct5k-pilot/Masks/Masks_Manual/Grading_1/DME/DME (7).E2E/2- 25- 2017 9- 42- 34 PM/Image 13.png,DME,train,d4ffd0a4720a6a0a08dd3aa37a88e71077d7fd72d1c2d1ce5ead473341feb6da,4a4c6130418a2a49875b6dd3ec4c78957a4a5858784762f53d5d4662359f0ec4,af6deaed0c1a4dfb72519fd34e482e12c8a8c61e19ae25a780471df864cf8d11
AMD Part1/AMD (27).E2E/2- 25- 2017 8- 35- 28 PM/Image 16,/kaggle/input/aether-oct5k-pilot/Images/Images_Manual/AMD Part1/AMD (27).E2E/2- 25- 2017 8- 35- 28 PM/Image 16.png,/kaggle/input/aether-oct5k-pilot/Masks/Masks_Manual/Grading_1/AMD Part1/AMD (27).E2E/2- 25- 2017 8- 35- 28 PM/Image 16.png,AMD Part1,train,51564404407c7493363dd7f5b132c56965c7bfceae07a1299c40cf9b731dbe4b,7fde57c2c2102611d7e5d050f85e719ee3ba3370cffc6d44f00457790122594c,a198c2e22e1b39f69380b412c764870ff358cffcefb9b7bb6f37b732af9cffaa
AMD Part1/AMD (13).E2E/2- 25- 2017 4- 48- 43 PM/Image 14,/kaggle/input/aether-oct5k-pilot/Images/Images_Manual/AMD Part1/AMD (13).E2E/2- 25- 2017 4- 48- 43 PM/Image 14.png,/kaggle/input/aether-oct5k-pilot/Masks/Masks_Manual/Grading_1/AMD Part1/AMD (13).E2E/2- 25- 2017 4- 48- 43 PM/Image 14.png,AMD Part1,train,4a9a4967c4a8278016e2b3d66d70a428b44fa886ce487e448c5164791c9e2192,9d71b3cb9b88964fbf9ef4944277ca027a23e94a95818d7d0de3c024618ee681,6c5cc21b80e2281b2b9205d50465e02d76413975822eeb586f555178af43a6fc
DME/DME (9).E2E/2- 25- 2017 9- 45- 28 PM/Image 1,/kaggle/input/aether-oct5k-pilot/Images/Images_Manual/DME/DME (9).E2E/2- 25- 2017 9- 45- 28 PM/Image 1.png,/kaggle/input/aether-oct5k-pilot/Masks/Masks_Manual/Grading_1/DME/DME (9).E2E/2- 25- 2017 9- 45- 28 PM/Image 1.png,DME,train,d145b50d7f2f87b373bb3b6509dd546b3396b3f2ea60eb259ab7fee23904f315,50cf917b5f9f157d4aee330dc856dea70833876c94a7e843f4bd2e7694829f21,b2f913d9d27cc1597541ab1174346a3cb90334588217d21530bbde26eec595b6
Normal Part2/Normal (47).E2E/2- 26- 2017 10- 21- 43 AM/Image 15,/kaggle/input/aether-oct5k-pilot/Images/Images_Manual/Normal Part2/Normal (47).E2E/2- 26- 2017 10- 21- 43 AM/Image 15.png,/kaggle/input/aether-oct5k-pilot/Masks/Masks_Manual/Grading_1/Normal Part2/Normal (47).E2E/2- 26- 2017 10- 21- 43 AM/Image 15.png,Normal Part2,train,6db63f123f50b3285fe99fdb718a2862acbc53bfda62500aeed76686f979abff,2026258d2dbbd7fa6276e27b846a5df9363847badb2410564f94bfaa354267d5,40efbb2066028af8d425a4803b974bb91b4b9bf9455e4345fd62faf5c5e0b924
AMD Part1/AMD (13).E2E/2- 25- 2017 4- 48- 43 PM/Image 44,/kaggle/input/aether-oct5k-pilot/Images/Images_Manual/AMD Part1/AMD (13).E2E/2- 25- 2017 4- 48- 43 PM/Image 44.png,/kaggle/input/aether-oct5k-pilot/Masks/Masks_Manual/Grading_1/AMD Part1/AMD (13).E2E/2- 25- 2017 4- 48- 43 PM/Image 44.png,AMD Part1,train,3a960f099ba41a94be41ea1509cb0fe65411c6311662b3b9f586c4e043c0587c,0277caae538de6ced6897675dc87b7ca0e3e76fc047f9a6f51b35e3abf45a1f7,7235055f00213e3bda798e1ab91bfa43b29f6947ab3fee928d5397c0dc50f381
DME/DME (33).E2E/2- 25- 2017 10- 21- 00 PM/Image 15,/kaggle/input/aether-oct5k-pilot/Images/Images_Manual/DME/DME (33).E2E/2- 25- 2017 10- 21- 00 PM/Image 15.png,/kaggle/input/aether-oct5k-pilot/Masks/Masks_Manual/Grading_1/DME/DME (33).E2E/2- 25- 2017 10- 21- 00 PM/Image 15.png,DME,train,d7c1ccde993c0a2dd99da702b35f54ffc887149876cb85160cbb4c258d3b3d27,47066efee0afc19516b248ef3f72dec7913cfe05cb2b98d876ff803ceab3ee6e,6554a08ac53da1ed391a0dcd7b1178d2baec92a7b9c5a412eb4ad710a5e3bf3e
AMD Part1/AMD (11).E2E/2- 25- 2017 4- 44- 26 PM/Image 7,/kaggle/input/aether-oct5k-pilot/Images/Images_Manual/AMD Part1/AMD (11).E2E/2- 25- 2017 4- 44- 26 PM/Image 7.png,/kaggle/input/aether-oct5k-pilot/Masks/Masks_Manual/Grading_1/AMD Part1/AMD (11).E2E/2- 25- 2017 4- 44- 26 PM/Image 7.png,AMD Part1,train,532f5c97163ca8e1e8f6d371a6e09b87583a181fc16e7dbb971ef5281ac253dd,d7fca0c1b2988a10d4f0d77ec1043263f15f6bd868bc813c0a3b8b0e62a4a031,2901135f19aabf78e75c28e2b5ce46bb209b253de01f9a02c76d5de7497ad054
Normal Part2/Normal (47).E2E/2- 26- 2017 10- 21- 43 AM/Image 26,/kaggle/input/aether-oct5k-pilot/Images/Images_Manual/Normal Part2/Normal (47).E2E/2- 26- 2017 10- 21- 43 AM/Image 26.png,/kaggle/input/aether-oct5k-pilot/Masks/Masks_Manual/Grading_1/Normal Part2/Normal (47).E2E/2- 26- 2017 10- 21- 43 AM/Image 26.png,Normal Part2,train,1f69bb322aca54847e72ec86773a48114e7c4bd5124426b449bc1c51802c7521,a6daa70444515e06a592e2350a8874129a0534abde14b93480a57cc555ff01a1,d847274175751cb1b8f2e6b142b78742a2d0a74d5f675029d143d68979dac5ca
DME/DME (33).E2E/2- 25- 2017 10- 21- 00 PM/Image 16,/kaggle/input/aether-oct5k-pilot/Images/Images_Manual/DME/DME (33).E2E/2- 25- 2017 10- 21- 00 PM/Image 16.png,/kaggle/input/aether-oct5k-pilot/Masks/Masks_Manual/Grading_1/DME/DME (33).E2E/2- 25- 2017 10- 21- 00 PM/Image 16.png,DME,train,dbcd9c34fa99765e8977fa01a104feec319ee49d7586398f3c4fd5ac2645b214,4f2c1d4762c5eb8b9cf7f3bf2da42adf757a2ccac155dba16b259e2461fa4afd,9e898f98bbe0086c569ce2652f79fbd9ec7e7aebc2ddff94e4a3d3918fdcafc6
Normal Part2/Normal (39).E2E/2- 26- 2017 10- 08- 18 AM/Image 17,/kaggle/input/aether-oct5k-pilot/Images/Images_Manual/Normal Part2/Normal (39).E2E/2- 26- 2017 10- 08- 18 AM/Image 17.png,/kaggle/input/aether-oct5k-pilot/Masks/Masks_Manual/Grading_1/Normal Part2/Normal (39).E2E/2- 26- 2017 10- 08- 18 AM/Image 17.png,Normal Part2,train,40dbbd3deddaa4858fa88f992043f723b77be8829cd24fd33639dde51784952e,9cf583cf1967ff5c5f42a8d70cd75c72b5ad8d530bdb0322fec81abcddd29cec,661eb777e1efc3577140cb814492b7a60ff9100595e010c7a96e3dbd10518fc5
AMD Part1/AMD (28).E2E/2- 25- 2017 8- 37- 13 PM/Image 18,/kaggle/input/aether-oct5k-pilot/Images/Images_Manual/AMD Part1/AMD (28).E2E/2- 25- 2017 8- 37- 13 PM/Image 18.png,/kaggle/input/aether-oct5k-pilot/Masks/Masks_Manual/Grading_1/AMD Part1/AMD (28).E2E/2- 25- 2017 8- 37- 13 PM/Image 18.png,AMD Part1,train,16d49a9cf5d92770d3b0d0883ad76bc895a2acb064cf88b4ba3cb9aa27aceddf,3494cbee945fd2da927a33f498d7822b26c6a78961adfcb5cc02819ba924ae2a,bb045af6d96ba38dc0a380ac5f8aa34bd7aa3bd044fb02a2ccb1ebab1d988202
Normal Part1/Normal (10).E2E/2- 26- 2017 9- 18- 14 AM/Image 10,/kaggle/input/aether-oct5k-pilot/Images/Images_Manual/Normal Part1/Normal (10).E2E/2- 26- 2017 9- 18- 14 AM/Image 10.png,/kaggle/input/aether-oct5k-pilot/Masks/Masks_Manual/Grading_1/Normal Part1/Normal (10).E2E/2- 26- 2017 9- 18- 14 AM/Image 10.png,Normal Part1,train,32bb13df93b0dcb1d7a268221cd2634224acc5df4ee95354c39a389a09850f8e,ace044000c1a57f94f13d376747948922680b770ebbd5cd104e6076f8a3abb02,a8397b3180ac44b19047315b693a8982821b6c3080549822c1c31715616e4d54
AMD Part1/AMD (24).E2E/2- 25- 2017 5- 17- 27 PM/Image 48,/kaggle/input/aether-oct5k-pilot/Images/Images_Manual/AMD Part1/AMD (24).E2E/2- 25- 2017 5- 17- 27 PM/Image 48.png,/kaggle/input/aether-oct5k-pilot/Masks/Masks_Manual/Grading_1/AMD Part1/AMD (24).E2E/2- 25- 2017 5- 17- 27 PM/Image 48.png,AMD Part1,train,6d7802857bb5249191b86d69a3d27d9f12c51e56438a641b3e2cdf720a87e950,285ef3f120ecae6fc775a5de028ed06ea35a221e267daba0dbf038c69692b99b,635bd6603fff9784569827944586c5fefa10993f5906d5744bb2bdb461a6f654
DME/DME (30).E2E/2- 25- 2017 10- 16- 46 PM/Image 11,/kaggle/input/aether-oct5k-pilot/Images/Images_Manual/DME/DME (30).E2E/2- 25- 2017 10- 16- 46 PM/Image 11.png,/kaggle/input/aether-oct5k-pilot/Masks/Masks_Manual/Grading_1/DME/DME (30).E2E/2- 25- 2017 10- 16- 46 PM/Image 11.png,DME,train,6281e5abd908b25ec6e0974e5e2b34c9ab4ad70191a9cf36e89eecac72f36a44,6e3f36b368092fae968e1db7de2e865dddf9f972a644c14166afeabd45291e34,aee6ebd04d6a3302212f61a7182ad4f5489a04cfc1d195953088c55a05ab9792
Normal Part1/Normal (12).E2E/2- 26- 2017 9- 23- 28 AM/Image 32,/kaggle/input/aether-oct5k-pilot/Images/Images_Manual/Normal Part1/Normal (12).E2E/2- 26- 2017 9- 23- 28 AM/Image 32.png,/kaggle/input/aether-oct5k-pilot/Masks/Masks_Manual/Grading_1/Normal Part1/Normal (12).E2E/2- 26- 2017 9- 23- 28 AM/Image 32.png,Normal Part1,train,5e2722ba4803fbec0cbd668ada3147894eb76e93366f65b7c9c04eeb434471bc,3ece265d5980c60dc16c0a6c6ff14a89f9b7b957306b7bee5f0280e50a8abf02,6ec64157e1d8241d8433d486c665cb6403373d068d79273020810b5ec26c27f9
AMD Part1/AMD (22).E2E/2- 25- 2017 5- 11- 45 PM/Image 11,/kaggle/input/aether-oct5k-pilot/Images/Images_Manual/AMD Part1/AMD (22).E2E/2- 25- 2017 5- 11- 45 PM/Image 11.png,/kaggle/input/aether-oct5k-pilot/Masks/Masks_Manual/Grading_1/AMD Part1/AMD (22).E2E/2- 25- 2017 5- 11- 45 PM/Image 11.png,AMD Part1,train,ea317428eb55a73263edb7a8e83424fe9445a74099e721cf09e8abe3f51c8c03,ea6702a408403725319f6cbb63d19357ec9062169d74a3d3d12ab3c2f7863b0c,f77a064e55ad807df0f7344b64a165d0d64a76ceb028f41148c6a135371fee0e
AMD Part2/AMD (40).E2E/2- 25- 2017 9- 08- 13 PM/Image 1,/kaggle/input/aether-oct5k-pilot/Images/Images_Manual/AMD Part2/AMD (40).E2E/2- 25- 2017 9- 08- 13 PM/Image 1.png,/kaggle/input/aether-oct5k-pilot/Masks/Masks_Manual/Grading_1/AMD Part2/AMD (40).E2E/2- 25- 2017 9- 08- 13 PM/Image 1.png,AMD Part2,train,77ceb0150977af3d95b4e352906ed3e5a9476eaf5ef4f83e1f161c55e2d1004f,d1e8029e72eea836820301f7cabcab31f930cf6893b8a6a37d8b57aecc3eb31d,42f1ec0cf688c43ba06a7e5af3159dcf09165b4e5664c699e960644134ca2e61
DME/DME (31).E2E/2- 25- 2017 10- 17- 51 PM/Image 1,/kaggle/input/aether-oct5k-pilot/Images/Images_Manual/DME/DME (31).E2E/2- 25- 2017 10- 17- 51 PM/Image 1.png,/kaggle/input/aether-oct5k-pilot/Masks/Masks_Manual/Grading_1/DME/DME (31).E2E/2- 25- 2017 10- 17- 51 PM/Image 1.png,DME,train,bb1d84c6b89bfb1d56f59bbd489d8983a61b365c9e6da027d1e8fd4830a81b63,15590ab0a1f5177f2ffd7046f933f5f95d02b65b9854db0fc5a7168c2e39a05d,8c20ec7b95637c368a2bc738fb6d03ce39bb6de1fdbe0d73cee70a9b1e1a3f30
AMD Part1/AMD (35).E2E/2- 25- 2017 9- 00- 52 PM/Image 8,/kaggle/input/aether-oct5k-pilot/Images/Images_Manual/AMD Part1/AMD (35).E2E/2- 25- 2017 9- 00- 52 PM/Image 8.png,/kaggle/input/aether-oct5k-pilot/Masks/Masks_Manual/Grading_1/AMD Part1/AMD (35).E2E/2- 25- 2017 9- 00- 52 PM/Image 8.png,AMD Part1,train,ee831df733a8c476a46f7bb5e50d44686a814bb0860bbc92918009b5de4597cf,a81414daf61898ffd2f1f89d10347ad8dd386d00afb708810bfb2b49431d67aa,64d427f69cabc4b8a0a703fdcb336e52137889c83272a9b1aa070d90fab920d9
Normal Part2/Normal (39).E2E/2- 26- 2017 10- 08- 18 AM/Image 3,/kaggle/input/aether-oct5k-pilot/Images/Images_Manual/Normal Part2/Normal (39).E2E/2- 26- 2017 10- 08- 18 AM/Image 3.png,/kaggle/input/aether-oct5k-pilot/Masks/Masks_Manual/Grading_1/Normal Part2/Normal (39).E2E/2- 26- 2017 10- 08- 18 AM/Image 3.png,Normal Part2,train,55e73d860c7c6151d54e826d8d50a192a975cfc924d8b9a88d9fc9c4b680a15b,84ca1230f268499a4855bc3d96576f0aa5466411db9135b83fd82091e93f5fab,ab7e9fd3a0591be63bb35982793a08961e88eec6224d09cc35f08f8d8816ef5e
DME/DME (9).E2E/2- 25- 2017 9- 45- 28 PM/Image 27,/kaggle/input/aether-oct5k-pilot/Images/Images_Manual/DME/DME (9).E2E/2- 25- 2017 9- 45- 28 PM/Image 27.png,/kaggle/input/aether-oct5k-pilot/Masks/Masks_Manual/Grading_1/DME/DME (9).E2E/2- 25- 2017 9- 45- 28 PM/Image 27.png,DME,train,2a6d242b98945348e096f4b7511dc05ad90bfb1ee5b33ea7d87780801f674444,defc11eb7de61e54f844cc712185393f48fefda6d6570a745562fa256b340ef6,299af39f2fca471683a5385181e2559ba55b3ecf0c33276e5258b666467aa2c3
DME/DME (37).E2E/2- 25- 2017 10- 26- 30 PM/Image 2,/kaggle/input/aether-oct5k-pilot/Images/Images_Manual/DME/DME (37).E2E/2- 25- 2017 10- 26- 30 PM/Image 2.png,/kaggle/input/aether-oct5k-pilot/Masks/Masks_Manual/Grading_1/DME/DME (37).E2E/2- 25- 2017 10- 26- 30 PM/Image 2.png,DME,train,89abfba25cdcc746edd77a78b5bfabac503a120b777a32a960ebc190857cc888,246a3ba3b00df845a46a1252c8d4f9ac2ce2e1329fd4c416f952713ada7d2618,9554749593444b547dbd0cab26c8f65fcbfbb9840f927216d9ac5e081bf71ade
Normal Part2/Normal (34).E2E/2- 26- 2017 10- 01- 13 AM/Image 5,/kaggle/input/aether-oct5k-pilot/Images/Images_Manual/Normal Part2/Normal (34).E2E/2- 26- 2017 10- 01- 13 AM/Image 5.png,/kaggle/input/aether-oct5k-pilot/Masks/Masks_Manual/Grading_1/Normal Part2/Normal (34).E2E/2- 26- 2017 10- 01- 13 AM/Image 5.png,Normal Part2,train,91ed9ab2305681e7cc33d6adbb5a79d18bb833854182c5a519361d3af9381324,49f269ca99790d881115bb318f3bb8cb6411eb94ebb0e7530fce67e352452f8a,4a8c8efeca1e6e9c4fe4245d501faf387a4fef3198b676723ce4dd2478e659ae
DME/DME (26).E2E/2- 25- 2017 10- 10- 17 PM/Image 11,/kaggle/input/aether-oct5k-pilot/Images/Images_Manual/DME/DME (26).E2E/2- 25- 2017 10- 10- 17 PM/Image 11.png,/kaggle/input/aether-oct5k-pilot/Masks/Masks_Manual/Grading_1/DME/DME (26).E2E/2- 25- 2017 10- 10- 17 PM/Image 11.png,DME,train,83714ce43ea843022784a6d00527dafd3c1881cf152b5d42dd180c2a9291d69d,2620bf03e28246890893388f61b01a1677bebb887231b6953b172a330f1e8c53,9d8ce32c7144c1057019dd502522e4f7eb8052613cc327a747a06900979ebd95
Normal Part1/Normal (13).E2E/2- 26- 2017 9- 25- 04 AM/Image 5,/kaggle/input/aether-oct5k-pilot/Images/Images_Manual/Normal Part1/Normal (13).E2E/2- 26- 2017 9- 25- 04 AM/Image 5.png,/kaggle/input/aether-oct5k-pilot/Masks/Masks_Manual/Grading_1/Normal Part1/Normal (13).E2E/2- 26- 2017 9- 25- 04 AM/Image 5.png,Normal Part1,train,7b5922705e0646996f3110196c0d140ceb96aa63cd4a5a7f9f560f7724d75065,e44a4b3e1930aa33fcb759d1c38bef1e3633a246d19e430caadad7ba73378056,644237e4621fb5d489b66065d2edbed9ba48bd6f78ea42f5235871ad0cde4b13
DME/DME (9).E2E/2- 25- 2017 9- 45- 28 PM/Image 36,/kaggle/input/aether-oct5k-pilot/Images/Images_Manual/DME/DME (9).E2E/2- 25- 2017 9- 45- 28 PM/Image 36.png,/kaggle/input/aether-oct5k-pilot/Masks/Masks_Manual/Grading_1/DME/DME (9).E2E/2- 25- 2017 9- 45- 28 PM/Image 36.png,DME,train,be76459562719eede79ef13af679a51d06e197cdadfdb7a75cf6500f52e83a78,a18da4d577fe05c3093e56d015a0ed164b7c1e74256d40231ae8a0af10ba0050,b7017ccbae64414e95c6941cb91b0d7d6e8ccf09ea4963dcc0c304d17f3f004c
Normal Part1/Normal (25).E2E/2- 26- 2017 9- 42- 47 AM/Image 21,/kaggle/input/aether-oct5k-pilot/Images/Images_Manual/Normal Part1/Normal (25).E2E/2- 26- 2017 9- 42- 47 AM/Image 21.png,/kaggle/input/aether-oct5k-pilot/Masks/Masks_Manual/Grading_1/Normal Part1/Normal (25).E2E/2- 26- 2017 9- 42- 47 AM/Image 21.png,Normal Part1,train,5a4a16610396f85c5da07b552c4065b471595e10f8759e417a8e3656c15bc434,f821c98087c0a2139f11de5462bc78ea37f9daba4a2acefd336af4130412d295,ab9ce33bd25e7fa702eea650e90f86c43d3be7ce462ffb3d4c6438725b145038
AMD Part1/AMD (35).E2E/2- 25- 2017 9- 00- 52 PM/Image 1,/kaggle/input/aether-oct5k-pilot/Images/Images_Manual/AMD Part1/AMD (35).E2E/2- 25- 2017 9- 00- 52 PM/Image 1.png,/kaggle/input/aether-oct5k-pilot/Masks/Masks_Manual/Grading_1/AMD Part1/AMD (35).E2E/2- 25- 2017 9- 00- 52 PM/Image 1.png,AMD Part1,train,d6108b97b900039d04d3ff680d27cc6f7dec04ebf6303487c5ab2542a6f45ae8,88e5447550c424c16e04c5bb8b397e8fbb5f3dde9f6b9b003111119ac12eeae3,7aafcf9e5c4da25a6986b062876f02067c08fd894ab46cd65173e69b23f72082
AMD Part1/AMD (22).E2E/2- 25- 2017 5- 11- 45 PM/Image 23,/kaggle/input/aether-oct5k-pilot/Images/Images_Manual/AMD Part1/AMD (22).E2E/2- 25- 2017 5- 11- 45 PM/Image 23.png,/kaggle/input/aether-oct5k-pilot/Masks/Masks_Manual/Grading_1/AMD Part1/AMD (22).E2E/2- 25- 2017 5- 11- 45 PM/Image 23.png,AMD Part1,train,2a191a0116cfe65ce79d90e7c497092ef0955234b85211066836521ebfc5a9c8,39855aa72618d69c5aeda2068cb5a76a66afa807a203e3d380f5e7982a40c6fa,8116e89eb48c381647236b30c78f265c8481bdeb4accf4ef907b89ecda1f3681
AMD Part1/AMD (26).E2E/2- 25- 2017 5- 23- 01 PM/Image 54,/kaggle/input/aether-oct5k-pilot/Images/Images_Manual/AMD Part1/AMD (26).E2E/2- 25- 2017 5- 23- 01 PM/Image 54.png,/kaggle/input/aether-oct5k-pilot/Masks/Masks_Manual/Grading_1/AMD Part1/AMD (26).E2E/2- 25- 2017 5- 23- 01 PM/Image 54.png,AMD Part1,train,2eea8b8781b880be067ed5e539d08564ebf4bd4ded1421b88f9ad5bf3e6576cf,7c79d0a49f23c2b02400147c4d3d352dca37bafb2062c23efc1f26e1cc09e985,2440f52f86c34ffdd34788f997ce9aa3cc2f48cc63bef058b1a187f5c495e8bf
Normal Part1/Normal (12).E2E/2- 26- 2017 9- 23- 28 AM/Image 25,/kaggle/input/aether-oct5k-pilot/Images/Images_Manual/Normal Part1/Normal (12).E2E/2- 26- 2017 9- 23- 28 AM/Image 25.png,/kaggle/input/aether-oct5k-pilot/Masks/Masks_Manual/Grading_1/Normal Part1/Normal (12).E2E/2- 26- 2017 9- 23- 28 AM/Image 25.png,Normal Part1,train,19913c60eb6e28c1268f329b8219d689f7aebaaa841de982ac9dc5189d78add2,ac4b2dc298b1e44d117401a260f5d46a043e149a93c836b986f4c36e8f4c1200,759f9124935fb0fc817dbbe1ad960af3b6eb4d02c36bd2a23ed6d3306cfd17d4
Normal Part1/Normal (9).E2E/2- 26- 2017 9- 15- 48 AM/Image 26,/kaggle/input/aether-oct5k-pilot/Images/Images_Manual/Normal Part1/Normal (9).E2E/2- 26- 2017 9- 15- 48 AM/Image 26.png,/kaggle/input/aether-oct5k-pilot/Masks/Masks_Manual/Grading_1/Normal Part1/Normal (9).E2E/2- 26- 2017 9- 15- 48 AM/Image 26.png,Normal Part1,train,de85116ff00cbc9d61af33bf8ac93d356eae29cda2691550b5214fd1186d1d3d,10e33f14837d6c06f3f2b9f9159634b862566874569793f6b6cc35bd9424034d,b9b8b56b5aa5a821baaff1dbd041c6ef170af80d805582e3fa132dd6c8c2ff1a
DME/DME (17).E2E/2- 25- 2017 9- 55- 34 PM/Image 7,/kaggle/input/aether-oct5k-pilot/Images/Images_Manual/DME/DME (17).E2E/2- 25- 2017 9- 55- 34 PM/Image 7.png,/kaggle/input/aether-oct5k-pilot/Masks/Masks_Manual/Grading_1/DME/DME (17).E2E/2- 25- 2017 9- 55- 34 PM/Image 7.png,DME,train,34d74d0728addde54e73a5ac38ab9b825bbc6fd66f6cb1e9ce12ce3306152b94,3d4477fd892dda972119b4beb761c60cefdbd3ca0effdce3767abaa2fcce1195,44355e6c27bba70865218a5061d7c8c8ba6000b49ef54d42e993884e213b31bf
AMD Part1/AMD (8).E2E/2- 25- 2017 9- 21- 50 PM/Image 1,/kaggle/input/aether-oct5k-pilot/Images/Images_Manual/AMD Part1/AMD (8).E2E/2- 25- 2017 9- 21- 50 PM/Image 1.png,/kaggle/input/aether-oct5k-pilot/Masks/Masks_Manual/Grading_1/AMD Part1/AMD (8).E2E/2- 25- 2017 9- 21- 50 PM/Image 1.png,AMD Part1,train,ef18032a0b201cf25f7de7df73ae701d8709b883a6a2c45a1d48fc71ef1c8d43,2bc15c50b5114b4a7ab2bbdfdc23229f7e7ff6f311f9f08e84269793e3d55d1c,0480355e9fdefcce61a31ca12932c71244ef82b20443e48ef0852e1b2cab2068
Normal Part1/Normal (12).E2E/2- 26- 2017 9- 23- 28 AM/Image 13,/kaggle/input/aether-oct5k-pilot/Images/Images_Manual/Normal Part1/Normal (12).E2E/2- 26- 2017 9- 23- 28 AM/Image 13.png,/kaggle/input/aether-oct5k-pilot/Masks/Masks_Manual/Grading_1/Normal Part1/Normal (12).E2E/2- 26- 2017 9- 23- 28 AM/Image 13.png,Normal Part1,train,d0b040988a260ca7bb6cb91cc20d0d3df8d304294a955888227b13bab8817e60,24532abeee4c3e4491d68f977e2008a4558b3122f9ecbcf9bf67940ed97d2808,7b69f511ac1220d00b251198d4d0a18d6b8843440158422c5b37c1e879d566e8
DME/DME (4).E2E/2- 25- 2017 9- 38- 17 PM/Image 11,/kaggle/input/aether-oct5k-pilot/Images/Images_Manual/DME/DME (4).E2E/2- 25- 2017 9- 38- 17 PM/Image 11.png,/kaggle/input/aether-oct5k-pilot/Masks/Masks_Manual/Grading_1/DME/DME (4).E2E/2- 25- 2017 9- 38- 17 PM/Image 11.png,DME,train,2cd807e957326ec64252aee2f8b0da79ceb2b8d376309372a424090fac7ca839,c821f3fd993b4da27fcdd7968764562a9bf39c5515d7ff2ad2b397f4d2f43a36,033178ef47d3eba3fba7b52a1494954cf98067fb8805d53118955aabb8b533dd
AMD Part1/AMD (29).E2E/2- 25- 2017 8- 39- 05 PM/Image 8,/kaggle/input/aether-oct5k-pilot/Images/Images_Manual/AMD Part1/AMD (29).E2E/2- 25- 2017 8- 39- 05 PM/Image 8.png,/kaggle/input/aether-oct5k-pilot/Masks/Masks_Manual/Grading_1/AMD Part1/AMD (29).E2E/2- 25- 2017 8- 39- 05 PM/Image 8.png,AMD Part1,train,9a9d3edfb329ff0c6b01221385a01d11d7d820c3709fbdb27421fbb8c4849acf,f228953cd5dc0b6a37fb94b66676ff4a11767b912661b21a5da721c5e2203964,566b11e6db12a912eada89b71b60d60efa5f5ef288b22a503647e50ac76acc08
DME/DME (28).E2E/2- 25- 2017 10- 12- 57 PM/Image 12,/kaggle/input/aether-oct5k-pilot/Images/Images_Manual/DME/DME (28).E2E/2- 25- 2017 10- 12- 57 PM/Image 12.png,/kaggle/input/aether-oct5k-pilot/Masks/Masks_Manual/Grading_1/DME/DME (28).E2E/2- 25- 2017 10- 12- 57 PM/Image 12.png,DME,train,6cdeab5728d87be0c9e394f9ba98cadf604c8a16a14a0377135d8b994684aa05,e264a67b6ccdcd6fefe041984f00df40746deec92fa37fe97e99cd264eec1546,3ac28bc435e7a51184fc7a22cee262aacbefceb81c75dc5807a6969db97d76ab
Normal Part2/Normal (40).E2E/2- 26- 2017 10- 10- 37 AM/Image 1,/kaggle/input/aether-oct5k-pilot/Images/Images_Manual/Normal Part2/Normal (40).E2E/2- 26- 2017 10- 10- 37 AM/Image 1.png,/kaggle/input/aether-oct5k-pilot/Masks/Masks_Manual/Grading_1/Normal Part2/Normal (40).E2E/2- 26- 2017 10- 10- 37 AM/Image 1.png,Normal Part2,train,3c5a5b36982a14eea5bbd26dee708c189f2d9ebd5fe5daffe3472cc7dc9c0281,95a172a2f7babafcfa78462aac65b1cd6daff1328ef60b205b41abd60e5c280d,405b69c85e59a36624c94341f2f38df5a555961642694810de4272e1ef731c3f
DME/DME (7).E2E/2- 25- 2017 9- 42- 34 PM/Image 14,/kaggle/input/aether-oct5k-pilot/Images/Images_Manual/DME/DME (7).E2E/2- 25- 2017 9- 42- 34 PM/Image 14.png,/kaggle/input/aether-oct5k-pilot/Masks/Masks_Manual/Grading_1/DME/DME (7).E2E/2- 25- 2017 9- 42- 34 PM/Image 14.png,DME,train,9599b0229867b4daea5a5f2d1b8430d41ed5d3bab8b4ac5db22e96d118c68841,e046a8b7a4a2f3fcb4c5c178d943cecaebf1ae6793f77f0ebff13f0168b8b34b,94d368fe5b85554c792c9fe95fd7812979f8b3cf8e1d2a9b67c5f7160a49f331
AMD Part1/AMD (22).E2E/2- 25- 2017 5- 11- 45 PM/Image 24,/kaggle/input/aether-oct5k-pilot/Images/Images_Manual/AMD Part1/AMD (22).E2E/2- 25- 2017 5- 11- 45 PM/Image 24.png,/kaggle/input/aether-oct5k-pilot/Masks/Masks_Manual/Grading_1/AMD Part1/AMD (22).E2E/2- 25- 2017 5- 11- 45 PM/Image 24.png,AMD Part1,train,c4d9d57eb470c4d65731d869e47e0b7edbc563c7ff8621b8fd88663faaca07e3,c6600a50c52a4c1bb73cbfdc598ac3d19a905f4afdf88c1de3cf3efa4652fc5d,ba32564fa190136c540578a6b2d24ff94795414ac0669329e1d905d5344ca2bd
AMD Part1/AMD (3).E2E/2- 25- 2017 9- 13- 55 PM/Image 43,/kaggle/input/aether-oct5k-pilot/Images/Images_Manual/AMD Part1/AMD (3).E2E/2- 25- 2017 9- 13- 55 PM/Image 43.png,/kaggle/input/aether-oct5k-pilot/Masks/Masks_Manual/Grading_1/AMD Part1/AMD (3).E2E/2- 25- 2017 9- 13- 55 PM/Image 43.png,AMD Part1,train,1d52c025b9be9392057375754cc759151e9f3656929920121fe5c23f1a69d07c,ef34f087c021b318e3c82b0d2c887b7f7d14c4779dead8f15d4cfc4295a53ea1,97d8c8826edb0cf6690879c86d251acfa0eff04d3f640374553d938a051e31b1
AMD Part1/AMD (13).E2E/2- 25- 2017 4- 48- 43 PM/Image 48,/kaggle/input/aether-oct5k-pilot/Images/Images_Manual/AMD Part1/AMD (13).E2E/2- 25- 2017 4- 48- 43 PM/Image 48.png,/kaggle/input/aether-oct5k-pilot/Masks/Masks_Manual/Grading_1/AMD Part1/AMD (13).E2E/2- 25- 2017 4- 48- 43 PM/Image 48.png,AMD Part1,train,cb7558646a374aeb16d9f8c6116b5bd1abfed842e8f42d180ba120d7478966b0,c8e9d60eaea705fe5bfaeff05839ecb25345bc14fe1731f30ab73b2abe133b78,10a748f9801002dd12598edf8e3f8900e82c25eec3f9a13d3a93fe469323e8b8
Normal Part2/Normal (36).E2E/2- 26- 2017 10- 04- 18 AM/Image 18,/kaggle/input/aether-oct5k-pilot/Images/Images_Manual/Normal Part2/Normal (36).E2E/2- 26- 2017 10- 04- 18 AM/Image 18.png,/kaggle/input/aether-oct5k-pilot/Masks/Masks_Manual/Grading_1/Normal Part2/Normal (36).E2E/2- 26- 2017 10- 04- 18 AM/Image 18.png,Normal Part2,train,f45bbcffd291af679b4a3b053e758fa68c00d69152c266e55e08dfbbe29fd55c,13fbc12315df4dac08d540eb9bf9a61d15e15d1fbe3fa8c05dd4ea0da36784b9,d6dcdb75ebf3d411f4fba93c8d1c549270bd5e7d943d3354af71f59af669eb11
AMD Part2/AMD (40).E2E/2- 25- 2017 9- 08- 13 PM/Image 16,/kaggle/input/aether-oct5k-pilot/Images/Images_Manual/AMD Part2/AMD (40).E2E/2- 25- 2017 9- 08- 13 PM/Image 16.png,/kaggle/input/aether-oct5k-pilot/Masks/Masks_Manual/Grading_1/AMD Part2/AMD (40).E2E/2- 25- 2017 9- 08- 13 PM/Image 16.png,AMD Part2,train,63720cd7c8fd3420ff943bc718e8c507f14319c5d059351176b5212e92ffcdde,651278fae71851f2f7d90ef61637be02f4bf5413064bf3acd026a775217ecfb4,95839f0cd8c6c597d7e755b972c67f6f5c525bd466657b3d4871aeec67afbf56
Normal Part2/Normal (49).E2E/2- 26- 2017 10- 23- 58 AM/Image 30,/kaggle/input/aether-oct5k-pilot/Images/Images_Manual/Normal Part2/Normal (49).E2E/2- 26- 2017 10- 23- 58 AM/Image 30.png,/kaggle/input/aether-oct5k-pilot/Masks/Masks_Manual/Grading_1/Normal Part2/Normal (49).E2E/2- 26- 2017 10- 23- 58 AM/Image 30.png,Normal Part2,train,0d4d50093b3ec05c1de31de56e85f3c060e13c081d17f44e41f4dde8e3d62d55,079fbce45c0939acd653a4494a2558dab01be1dc06e02a66c26ff87c4f7e65e4,2f3b77d94e74e6032038951aaf98cb2e13a5985610b087175717b4e5e0ed0375
AMD Part2/AMD (48).E2E/2- 25- 2017 4- 42- 21 PM/Image 9,/kaggle/input/aether-oct5k-pilot/Images/Images_Manual/AMD Part2/AMD (48).E2E/2- 25- 2017 4- 42- 21 PM/Image 9.png,/kaggle/input/aether-oct5k-pilot/Masks/Masks_Manual/Grading_1/AMD Part2/AMD (48).E2E/2- 25- 2017 4- 42- 21 PM/Image 9.png,AMD Part2,train,5c962430ad52dc0d43847b5bbb50136af98f4f1ece0b3594e1960a6c58288737,8264318518efe6e5a269eeafcce3dae9b6ff3db77819cedc9e44f45b5f22ed1b,293dd24b47f4b9699ab60e344c059a75d9bcf3f8bea1e720919f63180a4858b8
AMD Part1/AMD (22).E2E/2- 25- 2017 5- 11- 45 PM/Image 14,/kaggle/input/aether-oct5k-pilot/Images/Images_Manual/AMD Part1/AMD (22).E2E/2- 25- 2017 5- 11- 45 PM/Image 14.png,/kaggle/input/aether-oct5k-pilot/Masks/Masks_Manual/Grading_1/AMD Part1/AMD (22).E2E/2- 25- 2017 5- 11- 45 PM/Image 14.png,AMD Part1,train,4cac65431b667ef4442209e7bb89b86aa8a6e331647da90e525fa51824ff788f,ea051837c13ba19461594b7311fd66886961ebfac15c3471870a8f7a58a24d1d,64b6f685b3854f416d8d104e6cba6e690c1f034e0da10cd4983343d9fee61c17
DME/DME (6).E2E/2- 25- 2017 9- 40- 56 PM/Image 8,/kaggle/input/aether-oct5k-pilot/Images/Images_Manual/DME/DME (6).E2E/2- 25- 2017 9- 40- 56 PM/Image 8.png,/kaggle/input/aether-oct5k-pilot/Masks/Masks_Manual/Grading_1/DME/DME (6).E2E/2- 25- 2017 9- 40- 56 PM/Image 8.png,DME,train,3ab3fa67bb73076f712eed4549d9dd058b90e448dc63247dc5303b2357a4f49a,9b77d1d915c9bc1c693b87b1025c52b9a3e6e7b0c93a68a957f59de0c2a35953,37dcdc895ddee968dee31aec6b9871e4c7c480045350ac24a8eb6a4135a06707
Normal Part2/Normal (47).E2E/2- 26- 2017 10- 21- 43 AM/Image 16,/kaggle/input/aether-oct5k-pilot/Images/Images_Manual/Normal Part2/Normal (47).E2E/2- 26- 2017 10- 21- 43 AM/Image 16.png,/kaggle/input/aether-oct5k-pilot/Masks/Masks_Manual/Grading_1/Normal Part2/Normal (47).E2E/2- 26- 2017 10- 21- 43 AM/Image 16.png,Normal Part2,train,7f8c62ed3acb950e10e0deb419bf4d1d85e5fa5e0fbe46c0147438b884904ff3,57545796fa44ad86e72fe3a910ee9c75f1f415b0333cf1b806ab6b1cfb01b8aa,31debac14a2f9cfdaf00e239b07947764be64e2d607ab0e5920635969b538244
AMD Part1/AMD (23).E2E/2- 25- 2017 5- 14- 57 PM/Image 4,/kaggle/input/aether-oct5k-pilot/Images/Images_Manual/AMD Part1/AMD (23).E2E/2- 25- 2017 5- 14- 57 PM/Image 4.png,/kaggle/input/aether-oct5k-pilot/Masks/Masks_Manual/Grading_1/AMD Part1/AMD (23).E2E/2- 25- 2017 5- 14- 57 PM/Image 4.png,AMD Part1,train,2931bcf1653b6f16de55a3afe2841768547d2848d538eb820454d8e776cf45bc,c163defcb4376ded8132148f4dced0e370778a9b38484aa4e95e5910a1e86e54,215b4d3e502ee80799cf3687231aa384a62704337d11ee0ca9fbbcf9b942a787
AMD Part1/AMD (3).E2E/2- 25- 2017 9- 13- 55 PM/Image 26,/kaggle/input/aether-oct5k-pilot/Images/Images_Manual/AMD Part1/AMD (3).E2E/2- 25- 2017 9- 13- 55 PM/Image 26.png,/kaggle/input/aether-oct5k-pilot/Masks/Masks_Manual/Grading_1/AMD Part1/AMD (3).E2E/2- 25- 2017 9- 13- 55 PM/Image 26.png,AMD Part1,train,4c347083309db850221002eef44ff749964cd5b48765e01683d7953c4faed483,f3e54138851121af9ad5f90c259980167bd20ea4ee4124206a2b86f50a46f82c,316e9134b4e1a439af1abb1e767b01223170842a43ee849f7beec05473dba516
Normal Part1/Normal (6).E2E/2- 26- 2017 9- 12- 11 AM/Image 2,/kaggle/input/aether-oct5k-pilot/Images/Images_Manual/Normal Part1/Normal (6).E2E/2- 26- 2017 9- 12- 11 AM/Image 2.png,/kaggle/input/aether-oct5k-pilot/Masks/Masks_Manual/Grading_1/Normal Part1/Normal (6).E2E/2- 26- 2017 9- 12- 11 AM/Image 2.png,Normal Part1,train,acac6d9d0fae5cc41914179f9c970e8387b429a85cca8e694510046bfc64c01c,2963b2b0dd54f4c61e9ec8e2cdd4bb03d4c80da96e0c1f2a58dad51dbc6e303b,c5001754e3e5d062e2826624e9fe0017a0bdb950db3665eba0c52c790e36a72b
DME/DME (19).E2E/2- 25- 2017 9- 58- 33 PM/Image 17,/kaggle/input/aether-oct5k-pilot/Images/Images_Manual/DME/DME (19).E2E/2- 25- 2017 9- 58- 33 PM/Image 17.png,/kaggle/input/aether-oct5k-pilot/Masks/Masks_Manual/Grading_1/DME/DME (19).E2E/2- 25- 2017 9- 58- 33 PM/Image 17.png,DME,train,80abb572dc9d153fe323582754e1b82e57d014532d4926acbc43b3064bd007d9,53eb4fe5408deda71644f5fcf7bd49e0cffdf9ad3a68b43054a51ae77f8b43aa,adb9dc1c7196d61419f7d1b55fc42a1177c4935614c46844b1b2e13c782017b0
DME/DME (11).E2E/2- 25- 2017 9- 47- 31 PM/Image 2,/kaggle/input/aether-oct5k-pilot/Images/Images_Manual/DME/DME (11).E2E/2- 25- 2017 9- 47- 31 PM/Image 2.png,/kaggle/input/aether-oct5k-pilot/Masks/Masks_Manual/Grading_1/DME/DME (11).E2E/2- 25- 2017 9- 47- 31 PM/Image 2.png,DME,train,e311b25c9d0d510a4a4ba9da73ba81a3f64bf1564e2f8e20807a61bf46e1c855,348b9d2ed7279f857eb5e2a81124382984e98c0a125910ca99dffd0e85595f84,0081b709bc0941a7c011762107206b2d6ff7500d69a5bda2b4fd974ccc95ae69
AMD Part1/AMD (10).E2E/2- 25- 2017 9- 27- 53 PM/Image 19,/kaggle/input/aether-oct5k-pilot/Images/Images_Manual/AMD Part1/AMD (10).E2E/2- 25- 2017 9- 27- 53 PM/Image 19.png,/kaggle/input/aether-oct5k-pilot/Masks/Masks_Manual/Grading_1/AMD Part1/AMD (10).E2E/2- 25- 2017 9- 27- 53 PM/Image 19.png,AMD Part1,train,303d7b7a04c039b64d2b7d70e0200e8776b6020e6dc36fba832ad02c3e5e3401,8216209acc30f462e31554871d776d6ab47b0611dade87539d0bef586b3f11a9,5754490f0fa3eac8016fa2609ec4e4722238b713cb74e0bf6d591634530ea7db
Normal Part1/Normal (10).E2E/2- 26- 2017 9- 18- 14 AM/Image 14,/kaggle/input/aether-oct5k-pilot/Images/Images_Manual/Normal Part1/Normal (10).E2E/2- 26- 2017 9- 18- 14 AM/Image 14.png,/kaggle/input/aether-oct5k-pilot/Masks/Masks_Manual/Grading_1/Normal Part1/Normal (10).E2E/2- 26- 2017 9- 18- 14 AM/Image 14.png,Normal Part1,train,a4235bdddc5a63df6b0590e1fb996e2f92600b4e33572a68738d12d380569810,2781695b9306e60a310f99ffc1ab3f5b1610825a44069137acca712b817a9e84,aaf7aab75221f21e2e6c0ff1bf6ae1bce5ced92cc039584a32d1007101e6292c
DME/DME (7).E2E/2- 25- 2017 9- 42- 34 PM/Image 19,/kaggle/input/aether-oct5k-pilot/Images/Images_Manual/DME/DME (7).E2E/2- 25- 2017 9- 42- 34 PM/Image 19.png,/kaggle/input/aether-oct5k-pilot/Masks/Masks_Manual/Grading_1/DME/DME (7).E2E/2- 25- 2017 9- 42- 34 PM/Image 19.png,DME,train,6baa4c30fd0259cd5fef53ddab760fdadf2590808babd5cef619a1fcb5252feb,1007f324df6aa0d80653b824fba26e7c44e369518140c1d759493c3f4a60df28,fdce9d81f867d4374b67e423847416c1aabfe0edd86500a3231ead118d005408
AMD Part1/AMD (3).E2E/2- 25- 2017 9- 13- 55 PM/Image 48,/kaggle/input/aether-oct5k-pilot/Images/Images_Manual/AMD Part1/AMD (3).E2E/2- 25- 2017 9- 13- 55 PM/Image 48.png,/kaggle/input/aether-oct5k-pilot/Masks/Masks_Manual/Grading_1/AMD Part1/AMD (3).E2E/2- 25- 2017 9- 13- 55 PM/Image 48.png,AMD Part1,train,a5787b075181bc45981aed12e9fc144412b264ddf65df0b24ad3b2fc045b4656,dd201b2e3ee6b12dd1b452a25625df2422f217de1b713e1ff25e26ce47c0bbfc,16090971a14334a9d8a86e024156389bd16ef222134cb0f74502ee7e20bccb89
AMD Part1/AMD (31).E2E/2- 25- 2017 8- 43- 15 PM/Image 16,/kaggle/input/aether-oct5k-pilot/Images/Images_Manual/AMD Part1/AMD (31).E2E/2- 25- 2017 8- 43- 15 PM/Image 16.png,/kaggle/input/aether-oct5k-pilot/Masks/Masks_Manual/Grading_1/AMD Part1/AMD (31).E2E/2- 25- 2017 8- 43- 15 PM/Image 16.png,AMD Part1,train,ffbcb6ac34c0eefc7196ba7a8c7d5ab9753b00f648ba27b6965972e4f9a6318b,04fa58e8720796a83195bf698033d8d84997b3124e8f33613c97dcaadf2c1d40,4b3e5ac24290c820a48030ae492772c59810ae6739a679db646c1472a8f4220e
AMD Part1/AMD (3).E2E/2- 25- 2017 9- 13- 55 PM/Image 15,/kaggle/input/aether-oct5k-pilot/Images/Images_Manual/AMD Part1/AMD (3).E2E/2- 25- 2017 9- 13- 55 PM/Image 15.png,/kaggle/input/aether-oct5k-pilot/Masks/Masks_Manual/Grading_1/AMD Part1/AMD (3).E2E/2- 25- 2017 9- 13- 55 PM/Image 15.png,AMD Part1,train,642a8017f38da5de4338c727b1199d693431f37bbd35336f49cbf2c351cd3b69,1be9149fcc4c204f0397c5d752301f353c1610396f42968f13c1a9326102e302,b606ef1cb428a67896790a48752f4d9b4a8c312994a6d21b10fbd16eb318ad09
DME/DME (33).E2E/2- 25- 2017 10- 21- 00 PM/Image 14,/kaggle/input/aether-oct5k-pilot/Images/Images_Manual/DME/DME (33).E2E/2- 25- 2017 10- 21- 00 PM/Image 14.png,/kaggle/input/aether-oct5k-pilot/Masks/Masks_Manual/Grading_1/DME/DME (33).E2E/2- 25- 2017 10- 21- 00 PM/Image 14.png,DME,train,ac9ae2fa9fea0397f4040d3ff9f07905bc6fc68ccef5dcb0e956d1c2704959c6,a0356e3024fa27e707c6d04c2e40cceb644d7fb70f1f8545f68eae2e1ea606c2,f6d56ccb26958ef3dc81ab9dc51920993ee8025bb4c5c353f4e01d230ee50ff7
AMD Part1/AMD (3).E2E/2- 25- 2017 9- 13- 55 PM/Image 59,/kaggle/input/aether-oct5k-pilot/Images/Images_Manual/AMD Part1/AMD (3).E2E/2- 25- 2017 9- 13- 55 PM/Image 59.png,/kaggle/input/aether-oct5k-pilot/Masks/Masks_Manual/Grading_1/AMD Part1/AMD (3).E2E/2- 25- 2017 9- 13- 55 PM/Image 59.png,AMD Part1,train,621f703eff0450ed15ef57c1ef9479a6b6e4ce57ffa78b22420fadf6b55c5114,f2b54f5e575de2c5d0fbb191cc2b4bcb70c397a36c6adea774ac2fec47e8e6db,09009c6e24cbfab77338955b0c0e41a2a130870f5af2ba8c365a4412f0bf4a88
Normal Part2/Normal (37).E2E/2- 26- 2017 10- 05- 11 AM/Image 13,/kaggle/input/aether-oct5k-pilot/Images/Images_Manual/Normal Part2/Normal (37).E2E/2- 26- 2017 10- 05- 11 AM/Image 13.png,/kaggle/input/aether-oct5k-pilot/Masks/Masks_Manual/Grading_1/Normal Part2/Normal (37).E2E/2- 26- 2017 10- 05- 11 AM/Image 13.png,Normal Part2,train,71dfee7254d20eadf90586357abb974a19088249831cc4b06b7c61718e409707,bc7a1f5dc18c530389cb75e13f8b84eb2e03bd08b92360d87757abaf0d433345,caa3e7d63337c87469044f3d046742631e1f0fd2d535b3110b132c7c10cfe500
AMD Part1/AMD (27).E2E/2- 25- 2017 8- 35- 28 PM/Image 18,/kaggle/input/aether-oct5k-pilot/Images/Images_Manual/AMD Part1/AMD (27).E2E/2- 25- 2017 8- 35- 28 PM/Image 18.png,/kaggle/input/aether-oct5k-pilot/Masks/Masks_Manual/Grading_1/AMD Part1/AMD (27).E2E/2- 25- 2017 8- 35- 28 PM/Image 18.png,AMD Part1,train,9ba93f195fbbe9df0201e3d982a7a4059f12ba7deb0123972e1dd9228788192a,8c8bf66db97f54a3abc67321b90d4d7049f36117c357119f816d0f261bd90784,db11109c1da1216baf51cf47d7ab43409c22578e3fcccf0af7b942514e408923
DME/DME (19).E2E/2- 25- 2017 9- 58- 33 PM/Image 9,/kaggle/input/aether-oct5k-pilot/Images/Images_Manual/DME/DME (19).E2E/2- 25- 2017 9- 58- 33 PM/Image 9.png,/kaggle/input/aether-oct5k-pilot/Masks/Masks_Manual/Grading_1/DME/DME (19).E2E/2- 25- 2017 9- 58- 33 PM/Image 9.png,DME,train,7e1cf0e146dd6a2e768d46b917f2616d91ba081fce4c3aa74bf41bbef9d765d2,db88443d27a81a4b8b7f22c964aa9c84b353659ab88c6abdf81d2254d0865248,784c685489cc40bb2b3c030a9b5d1d1f97eaf71f358e9800748a0d8b859b1dfc
Normal Part1/Normal (14).E2E/2- 26- 2017 9- 26- 02 AM/Image 11,/kaggle/input/aether-oct5k-pilot/Images/Images_Manual/Normal Part1/Normal (14).E2E/2- 26- 2017 9- 26- 02 AM/Image 11.png,/kaggle/input/aether-oct5k-pilot/Masks/Masks_Manual/Grading_1/Normal Part1/Normal (14).E2E/2- 26- 2017 9- 26- 02 AM/Image 11.png,Normal Part1,train,1d9f7d5dc32bfe2fa629b469c147bff1a2e94417b6ba2d81dfc8e99fc71b9891,7bdd7573351e16f2fc9bc4edd404c648981074ebf09bb13ea9746f94611ac058,a48dde854bb38157a315b146b134e234e49b272e2de4bd4fbb58d37394d29155
Normal Part2/Normal (47).E2E/2- 26- 2017 10- 21- 43 AM/Image 5,/kaggle/input/aether-oct5k-pilot/Images/Images_Manual/Normal Part2/Normal (47).E2E/2- 26- 2017 10- 21- 43 AM/Image 5.png,/kaggle/input/aether-oct5k-pilot/Masks/Masks_Manual/Grading_1/Normal Part2/Normal (47).E2E/2- 26- 2017 10- 21- 43 AM/Image 5.png,Normal Part2,train,7c3b6083b199951eb82c994b3ed46cda07ea93c0aa52a498e4d085434d94c6b0,3721e9814e559b79df461e8b87be74ffbc2920ea6456fb561ee7289d4ec13419,b29637ba5247c09a878bedacbf926bbe46b4a4c096783309b23d39b1244aa1d1
AMD Part1/AMD (27).E2E/2- 25- 2017 8- 35- 28 PM/Image 9,/kaggle/input/aether-oct5k-pilot/Images/Images_Manual/AMD Part1/AMD (27).E2E/2- 25- 2017 8- 35- 28 PM/Image 9.png,/kaggle/input/aether-oct5k-pilot/Masks/Masks_Manual/Grading_1/AMD Part1/AMD (27).E2E/2- 25- 2017 8- 35- 28 PM/Image 9.png,AMD Part1,train,8caa8d6e3a58693f0ac0466f7c9200f85fda367edb26228e53db5178b152b43a,df9c39489ae4a26998ba817659f7fff6c3984dadb6dc58d9d57c326f4d315b9c,0a5f359fde3c3717e25c0fcfc7eea03d6828ea1f5c75b17f7556545ed05a6e89
AMD Part1/AMD (3).E2E/2- 25- 2017 9- 13- 55 PM/Image 49,/kaggle/input/aether-oct5k-pilot/Images/Images_Manual/AMD Part1/AMD (3).E2E/2- 25- 2017 9- 13- 55 PM/Image 49.png,/kaggle/input/aether-oct5k-pilot/Masks/Masks_Manual/Grading_1/AMD Part1/AMD (3).E2E/2- 25- 2017 9- 13- 55 PM/Image 49.png,AMD Part1,train,0d1cc4efad4bf8f5d192e4b2752db55752306218bc85cf85c09244d39223a34b,c4f8e76cad9cdc3a1b056cee2803c14e8fc760aa7d148ed1862a0a7e17c7524e,53367ca39bcbb7cf12dad812349e1c682b212e59203ab01bc60c263907b74d11
DME/DME (33).E2E/2- 25- 2017 10- 21- 00 PM/Image 3,/kaggle/input/aether-oct5k-pilot/Images/Images_Manual/DME/DME (33).E2E/2- 25- 2017 10- 21- 00 PM/Image 3.png,/kaggle/input/aether-oct5k-pilot/Masks/Masks_Manual/Grading_1/DME/DME (33).E2E/2- 25- 2017 10- 21- 00 PM/Image 3.png,DME,train,ffb87e4890c64decf57422c04843e282effd49b1dfdee5f947cbceab893ec682,fa6f4982dd1966f42bb5b669b021db1bb07671f1809bd43b6b4f75b67dbdf932,3ce6d9a46c289a7a6661070836f5182898ee2aa8c9d152242cc4c4f120bdf23c
AMD Part1/AMD (21).E2E/2- 25- 2017 5- 10- 29 PM/Image 61,/kaggle/input/aether-oct5k-pilot/Images/Images_Manual/AMD Part1/AMD (21).E2E/2- 25- 2017 5- 10- 29 PM/Image 61.png,/kaggle/input/aether-oct5k-pilot/Masks/Masks_Manual/Grading_1/AMD Part1/AMD (21).E2E/2- 25- 2017 5- 10- 29 PM/Image 61.png,AMD Part1,train,1b86701b447722d1aa489015d4900950ec7bf7a0392448d1c1821b559a1848d5,1216805b856bedc0c9d4cf32b26f3a255248d173a99dc42fa9bc0fced64af096,59c51ab3c891bb49c35d3ebee6d5b73a388c1bc91b20bd042c9228ba8b6768dc
AMD Part1/AMD (34).E2E/2- 25- 2017 8- 59- 29 PM/Image 28,/kaggle/input/aether-oct5k-pilot/Images/Images_Manual/AMD Part1/AMD (34).E2E/2- 25- 2017 8- 59- 29 PM/Image 28.png,/kaggle/input/aether-oct5k-pilot/Masks/Masks_Manual/Grading_1/AMD Part1/AMD (34).E2E/2- 25- 2017 8- 59- 29 PM/Image 28.png,AMD Part1,train,f59a9d4837ce74670d31574104b499f96e25330f6e0eb61e2e7c2b5364da6a82,84e101bec69a4383efe523fe22f7b9416ae416efd4b3985a3ed8b8474a3704f8,76e2aaa5d0242346ab3b8a7a4ad79f6a4b62239381cecba695847ee30c39507b
Normal Part2/Normal (38).E2E/2- 26- 2017 10- 06- 02 AM/Image 1,/kaggle/input/aether-oct5k-pilot/Images/Images_Manual/Normal Part2/Normal (38).E2E/2- 26- 2017 10- 06- 02 AM/Image 1.png,/kaggle/input/aether-oct5k-pilot/Masks/Masks_Manual/Grading_1/Normal Part2/Normal (38).E2E/2- 26- 2017 10- 06- 02 AM/Image 1.png,Normal Part2,train,45292c5b06842e789626ab074c96d350ae0759363c0ed44a8c962a2e07ceee57,e1a18014d0637d38693612b420f5e4bfcb34ec163551280208cf3b2030e162d9,3ffd1f88c4ef5940ef73175bb0e024953345568a4d3463154a7b20fe813910cc
DME/DME (6).E2E/2- 25- 2017 9- 40- 56 PM/Image 12,/kaggle/input/aether-oct5k-pilot/Images/Images_Manual/DME/DME (6).E2E/2- 25- 2017 9- 40- 56 PM/Image 12.png,/kaggle/input/aether-oct5k-pilot/Masks/Masks_Manual/Grading_1/DME/DME (6).E2E/2- 25- 2017 9- 40- 56 PM/Image 12.png,DME,train,dc6c83fa72ee6f26278fc2a79605244c0dd740e78678b73adfa3a61fbe66aa7c,e337fdabc8efdfc4655649f20b658f969647aa271eac80304ce409cf6c4c7d2f,6d7a39c8a73292300fa7fcaf320eba94b3c75e0f37dc4cd09d476c36f699c67c
Normal Part1/Normal (12).E2E/2- 26- 2017 9- 23- 28 AM/Image 22,/kaggle/input/aether-oct5k-pilot/Images/Images_Manual/Normal Part1/Normal (12).E2E/2- 26- 2017 9- 23- 28 AM/Image 22.png,/kaggle/input/aether-oct5k-pilot/Masks/Masks_Manual/Grading_1/Normal Part1/Normal (12).E2E/2- 26- 2017 9- 23- 28 AM/Image 22.png,Normal Part1,train,2884bae3d7399294844ac8b82b8fcca257f4706f8915f2fa8ca1fad2ad9d1724,d78fdac897aaa35d323ce0feb11b84284f132e29295b1dd43319a4c3ceae1fcc,2a7a48b3a6b1b905f49545228168bd05e83aaf64d7eee83f2db2c1a18de6fc21
AMD Part1/AMD (24).E2E/2- 25- 2017 5- 17- 27 PM/Image 42,/kaggle/input/aether-oct5k-pilot/Images/Images_Manual/AMD Part1/AMD (24).E2E/2- 25- 2017 5- 17- 27 PM/Image 42.png,/kaggle/input/aether-oct5k-pilot/Masks/Masks_Manual/Grading_1/AMD Part1/AMD (24).E2E/2- 25- 2017 5- 17- 27 PM/Image 42.png,AMD Part1,train,5b6c41b80fac5a6b168c500c636e851609ed472f3a345154001b0f951d1f941f,4632773c5623a20443d303f929aa608c2a61bc6a2345951fab6a6c2c203b1856,e1bbad5658709689f590a21903e197f2b273fc4f7e754c568f1b3725e34cb453
Normal Part2/Normal (36).E2E/2- 26- 2017 10- 04- 18 AM/Image 13,/kaggle/input/aether-oct5k-pilot/Images/Images_Manual/Normal Part2/Normal (36).E2E/2- 26- 2017 10- 04- 18 AM/Image 13.png,/kaggle/input/aether-oct5k-pilot/Masks/Masks_Manual/Grading_1/Normal Part2/Normal (36).E2E/2- 26- 2017 10- 04- 18 AM/Image 13.png,Normal Part2,train,bd230c35ad0305607e6d0e258e760d55b2d771b2f19a66dd39bc7343eb4412d2,c29bab8558a800447f9dd5319f5b7cc3c47b49de4103e131df8ebe6262abcd63,df60780337a77fde3d967d1228c18612a1ce03f7660cefc6b11dfc41aada2ba2
AMD Part1/AMD (3).E2E/2- 25- 2017 9- 13- 55 PM/Image 11,/kaggle/input/aether-oct5k-pilot/Images/Images_Manual/AMD Part1/AMD (3).E2E/2- 25- 2017 9- 13- 55 PM/Image 11.png,/kaggle/input/aether-oct5k-pilot/Masks/Masks_Manual/Grading_1/AMD Part1/AMD (3).E2E/2- 25- 2017 9- 13- 55 PM/Image 11.png,AMD Part1,train,17274dd75dea10608a87a9982ebdd59fd56e43a9d74b9bf141ea2f1049835437,a36d2f14de04bc89a7d7012efb54c59876bff21f25216682eff13d08d4595714,9c8b1399b062da2d90c7f4d93edb4630b050fad43851a21ebd72348c0c62ab48
AMD Part1/AMD (8).E2E/2- 25- 2017 9- 21- 50 PM/Image 4,/kaggle/input/aether-oct5k-pilot/Images/Images_Manual/AMD Part1/AMD (8).E2E/2- 25- 2017 9- 21- 50 PM/Image 4.png,/kaggle/input/aether-oct5k-pilot/Masks/Masks_Manual/Grading_1/AMD Part1/AMD (8).E2E/2- 25- 2017 9- 21- 50 PM/Image 4.png,AMD Part1,train,cf2b9aeec1f622b3a3ceeb97eb7d6358f083d17f935882182131fa72f938274d,bc0817b79167715698ae82c8ebc85efea6716262666981979f196ccaa0f09646,d0021a5290600ceae211aa94c0c5721d2f37492d05974930e07f9b64cab52231
Normal Part1/Normal (25).E2E/2- 26- 2017 9- 42- 47 AM/Image 7,/kaggle/input/aether-oct5k-pilot/Images/Images_Manual/Normal Part1/Normal (25).E2E/2- 26- 2017 9- 42- 47 AM/Image 7.png,/kaggle/input/aether-oct5k-pilot/Masks/Masks_Manual/Grading_1/Normal Part1/Normal (25).E2E/2- 26- 2017 9- 42- 47 AM/Image 7.png,Normal Part1,train,918f9560b74910b568edcf46dc52541d881f15178a82eb7505b7c0c44d1d2dcc,4415742bcd27d91fde090c72dd48902ad31bc5718ae9eea8846991f816843afb,09d89419f0590a1846078f863501b9fbfdbd28aea93f83dc22423d8ef1bc172a
DME/DME (6).E2E/2- 25- 2017 9- 40- 56 PM/Image 2,/kaggle/input/aether-oct5k-pilot/Images/Images_Manual/DME/DME (6).E2E/2- 25- 2017 9- 40- 56 PM/Image 2.png,/kaggle/input/aether-oct5k-pilot/Masks/Masks_Manual/Grading_1/DME/DME (6).E2E/2- 25- 2017 9- 40- 56 PM/Image 2.png,DME,train,602eea30b2dae26acb83756bb4e0a5183b925128142a7c7c82e813c719c6cfdf,9bb625f7105c835fc4b305bb5e95b8933d549e935c3b5cbf31c0f7502c7ccc6c,c7e8e6bb7d5ac3bbb2f9dfbcdc381c12017991981f4b9a3dc8779c4778d395e7
AMD Part1/AMD (21).E2E/2- 25- 2017 5- 10- 29 PM/Image 43,/kaggle/input/aether-oct5k-pilot/Images/Images_Manual/AMD Part1/AMD (21).E2E/2- 25- 2017 5- 10- 29 PM/Image 43.png,/kaggle/input/aether-oct5k-pilot/Masks/Masks_Manual/Grading_1/AMD Part1/AMD (21).E2E/2- 25- 2017 5- 10- 29 PM/Image 43.png,AMD Part1,train,bae30e30e93d7dd187deae644d82cef21c87a6a37c2a357e3b16ed48b68adf1a,05607b5b9c8324cfc395fcd053787b9095b67d144b79ac675ebedfd9bd7ca267,53044cf587f621789742b97bf8a88373194300b160e52430de12023bacb5e198
DME/DME (17).E2E/2- 25- 2017 9- 55- 34 PM/Image 6,/kaggle/input/aether-oct5k-pilot/Images/Images_Manual/DME/DME (17).E2E/2- 25- 2017 9- 55- 34 PM/Image 6.png,/kaggle/input/aether-oct5k-pilot/Masks/Masks_Manual/Grading_1/DME/DME (17).E2E/2- 25- 2017 9- 55- 34 PM/Image 6.png,DME,train,c27568a0fa0c4834442dd3da600a00db3e25895e12a58f8cfce042bb639c9877,d726f8532fa1910d3847f580b0fc82ba6f9734eeb8f4543665f83d6548fedac4,526a09e05c376f1ccc79fd5cf385e0ab528220c681fd6593956ba86c4d5ee1c3
Normal Part1/Normal (27).E2E/2- 26- 2017 9- 46- 33 AM/Image 17,/kaggle/input/aether-oct5k-pilot/Images/Images_Manual/Normal Part1/Normal (27).E2E/2- 26- 2017 9- 46- 33 AM/Image 17.png,/kaggle/input/aether-oct5k-pilot/Masks/Masks_Manual/Grading_1/Normal Part1/Normal (27).E2E/2- 26- 2017 9- 46- 33 AM/Image 17.png,Normal Part1,train,d590505e352778756faf3d1193da955224c2f5043295f8123b7a0a7c5aeb5cd6,c1ae7065499230350c32fac0c7b014a24071278d2a96c7c02eae7dae3cc1e43e,dce8461252331be21e7aaa2bc605b4400b43d9129eeab5a1d3de4841766de3ea
DME/DME (22).E2E/2- 25- 2017 10- 03- 04 PM/Image 15,/kaggle/input/aether-oct5k-pilot/Images/Images_Manual/DME/DME (22).E2E/2- 25- 2017 10- 03- 04 PM/Image 15.png,/kaggle/input/aether-oct5k-pilot/Masks/Masks_Manual/Grading_1/DME/DME (22).E2E/2- 25- 2017 10- 03- 04 PM/Image 15.png,DME,train,7e19f4c09e1fc7beade0f4a8015232ebeb44635e40f1c5e2d37b2b0c9f337ddb,b49c79a1d93b9a53aeb4c4e17c70e415109a960433ba5f6a07e541b6e3051b7f,950cb475d67906f84cc6de197360c969a58998077160f9766ea041dd32e28e14
AMD Part1/AMD (8).E2E/2- 25- 2017 9- 21- 50 PM/Image 16,/kaggle/input/aether-oct5k-pilot/Images/Images_Manual/AMD Part1/AMD (8).E2E/2- 25- 2017 9- 21- 50 PM/Image 16.png,/kaggle/input/aether-oct5k-pilot/Masks/Masks_Manual/Grading_1/AMD Part1/AMD (8).E2E/2- 25- 2017 9- 21- 50 PM/Image 16.png,AMD Part1,train,d9409aa6e3e358d09a66a4690bacaac988b84aa03f3cd16f10e9a9d43bb9a33a,cca0fa533b6e57a04b70fe2ec7cf6ead2e051f0e30890ca33e01483ab93734d5,ef63cecc0e95d47543e0681d081156da6d8f9ea47ed49aefdf655c20fb4b747e
AMD Part1/AMD (24).E2E/2- 25- 2017 5- 17- 27 PM/Image 52,/kaggle/input/aether-oct5k-pilot/Images/Images_Manual/AMD Part1/AMD (24).E2E/2- 25- 2017 5- 17- 27 PM/Image 52.png,/kaggle/input/aether-oct5k-pilot/Masks/Masks_Manual/Grading_1/AMD Part1/AMD (24).E2E/2- 25- 2017 5- 17- 27 PM/Image 52.png,AMD Part1,train,73680fbe01b759b602b199f65d9570efb74574400dec7c0e0653555f21b7a91a,231e72a6be530e0eca7f2128f2c245ce7f756b8821995fc5cd486054f6b94468,0f8f90fbb45b205ec718ae553eae54dbdc09ffae148e635bd2b65a4b1fb8e462
DME/DME (9).E2E/2- 25- 2017 9- 45- 28 PM/Image 2,/kaggle/input/aether-oct5k-pilot/Images/Images_Manual/DME/DME (9).E2E/2- 25- 2017 9- 45- 28 PM/Image 2.png,/kaggle/input/aether-oct5k-pilot/Masks/Masks_Manual/Grading_1/DME/DME (9).E2E/2- 25- 2017 9- 45- 28 PM/Image 2.png,DME,train,d9cbe917dde391f154d1ea509ad02d436c55092058e6b66087922c80ba4dd7c9,c3a8f691816e477d6c8df973c3982c527b84d7e7da8e48fa9b82a2e0b946e4d3,d8f3aefbda92d796a78b69356ce6ecf6d04d6670e867cc0b587339b22bfeea94
AMD Part1/AMD (13).E2E/2- 25- 2017 4- 48- 43 PM/Image 23,/kaggle/input/aether-oct5k-pilot/Images/Images_Manual/AMD Part1/AMD (13).E2E/2- 25- 2017 4- 48- 43 PM/Image 23.png,/kaggle/input/aether-oct5k-pilot/Masks/Masks_Manual/Grading_1/AMD Part1/AMD (13).E2E/2- 25- 2017 4- 48- 43 PM/Image 23.png,AMD Part1,train,66359543929e48e701bd6b824ee8b086308c585d7b200d998e2bae72db86325e,7f8d8572dc3c53be2eca6294fb57ba4988de82fb98c2de647a7edc0619372075,f06f90a181a859710effffb13e4d6d9efed2dca835167f2284824daaec562206
AMD Part1/AMD (3).E2E/2- 25- 2017 9- 13- 55 PM/Image 31,/kaggle/input/aether-oct5k-pilot/Images/Images_Manual/AMD Part1/AMD (3).E2E/2- 25- 2017 9- 13- 55 PM/Image 31.png,/kaggle/input/aether-oct5k-pilot/Masks/Masks_Manual/Grading_1/AMD Part1/AMD (3).E2E/2- 25- 2017 9- 13- 55 PM/Image 31.png,AMD Part1,train,b9d668d516047f3736e6fd141b189b335566189c251a6eac78df0bbee6570ea3,44adcfbc8dc618ac69ee8d64bff3aee326a27afb5d9b57ecca017f83c189631e,9d510cd4d4c2cc3fbf5f5d6be17a9edfaa8e9e5e26fabf7f02dc07294c79b2f8
DME/DME (22).E2E/2- 25- 2017 10- 03- 04 PM/Image 6,/kaggle/input/aether-oct5k-pilot/Images/Images_Manual/DME/DME (22).E2E/2- 25- 2017 10- 03- 04 PM/Image 6.png,/kaggle/input/aether-oct5k-pilot/Masks/Masks_Manual/Grading_1/DME/DME (22).E2E/2- 25- 2017 10- 03- 04 PM/Image 6.png,DME,train,db773c1b5b308bf14be4851abdcc2180ee5802646a7e6920125d7c5a7fc31dc7,ec3c04be73ff5f305c7c9a4c23436aa5d1a37c9c961fabaa562ab5393ddada6d,fd29305cd337ff4c74f4fd5eb51187f3b136d79f4f48e47310babe1b15452ddc
DME/DME (29).E2E/2- 25- 2017 10- 15- 35 PM/Image 8,/kaggle/input/aether-oct5k-pilot/Images/Images_Manual/DME/DME (29).E2E/2- 25- 2017 10- 15- 35 PM/Image 8.png,/kaggle/input/aether-oct5k-pilot/Masks/Masks_Manual/Grading_1/DME/DME (29).E2E/2- 25- 2017 10- 15- 35 PM/Image 8.png,DME,train,d69671c2a8a474671671e11d701dc3e261c1a7696b0e387e327417f6c5b88e44,7640a0692e6d8a72cd0bc7de56398c99739aab4e2309a81e078fe8cae615300e,fa267907a906192b7f01cc04ba7a6673a6928545515b7de60b89785fde383e4f
AMD Part1/AMD (21).E2E/2- 25- 2017 5- 10- 29 PM/Image 57,/kaggle/input/aether-oct5k-pilot/Images/Images_Manual/AMD Part1/AMD (21).E2E/2- 25- 2017 5- 10- 29 PM/Image 57.png,/kaggle/input/aether-oct5k-pilot/Masks/Masks_Manual/Grading_1/AMD Part1/AMD (21).E2E/2- 25- 2017 5- 10- 29 PM/Image 57.png,AMD Part1,train,605658400aef596db5b5f2de09779fd7083a249143adc4452970c2be01f2d341,16642ee3166ffcf936bb4f0a5b6668667247d90b199106d2a15199998c609a17,dfbaa8a8b3fc56ba1c3c4dd08fcfcdc72c49cdc5c26d3bd29e3e5457adf915f6
Normal Part2/Normal (47).E2E/2- 26- 2017 10- 21- 43 AM/Image 34,/kaggle/input/aether-oct5k-pilot/Images/Images_Manual/Normal Part2/Normal (47).E2E/2- 26- 2017 10- 21- 43 AM/Image 34.png,/kaggle/input/aether-oct5k-pilot/Masks/Masks_Manual/Grading_1/Normal Part2/Normal (47).E2E/2- 26- 2017 10- 21- 43 AM/Image 34.png,Normal Part2,train,59401fc243cfd75ad0040deab452f06b86807bc5ee5fe7f2b29b9bc41de9e96e,2d5669291f062c67cb94e4f246618042ce852d95bc3b093fa3598fee053f883c,3033e76076fea9b4ee85d0b65b08beca0dee144fdd6e209c3bfbb87241c4607e
AMD Part1/AMD (22).E2E/2- 25- 2017 5- 11- 45 PM/Image 39,/kaggle/input/aether-oct5k-pilot/Images/Images_Manual/AMD Part1/AMD (22).E2E/2- 25- 2017 5- 11- 45 PM/Image 39.png,/kaggle/input/aether-oct5k-pilot/Masks/Masks_Manual/Grading_1/AMD Part1/AMD (22).E2E/2- 25- 2017 5- 11- 45 PM/Image 39.png,AMD Part1,train,c091daa1d6f315bb61c86d31aa9b155e0589de141bcdfc4ec7155a1049269b33,d4b852e54cbaffb0e7fe6a3227b40e9cf700abd9013cd3c11c092ef15ee2d78b,bd78fe35c7a1e4ccb3664fdfb7b7a70e0145e9dc0f0f7be94f031250285c0cda
AMD Part1/AMD (21).E2E/2- 25- 2017 5- 10- 29 PM/Image 31,/kaggle/input/aether-oct5k-pilot/Images/Images_Manual/AMD Part1/AMD (21).E2E/2- 25- 2017 5- 10- 29 PM/Image 31.png,/kaggle/input/aether-oct5k-pilot/Masks/Masks_Manual/Grading_1/AMD Part1/AMD (21).E2E/2- 25- 2017 5- 10- 29 PM/Image 31.png,AMD Part1,train,8c721fa781a32eb34d773b9033f39ee1b4cd8d3bf9ba9bf77d87b669e23de748,198d94121d6f95898265a2fa592af461d0e5bbd6f94ca71589c79674a1aa9019,c2dcc3f447be80a46274d1bbc783a9a4246f27950e0b148684aafa02b1ab1d43
DME/DME (9).E2E/2- 25- 2017 9- 45- 28 PM/Image 47,/kaggle/input/aether-oct5k-pilot/Images/Images_Manual/DME/DME (9).E2E/2- 25- 2017 9- 45- 28 PM/Image 47.png,/kaggle/input/aether-oct5k-pilot/Masks/Masks_Manual/Grading_1/DME/DME (9).E2E/2- 25- 2017 9- 45- 28 PM/Image 47.png,DME,train,36b81d8340fd1e5e563512aa2fc1ee8d4e4df5bcd1d27227613ca992f21a85b0,ef33191fb8da953e96cd2fe5c1a3cc15083e86f58da1d4dc3cb7497eda5ad0bd,6fe0ac7acdfdda3db59e950f7d9df24df924c583252ee741af37e90a619bdd0e
Normal Part1/Normal (13).E2E/2- 26- 2017 9- 25- 04 AM/Image 3,/kaggle/input/aether-oct5k-pilot/Images/Images_Manual/Normal Part1/Normal (13).E2E/2- 26- 2017 9- 25- 04 AM/Image 3.png,/kaggle/input/aether-oct5k-pilot/Masks/Masks_Manual/Grading_1/Normal Part1/Normal (13).E2E/2- 26- 2017 9- 25- 04 AM/Image 3.png,Normal Part1,train,1e2ba28179d2b55675c923f568cee3d5b1a1b6e5569a89b514dd094e2f5ffddf,6961c7681edab0d470ad5ccb30b276d74fd7f1e089765879822afde44d1c433a,ff42e95d587ba59e3a2004c064952d54f6929a5bab348f4489478c9ac6308b2b
Normal Part1/Normal (25).E2E/2- 26- 2017 9- 42- 47 AM/Image 22,/kaggle/input/aether-oct5k-pilot/Images/Images_Manual/Normal Part1/Normal (25).E2E/2- 26- 2017 9- 42- 47 AM/Image 22.png,/kaggle/input/aether-oct5k-pilot/Masks/Masks_Manual/Grading_1/Normal Part1/Normal (25).E2E/2- 26- 2017 9- 42- 47 AM/Image 22.png,Normal Part1,train,57e6743067e2bb5f76913b2d2433d34b4aa9d348949b21f19315fa3270653480,1f77284fcdf58977807bd684dc3a06db501e8e84433d4d5fe9e937752b744c6d,d4ce9ecbd18eef5897e3c47bad29c77a166154ced179bf168c59466655411005
Normal Part2/Normal (37).E2E/2- 26- 2017 10- 05- 11 AM/Image 17,/kaggle/input/aether-oct5k-pilot/Images/Images_Manual/Normal Part2/Normal (37).E2E/2- 26- 2017 10- 05- 11 AM/Image 17.png,/kaggle/input/aether-oct5k-pilot/Masks/Masks_Manual/Grading_1/Normal Part2/Normal (37).E2E/2- 26- 2017 10- 05- 11 AM/Image 17.png,Normal Part2,train,4b519999ff477399eac6a07637f6ac723900f5108ce3e9293ec766b540c6ed4a,f75085331c94af8bbe78c89652463ef806be24d5c41a699f858ccab74a0a096f,6367d89109931948018b2c821d98901425236215562bf6e78cb9497b3eb292b7
DME/DME (31).E2E/2- 25- 2017 10- 17- 51 PM/Image 12,/kaggle/input/aether-oct5k-pilot/Images/Images_Manual/DME/DME (31).E2E/2- 25- 2017 10- 17- 51 PM/Image 12.png,/kaggle/input/aether-oct5k-pilot/Masks/Masks_Manual/Grading_1/DME/DME (31).E2E/2- 25- 2017 10- 17- 51 PM/Image 12.png,DME,train,41c2cc31503267ad1c988997865d689a7d682ffe52a58b1f589c12c0adcd3df2,94af51f8034d89dddbd8adaeb441cf6166316a978c62583166759ddbccd71109,0f29a9079161900c75f312a4668a930db1b5836114a2a883191027b99f382ddd
Normal Part1/Normal (15).E2E/2- 26- 2017 9- 28- 04 AM/Image 2,/kaggle/input/aether-oct5k-pilot/Images/Images_Manual/Normal Part1/Normal (15).E2E/2- 26- 2017 9- 28- 04 AM/Image 2.png,/kaggle/input/aether-oct5k-pilot/Masks/Masks_Manual/Grading_1/Normal Part1/Normal (15).E2E/2- 26- 2017 9- 28- 04 AM/Image 2.png,Normal Part1,train,8e75134df2e38437836a457207a6e538f1a6fc1165ed65c3689c2e85f130a325,f90fac5b13e667676d1f496df2122f6a467a29dab61a9c81d879702c0a580f57,5c2f0319b6cfe2c2737f6413ea4efe65971ee8b33edb66bc9d630dd946248d0e
AMD Part1/AMD (24).E2E/2- 25- 2017 5- 17- 27 PM/Image 21,/kaggle/input/aether-oct5k-pilot/Images/Images_Manual/AMD Part1/AMD (24).E2E/2- 25- 2017 5- 17- 27 PM/Image 21.png,/kaggle/input/aether-oct5k-pilot/Masks/Masks_Manual/Grading_1/AMD Part1/AMD (24).E2E/2- 25- 2017 5- 17- 27 PM/Image 21.png,AMD Part1,train,b6d9f7b2751549dd646a7c07eb6108cefbf08b8e5dbb1cb4bfa575057b5f9369,70454c33386ba15ff8914c86f5829d75e521c30c6f86436d858e42290865c541,dcfbcb71f487842d63eab62baad31f5e7fdf3bdc697988b0ac54a3167e5ea4ae
AMD Part1/AMD (3).E2E/2- 25- 2017 9- 13- 55 PM/Image 57,/kaggle/input/aether-oct5k-pilot/Images/Images_Manual/AMD Part1/AMD (3).E2E/2- 25- 2017 9- 13- 55 PM/Image 57.png,/kaggle/input/aether-oct5k-pilot/Masks/Masks_Manual/Grading_1/AMD Part1/AMD (3).E2E/2- 25- 2017 9- 13- 55 PM/Image 57.png,AMD Part1,train,e9d7e0f29a398553290a9c4df04175e48846d1163ffdec9c736349a43b046ea4,8420507536ef4fc54cfe4d030a9c1db906c844b7c6647992ff499f1753e2215e,df43965e6d6b9846a5ce44b8eed0164295483453a5962434e1be5dda5d8fb957
AMD Part1/AMD (13).E2E/2- 25- 2017 4- 48- 43 PM/Image 41,/kaggle/input/aether-oct5k-pilot/Images/Images_Manual/AMD Part1/AMD (13).E2E/2- 25- 2017 4- 48- 43 PM/Image 41.png,/kaggle/input/aether-oct5k-pilot/Masks/Masks_Manual/Grading_1/AMD Part1/AMD (13).E2E/2- 25- 2017 4- 48- 43 PM/Image 41.png,AMD Part1,train,d59aba8ad2a28d8db3c95df1cb181e43f1e9f0edc404ac132deee639a33c24d4,acf7f182e07406105efc1a850e61a809e91b8a21dd5ca821ee90e4d6e62c5c6f,df010f60324fc0d13fa39380c7f7928e797ba1297de21a02ff0be7ccf15d50d1
Normal Part1/Normal (26).E2E/2- 26- 2017 9- 44- 13 AM/Image 9,/kaggle/input/aether-oct5k-pilot/Images/Images_Manual/Normal Part1/Normal (26).E2E/2- 26- 2017 9- 44- 13 AM/Image 9.png,/kaggle/input/aether-oct5k-pilot/Masks/Masks_Manual/Grading_1/Normal Part1/Normal (26).E2E/2- 26- 2017 9- 44- 13 AM/Image 9.png,Normal Part1,train,33c55fd1480c2650dee4e01384d6a2a80dc9206460ea1b21dc2c5fb1df07d658,c8e1b9eebe9efa26871d83b197f550138aba2afcdbc7b05ca869d6f6cbe08801,666fd030b386a5389a67de0fc216afab03e2c22c624495554ceeb132c9a93c96
AMD Part1/AMD (28).E2E/2- 25- 2017 8- 37- 13 PM/Image 8,/kaggle/input/aether-oct5k-pilot/Images/Images_Manual/AMD Part1/AMD (28).E2E/2- 25- 2017 8- 37- 13 PM/Image 8.png,/kaggle/input/aether-oct5k-pilot/Masks/Masks_Manual/Grading_1/AMD Part1/AMD (28).E2E/2- 25- 2017 8- 37- 13 PM/Image 8.png,AMD Part1,train,74c1880513c30641425996a4bbf80a8c16555d44f1c83bb485a986923d1a28a8,c943e95bd292fd1f076b9149905d6b5e79fe8fba10dbf8315795bcaf7eddadf5,6c8654541680e0552579ce982475bcbe55397c32fda241cdc458a5e37fd18009
DME/DME (37).E2E/2- 25- 2017 10- 26- 30 PM/Image 10,/kaggle/input/aether-oct5k-pilot/Images/Images_Manual/DME/DME (37).E2E/2- 25- 2017 10- 26- 30 PM/Image 10.png,/kaggle/input/aether-oct5k-pilot/Masks/Masks_Manual/Grading_1/DME/DME (37).E2E/2- 25- 2017 10- 26- 30 PM/Image 10.png,DME,train,852c49e41e389bd4e359cddcf61c02a5224a609aae44174c8d847def9b3cb8ae,c2c6e42b692c9870bb3406d8ab03f18f7e2cdeeac9bc5d0e47aaee3c5ac3b92e,ad81979b4dee3ebc7e3302b01fced0b68f5f089f0839a8f04ecdfcc23582d49d
DME/DME (11).E2E/2- 25- 2017 9- 47- 31 PM/Image 7,/kaggle/input/aether-oct5k-pilot/Images/Images_Manual/DME/DME (11).E2E/2- 25- 2017 9- 47- 31 PM/Image 7.png,/kaggle/input/aether-oct5k-pilot/Masks/Masks_Manual/Grading_1/DME/DME (11).E2E/2- 25- 2017 9- 47- 31 PM/Image 7.png,DME,train,d8bb5d03a726a3dfaac3c6d40672df7250b65654e12db4778c7b962ce5e00df8,9f0ec13f20b4e03ab8955fbe96b5ddae57231a1689870fddcfd9066be3f90017,3a67b2cc63971f122657513d2fa15428b9fd9c11ab2c7afe9f159160053d6715
DME/DME (33).E2E/2- 25- 2017 10- 21- 00 PM/Image 10,/kaggle/input/aether-oct5k-pilot/Images/Images_Manual/DME/DME (33).E2E/2- 25- 2017 10- 21- 00 PM/Image 10.png,/kaggle/input/aether-oct5k-pilot/Masks/Masks_Manual/Grading_1/DME/DME (33).E2E/2- 25- 2017 10- 21- 00 PM/Image 10.png,DME,train,687bddd41657d1bdae0b13318fa3700461cfc7de32e6e977a7914a4a20410eec,9daf876210b9e85bce0fb75a4982af305bedd00f003227957b9aaf2460fae7d0,c15006dfd9a67040a8ee6eea3db9e82852a28cdd685b29927a0c7201ef05f72b
AMD Part1/AMD (21).E2E/2- 25- 2017 5- 10- 29 PM/Image 47,/kaggle/input/aether-oct5k-pilot/Images/Images_Manual/AMD Part1/AMD (21).E2E/2- 25- 2017 5- 10- 29 PM/Image 47.png,/kaggle/input/aether-oct5k-pilot/Masks/Masks_Manual/Grading_1/AMD Part1/AMD (21).E2E/2- 25- 2017 5- 10- 29 PM/Image 47.png,AMD Part1,train,72e33189ea86ec71af55331319cadb732c2b52f9beaf4ce63f7fee49d4f08c0f,dd148e72c512f9fa770fca5105ce349b2dc20fd9890d9d70165003a26532b608,fd71b2707d7bce040917ff7e12a81d5efde62386097808a7b373babe8764363c
AMD Part2/AMD (40).E2E/2- 25- 2017 9- 08- 13 PM/Image 14,/kaggle/input/aether-oct5k-pilot/Images/Images_Manual/AMD Part2/AMD (40).E2E/2- 25- 2017 9- 08- 13 PM/Image 14.png,/kaggle/input/aether-oct5k-pilot/Masks/Masks_Manual/Grading_1/AMD Part2/AMD (40).E2E/2- 25- 2017 9- 08- 13 PM/Image 14.png,AMD Part2,train,c9f0e5ba3b7c8749dc90012e6639c14b1854f554c3f10b2fc91265808f39570d,eb9e537e263bfcbe8193b5e1ebcfbacaba0c014b9f9037b48af3402f0f3be0b5,cfaedc9f3994e928a4d9ffb9fb6145fd0569bb78e77722c5b3ffb144a6a66d1a
DME/DME (28).E2E/2- 25- 2017 10- 12- 57 PM/Image 14,/kaggle/input/aether-oct5k-pilot/Images/Images_Manual/DME/DME (28).E2E/2- 25- 2017 10- 12- 57 PM/Image 14.png,/kaggle/input/aether-oct5k-pilot/Masks/Masks_Manual/Grading_1/DME/DME (28).E2E/2- 25- 2017 10- 12- 57 PM/Image 14.png,DME,train,6f33f96361c2fab7cf1dd05859f72248f321490ba3c9d1243fd1e113cb6475d8,7b311b0a5a6d928c3c4d6352d219593ab229f6e3654abf590bf3128341f86348,ff43e469ebcd091e18b856effe8fc4f560b581b915e682dc693ae8b828a4f26a
DME/DME (21).E2E/2- 25- 2017 10- 01- 34 PM/Image 1,/kaggle/input/aether-oct5k-pilot/Images/Images_Manual/DME/DME (21).E2E/2- 25- 2017 10- 01- 34 PM/Image 1.png,/kaggle/input/aether-oct5k-pilot/Masks/Masks_Manual/Grading_1/DME/DME (21).E2E/2- 25- 2017 10- 01- 34 PM/Image 1.png,DME,train,5dbabf171a104895304ffaf7e63018207dd5153f2630613340de3e826bafd76c,0eb6d95de3c7dfa3542fb45dcf10e59e61caf441bdf29c7dfdcd9d6036942916,35034037d31b7ef51436ab0d9fbf732dfbfb828bd15051445fc40fd360c416a0
Normal Part1/Normal (9).E2E/2- 26- 2017 9- 15- 48 AM/Image 12,/kaggle/input/aether-oct5k-pilot/Images/Images_Manual/Normal Part1/Normal (9).E2E/2- 26- 2017 9- 15- 48 AM/Image 12.png,/kaggle/input/aether-oct5k-pilot/Masks/Masks_Manual/Grading_1/Normal Part1/Normal (9).E2E/2- 26- 2017 9- 15- 48 AM/Image 12.png,Normal Part1,train,45bcc976c9bc0bb6e7b9c8ba14e8013d4f0ff878a0ba30a46b4c36a5f81a409c,2d359b309331021c69a7f485cf38c27d1c96899b51c604b2c5eca54a05fa03b0,c634f621460d72339a53057cfe10a3e253762bc58f57a7de34389bd2e6606c2b
AMD Part1/AMD (2).E2E/2- 25- 2017 9- 12- 39 PM/Image 8,/kaggle/input/aether-oct5k-pilot/Images/Images_Manual/AMD Part1/AMD (2).E2E/2- 25- 2017 9- 12- 39 PM/Image 8.png,/kaggle/input/aether-oct5k-pilot/Masks/Masks_Manual/Grading_1/AMD Part1/AMD (2).E2E/2- 25- 2017 9- 12- 39 PM/Image 8.png,AMD Part1,train,1769e308b2795d104706484b657b07a744f348eb1c6838382078681225c8b253,ef542be29d8dbcf04069f4edf057cca4b6a7e933fff8c02ca90f055764626d8b,3f8c61ecd24f574376ffc0b2a7f332298c2f52ff6b100765ee624542788899b1
Normal Part2/Normal (36).E2E/2- 26- 2017 10- 04- 18 AM/Image 12,/kaggle/input/aether-oct5k-pilot/Images/Images_Manual/Normal Part2/Normal (36).E2E/2- 26- 2017 10- 04- 18 AM/Image 12.png,/kaggle/input/aether-oct5k-pilot/Masks/Masks_Manual/Grading_1/Normal Part2/Normal (36).E2E/2- 26- 2017 10- 04- 18 AM/Image 12.png,Normal Part2,train,bdb41bd17484a275bb789c0a3939d33d5266cc6d1ea13c593b6eaa743a609a70,92c71f3c705e256afa718d32f327f53adee4f8f5288a1328ae907310a236582a,a46a6b175b83908f8a7324eb8595f316aeaf29ee1cf537d919ea44f66021891d
Normal Part2/Normal (47).E2E/2- 26- 2017 10- 21- 43 AM/Image 56,/kaggle/input/aether-oct5k-pilot/Images/Images_Manual/Normal Part2/Normal (47).E2E/2- 26- 2017 10- 21- 43 AM/Image 56.png,/kaggle/input/aether-oct5k-pilot/Masks/Masks_Manual/Grading_1/Normal Part2/Normal (47).E2E/2- 26- 2017 10- 21- 43 AM/Image 56.png,Normal Part2,train,acc093a620e2df97f091f989a9e15286fdb839ca4ac18888cd58cac5804ebe74,9ecf83101ea4d7d06e72a612234d14c9f153326c318f56a6552650eaaa10adef,29ac845a5eec0cbb941b9e50e3c2e9185624d341a291c0d6df79bf9b152a56b4
AMD Part1/AMD (21).E2E/2- 25- 2017 5- 10- 29 PM/Image 14,/kaggle/input/aether-oct5k-pilot/Images/Images_Manual/AMD Part1/AMD (21).E2E/2- 25- 2017 5- 10- 29 PM/Image 14.png,/kaggle/input/aether-oct5k-pilot/Masks/Masks_Manual/Grading_1/AMD Part1/AMD (21).E2E/2- 25- 2017 5- 10- 29 PM/Image 14.png,AMD Part1,train,ff1ac7ac4b7fe044fa24be03e00744dbd26b7549f653b15ccdcaaf769928f262,22e982a35177fa90765d8a3de89b53accacdee8009ad9b59c215b743e51bf176,92ca689ceb498dea1a50184f82fee22178dcc12ba296d32c446a8cef4d2e77ff
AMD Part1/AMD (9).E2E/2- 25- 2017 9- 25- 22 PM/Image 13,/kaggle/input/aether-oct5k-pilot/Images/Images_Manual/AMD Part1/AMD (9).E2E/2- 25- 2017 9- 25- 22 PM/Image 13.png,/kaggle/input/aether-oct5k-pilot/Masks/Masks_Manual/Grading_1/AMD Part1/AMD (9).E2E/2- 25- 2017 9- 25- 22 PM/Image 13.png,AMD Part1,train,d4711bb8b95a71fbda4d105969ab7524d08ced856bffae1fb3669bd2aadfbcbf,16a1767ab8d59141003f2d2c70b1ed522f726e9f6462783b1c963a999d8e6d05,58cc471ceac00729f3a86b5d621027f37934edef9737ffbd6c99b4af7a4a5316
DME/DME (4).E2E/2- 25- 2017 9- 38- 17 PM/Image 3,/kaggle/input/aether-oct5k-pilot/Images/Images_Manual/DME/DME (4).E2E/2- 25- 2017 9- 38- 17 PM/Image 3.png,/kaggle/input/aether-oct5k-pilot/Masks/Masks_Manual/Grading_1/DME/DME (4).E2E/2- 25- 2017 9- 38- 17 PM/Image 3.png,DME,train,86f5f7304b845553afbb6cbfbfaf5e2f63ea823f37bb6e1f2c3aad4247ba5c86,ed248f7ddf4a10d3b1867233e5ba6293db9f82597364dfd9538283290895b473,0d9cffdb7e0a649fb0d84e36c01def368dffc78d19274d2db03dee32ed107158
AMD Part1/AMD (3).E2E/2- 25- 2017 9- 13- 55 PM/Image 51,/kaggle/input/aether-oct5k-pilot/Images/Images_Manual/AMD Part1/AMD (3).E2E/2- 25- 2017 9- 13- 55 PM/Image 51.png,/kaggle/input/aether-oct5k-pilot/Masks/Masks_Manual/Grading_1/AMD Part1/AMD (3).E2E/2- 25- 2017 9- 13- 55 PM/Image 51.png,AMD Part1,train,173be227d1d91ae5b70fa59495b4d06607f6791ec158bcb3b564ad85249743dd,91d7266813d4a15d44e6687c7971b2ece0ba9753e88c14de37314fbdf7cd1654,9b5c05489dff223b4f40749e371fe5c9d54a39ebc25cc1813a87f85edb2606ec
AMD Part1/AMD (23).E2E/2- 25- 2017 5- 14- 57 PM/Image 28,/kaggle/input/aether-oct5k-pilot/Images/Images_Manual/AMD Part1/AMD (23).E2E/2- 25- 2017 5- 14- 57 PM/Image 28.png,/kaggle/input/aether-oct5k-pilot/Masks/Masks_Manual/Grading_1/AMD Part1/AMD (23).E2E/2- 25- 2017 5- 14- 57 PM/Image 28.png,AMD Part1,train,ff9c9e00b1e30eedf4f9b17d7e9c92c83736cded5c77faa9325edfea884ee834,5743770c37981e7caec5c46bdb292a583f23e2297a0c6ccef291eef02773feea,0be962faf3b018b1eee389d5d1ede9d01f12b2f61e2234e4069fccf3b7203ea6
AMD Part2/AMD (40).E2E/2- 25- 2017 9- 08- 13 PM/Image 9,/kaggle/input/aether-oct5k-pilot/Images/Images_Manual/AMD Part2/AMD (40).E2E/2- 25- 2017 9- 08- 13 PM/Image 9.png,/kaggle/input/aether-oct5k-pilot/Masks/Masks_Manual/Grading_1/AMD Part2/AMD (40).E2E/2- 25- 2017 9- 08- 13 PM/Image 9.png,AMD Part2,train,c0ac1c2858ebf1f20de26dd27c9e67c13efe93cdc9f3c6aa0bf94ddeb1515c91,e20e3d4b277fe0a1dd15651b01554240fed14c14993af82f49b44f4d8bf91916,bbd9a3bddcde57056338fa309c39898b557775773bf3568c3a37cde478ea9543
AMD Part1/AMD (1).E2E/2- 25- 2017 9- 10- 42 PM/Image 14,/kaggle/input/aether-oct5k-pilot/Images/Images_Manual/AMD Part1/AMD (1).E2E/2- 25- 2017 9- 10- 42 PM/Image 14.png,/kaggle/input/aether-oct5k-pilot/Masks/Masks_Manual/Grading_1/AMD Part1/AMD (1).E2E/2- 25- 2017 9- 10- 42 PM/Image 14.png,AMD Part1,train,d2b2a6e1be3d47d40578fafc171936983d4e48acc43b014ce8ef4b173b012873,9a27eb6808a47e6a1936d72f8d127d4088cd56c89e98cabac459c5d96f3dcd20,5afc33bd633df0e709eecf3bd2f0670069c686f5d2b691526b02f9c183a77486
AMD Part1/AMD (22).E2E/2- 25- 2017 5- 11- 45 PM/Image 50,/kaggle/input/aether-oct5k-pilot/Images/Images_Manual/AMD Part1/AMD (22).E2E/2- 25- 2017 5- 11- 45 PM/Image 50.png,/kaggle/input/aether-oct5k-pilot/Masks/Masks_Manual/Grading_1/AMD Part1/AMD (22).E2E/2- 25- 2017 5- 11- 45 PM/Image 50.png,AMD Part1,train,93ea4ae206d14e3948765f8a992c29a9c2895eb1324a586144bdbd7d2b040c86,7643d860f309c0f57f8e283e5b081187f279c1576e8c760aa945be1f5e33fdcf,445f709fe6ec18b74357b8b642e2ba7a9b29eeba9c12fd3eceb2a330a7b56f0e
Normal Part1/Normal (7).E2E/2- 26- 2017 9- 14- 12 AM/Image 15,/kaggle/input/aether-oct5k-pilot/Images/Images_Manual/Normal Part1/Normal (7).E2E/2- 26- 2017 9- 14- 12 AM/Image 15.png,/kaggle/input/aether-oct5k-pilot/Masks/Masks_Manual/Grading_1/Normal Part1/Normal (7).E2E/2- 26- 2017 9- 14- 12 AM/Image 15.png,Normal Part1,train,96d6cde06b82c7281a12f2dbe8ff403305241990c93da688117be0c0e78b82a7,7f759941e308862ecefaf586965343c22e1129f8698229db4090c3af7f53a9a3,6a8a9c4d5ec76954d1d76883ed660e48341812d97ce79c3031d18ed0d5db68f8
AMD Part1/AMD (13).E2E/2- 25- 2017 4- 48- 43 PM/Image 12,/kaggle/input/aether-oct5k-pilot/Images/Images_Manual/AMD Part1/AMD (13).E2E/2- 25- 2017 4- 48- 43 PM/Image 12.png,/kaggle/input/aether-oct5k-pilot/Masks/Masks_Manual/Grading_1/AMD Part1/AMD (13).E2E/2- 25- 2017 4- 48- 43 PM/Image 12.png,AMD Part1,train,e05d33ac85a81af9906e2b14026f065eba7034cb8eaa4c0c23161984e20b2a1e,282d359e7cad95da62d50e9f17825445c3553eb40c0f7324902582da0169ffe0,ec2b545bc16b6bc596b117fd625c12a4af505038f58cec03a13b0b987b39190d
AMD Part1/AMD (13).E2E/2- 25- 2017 4- 48- 43 PM/Image 37,/kaggle/input/aether-oct5k-pilot/Images/Images_Manual/AMD Part1/AMD (13).E2E/2- 25- 2017 4- 48- 43 PM/Image 37.png,/kaggle/input/aether-oct5k-pilot/Masks/Masks_Manual/Grading_1/AMD Part1/AMD (13).E2E/2- 25- 2017 4- 48- 43 PM/Image 37.png,AMD Part1,train,fbc123ae3773dc73a442f30aa1e29ee6760c3a8f96c612146de616f4693fff58,d04e4572338c92740a2be0beed48cbf55201791014568d8190df4ac8fc9e9af4,eabf4a2fe89dc775043916713656caf15985a8fd08daf18ed3effb52c1e62ac2
DME/DME (31).E2E/2- 25- 2017 10- 17- 51 PM/Image 3,/kaggle/input/aether-oct5k-pilot/Images/Images_Manual/DME/DME (31).E2E/2- 25- 2017 10- 17- 51 PM/Image 3.png,/kaggle/input/aether-oct5k-pilot/Masks/Masks_Manual/Grading_1/DME/DME (31).E2E/2- 25- 2017 10- 17- 51 PM/Image 3.png,DME,train,af596080d252dd40cb85d2d1d69ea97c02a64374861cf3fc6afc8e38e0ef8bdd,a1316467252ad3419a0a87381522b4c9863992584bd943f3f4c47a86623ef2bb,895f0bb945eab2dc3aab62b1d8578fd9b0389756c60f7213dc18df8dfcef9b43
DME/DME (37).E2E/2- 25- 2017 10- 26- 30 PM/Image 12,/kaggle/input/aether-oct5k-pilot/Images/Images_Manual/DME/DME (37).E2E/2- 25- 2017 10- 26- 30 PM/Image 12.png,/kaggle/input/aether-oct5k-pilot/Masks/Masks_Manual/Grading_1/DME/DME (37).E2E/2- 25- 2017 10- 26- 30 PM/Image 12.png,DME,train,f7f045aaecc243814af959d305b87079a9cda77093780b7b4d4ce752e369f65a,9cc1d0bf2ec108dbe71ec05b1b3b9c0032b8addb5b775268b9d9e2a5fb429754,7f37f433186076dffa992995dc95be31181f2cf511f38f99fdf092c7d02a7c59
Normal Part1/Normal (7).E2E/2- 26- 2017 9- 14- 12 AM/Image 13,/kaggle/input/aether-oct5k-pilot/Images/Images_Manual/Normal Part1/Normal (7).E2E/2- 26- 2017 9- 14- 12 AM/Image 13.png,/kaggle/input/aether-oct5k-pilot/Masks/Masks_Manual/Grading_1/Normal Part1/Normal (7).E2E/2- 26- 2017 9- 14- 12 AM/Image 13.png,Normal Part1,train,6424eea684e91a00ebf465451b9fff8b30e73af46e1cf64fd91282ac18482694,9dbdfccbba18cb98c5ede9da3441aa00329e81c78416908236c3980f5a859c97,4f99b5dc47f03b0853acc777f099976e11ed6852f6105d719c032dca4de53015
DME/DME (6).E2E/2- 25- 2017 9- 40- 56 PM/Image 16,/kaggle/input/aether-oct5k-pilot/Images/Images_Manual/DME/DME (6).E2E/2- 25- 2017 9- 40- 56 PM/Image 16.png,/kaggle/input/aether-oct5k-pilot/Masks/Masks_Manual/Grading_1/DME/DME (6).E2E/2- 25- 2017 9- 40- 56 PM/Image 16.png,DME,train,d3360dc2b100ff5f60a9d42f362bd93703097833b91d029d00dc5aab2b11ba41,1c35eb311b80862bf08482eb1a9b21f5b8755640e5fede4ce648a554886ffee7,048c86cad4f9707961734503fac0bb3588b5c6592cd324962ae6b4eb3acee812
AMD Part1/AMD (22).E2E/2- 25- 2017 5- 11- 45 PM/Image 54,/kaggle/input/aether-oct5k-pilot/Images/Images_Manual/AMD Part1/AMD (22).E2E/2- 25- 2017 5- 11- 45 PM/Image 54.png,/kaggle/input/aether-oct5k-pilot/Masks/Masks_Manual/Grading_1/AMD Part1/AMD (22).E2E/2- 25- 2017 5- 11- 45 PM/Image 54.png,AMD Part1,train,f5d35f25253f248cdd2cb8bf8be8c04ce114a5f72078dd7ce6d2db1dc10544f5,06fae0f229e6afd644fa4110a9163fe18c1abc6c6255113f06b31431782dede2,f355552932dac5f36617f0f9a78661c3eed0de64e34db14b9e32a5944981040f
DME/DME (14).E2E/2- 25- 2017 9- 51- 49 PM/Image 3,/kaggle/input/aether-oct5k-pilot/Images/Images_Manual/DME/DME (14).E2E/2- 25- 2017 9- 51- 49 PM/Image 3.png,/kaggle/input/aether-oct5k-pilot/Masks/Masks_Manual/Grading_1/DME/DME (14).E2E/2- 25- 2017 9- 51- 49 PM/Image 3.png,DME,train,acec90e6c7895d2d36e23b6dc2ebcb9cb6d18b733f1f4a2982d724ae320cfb61,e12d5f28ec26ac09bc2b9f62a7e72bed42b75923606969e28b4d3d48943493a1,b85af1ba69f38ceb5af99d615fbf2dd02d78e460d636d69d504e1e3c2f361028
Normal Part2/Normal (35).E2E/2- 26- 2017 10- 03- 02 AM/Image 7,/kaggle/input/aether-oct5k-pilot/Images/Images_Manual/Normal Part2/Normal (35).E2E/2- 26- 2017 10- 03- 02 AM/Image 7.png,/kaggle/input/aether-oct5k-pilot/Masks/Masks_Manual/Grading_1/Normal Part2/Normal (35).E2E/2- 26- 2017 10- 03- 02 AM/Image 7.png,Normal Part2,train,a2a3dbaf0e53825ec863d932049b5cb3653f6c0162a08b0a02464a4cbeb09d78,394c92bc1e9462e0a180f148983cfc3947957bfd5a8d55af20870c952d5af545,127d3eec0a385720cadb9554ada14f5d0152c1bde11134ea5e92e2b118b742be
Normal Part1/Normal (27).E2E/2- 26- 2017 9- 46- 33 AM/Image 9,/kaggle/input/aether-oct5k-pilot/Images/Images_Manual/Normal Part1/Normal (27).E2E/2- 26- 2017 9- 46- 33 AM/Image 9.png,/kaggle/input/aether-oct5k-pilot/Masks/Masks_Manual/Grading_1/Normal Part1/Normal (27).E2E/2- 26- 2017 9- 46- 33 AM/Image 9.png,Normal Part1,train,593a127a2cb1823b7e9ae869f75136cd6cdce6ff5d22a7b7e3653822a229400f,7b0bedd7deec06e605add3c8fa14d1479016c761c3db231628e6a9701a93e993,0cb09673825dde4b596ffdbf5f1166ec9dae18cf87292dee1db920689fbbd293
AMD Part1/AMD (35).E2E/2- 25- 2017 9- 00- 52 PM/Image 4,/kaggle/input/aether-oct5k-pilot/Images/Images_Manual/AMD Part1/AMD (35).E2E/2- 25- 2017 9- 00- 52 PM/Image 4.png,/kaggle/input/aether-oct5k-pilot/Masks/Masks_Manual/Grading_1/AMD Part1/AMD (35).E2E/2- 25- 2017 9- 00- 52 PM/Image 4.png,AMD Part1,train,d25433e86220f11c5bc677eb4dcefc606258336cc498d24d2453bc78b01ace42,785f166c92a9a187f0a638528a653e66e392f1a7244756fa9d7fd427538f2396,7d80c802e22871e3a88b87ed944a01c1c8598691e4df0c974c4b2dde64a80bb1
AMD Part1/AMD (27).E2E/2- 25- 2017 8- 35- 28 PM/Image 17,/kaggle/input/aether-oct5k-pilot/Images/Images_Manual/AMD Part1/AMD (27).E2E/2- 25- 2017 8- 35- 28 PM/Image 17.png,/kaggle/input/aether-oct5k-pilot/Masks/Masks_Manual/Grading_1/AMD Part1/AMD (27).E2E/2- 25- 2017 8- 35- 28 PM/Image 17.png,AMD Part1,train,f5630293ce1e77d978954be996a5ea1ee2d7724ab22b8693bf4b0579b95c5cc3,2f085629b0061efe9e31108db3b4a1a25e9e48b27358e569ad8035c3f1e3cb98,9050fce8e6378e743cb3abf56eaec907fd1c39dcefa298447ae087d8f1cc417e
Normal Part2/Normal (35).E2E/2- 26- 2017 10- 03- 02 AM/Image 12,/kaggle/input/aether-oct5k-pilot/Images/Images_Manual/Normal Part2/Normal (35).E2E/2- 26- 2017 10- 03- 02 AM/Image 12.png,/kaggle/input/aether-oct5k-pilot/Masks/Masks_Manual/Grading_1/Normal Part2/Normal (35).E2E/2- 26- 2017 10- 03- 02 AM/Image 12.png,Normal Part2,train,8ab67db4acb47c4168e67960ff0c8573d5d78bec1f486254ca4429eeaee85083,97da9e2e44ee19f21f9dcfa232f458580f75c324575c75fa41e96a704f18737a,abefbe4de5cd97c280524c38091779bb806bc3e9377eb398cdecfdba61e7dd64
AMD Part1/AMD (35).E2E/2- 25- 2017 9- 00- 52 PM/Image 6,/kaggle/input/aether-oct5k-pilot/Images/Images_Manual/AMD Part1/AMD (35).E2E/2- 25- 2017 9- 00- 52 PM/Image 6.png,/kaggle/input/aether-oct5k-pilot/Masks/Masks_Manual/Grading_1/AMD Part1/AMD (35).E2E/2- 25- 2017 9- 00- 52 PM/Image 6.png,AMD Part1,train,2f70f5ae112d249d926bf5e9d29967fc549415e69cfe5cc6fc976e02876cc078,71c1c1533b316664f8784de641fdcfc69d8bdbe4440bd8ba74f7b93c129137ff,4514f7451120244b45012b59015ef27a11dd80921dcf90f189a3cad71c85c1b1
Normal Part1/Normal (6).E2E/2- 26- 2017 9- 12- 11 AM/Image 4,/kaggle/input/aether-oct5k-pilot/Images/Images_Manual/Normal Part1/Normal (6).E2E/2- 26- 2017 9- 12- 11 AM/Image 4.png,/kaggle/input/aether-oct5k-pilot/Masks/Masks_Manual/Grading_1/Normal Part1/Normal (6).E2E/2- 26- 2017 9- 12- 11 AM/Image 4.png,Normal Part1,train,7d6e05387da6503fe98a06dc44dd1c2a3b004d1f02859dd78cb08e6f10aabd05,5ea968b2a18297da48028700eb7e0c899b94fee4832a6ece600a528aafb7b242,766ced54b43edde6390d9a63e032bc57aef10667817bb00e1ff8df67acc486a7
AMD Part1/AMD (26).E2E/2- 25- 2017 5- 23- 01 PM/Image 41,/kaggle/input/aether-oct5k-pilot/Images/Images_Manual/AMD Part1/AMD (26).E2E/2- 25- 2017 5- 23- 01 PM/Image 41.png,/kaggle/input/aether-oct5k-pilot/Masks/Masks_Manual/Grading_1/AMD Part1/AMD (26).E2E/2- 25- 2017 5- 23- 01 PM/Image 41.png,AMD Part1,train,1875d27b92def733563601fd9c36d0dce046c05eae699fb58dc5bec9624e4eba,a3c5054f9be0e535580e0158df04f45d8e0059780103fdc952a32eb5c47edbcb,bf390865fbbf2176bbd9c33bf3085bf54cfd3c8698f5382793665709fd65e3b7
Normal Part1/Normal (10).E2E/2- 26- 2017 9- 18- 14 AM/Image 1,/kaggle/input/aether-oct5k-pilot/Images/Images_Manual/Normal Part1/Normal (10).E2E/2- 26- 2017 9- 18- 14 AM/Image 1.png,/kaggle/input/aether-oct5k-pilot/Masks/Masks_Manual/Grading_1/Normal Part1/Normal (10).E2E/2- 26- 2017 9- 18- 14 AM/Image 1.png,Normal Part1,train,76fd1b733aa13b513ebf3f04925c163ebeb7a84a1499cd9f2619eac6731127ad,90420cc5f9cfc62eacf0d5140d40709cbbf2e66fce74e0e7c0735ca6bc03e1ba,0af5e9fbad696b86145bd38ea57aaff7e14f315b6bf89a795be2c0328fd78135
DME/DME (17).E2E/2- 25- 2017 9- 55- 34 PM/Image 17,/kaggle/input/aether-oct5k-pilot/Images/Images_Manual/DME/DME (17).E2E/2- 25- 2017 9- 55- 34 PM/Image 17.png,/kaggle/input/aether-oct5k-pilot/Masks/Masks_Manual/Grading_1/DME/DME (17).E2E/2- 25- 2017 9- 55- 34 PM/Image 17.png,DME,train,7ac24bfe817fff7a768ad3321f61f8f5d360f9d470c2a69887cb878df957d282,56eda9c8ebcdcdd59a80562096ddc830ef298282d19afd027c8455e414a28f6f,acaf85ae8543691dd986ab8362ec2a04ed035c8542e2aebe7c24a64f00db8ac1
Normal Part2/Normal (49).E2E/2- 26- 2017 10- 23- 58 AM/Image 14,/kaggle/input/aether-oct5k-pilot/Images/Images_Manual/Normal Part2/Normal (49).E2E/2- 26- 2017 10- 23- 58 AM/Image 14.png,/kaggle/input/aether-oct5k-pilot/Masks/Masks_Manual/Grading_1/Normal Part2/Normal (49).E2E/2- 26- 2017 10- 23- 58 AM/Image 14.png,Normal Part2,train,e52d0c941f7a7751e7b4b24ada441bfd5ff01911d0e507e61d2dd75aa70a605a,57746edddb9211f11af06fb5d593224d066053f1534d3eb23637a93024f48269,2216cbe1afe3e03fc0faf014b994a0f8b3f1c8779c25311344511a923802bd4f
AMD Part1/AMD (21).E2E/2- 25- 2017 5- 10- 29 PM/Image 32,/kaggle/input/aether-oct5k-pilot/Images/Images_Manual/AMD Part1/AMD (21).E2E/2- 25- 2017 5- 10- 29 PM/Image 32.png,/kaggle/input/aether-oct5k-pilot/Masks/Masks_Manual/Grading_1/AMD Part1/AMD (21).E2E/2- 25- 2017 5- 10- 29 PM/Image 32.png,AMD Part1,train,a34580d59e8279b9fbadd19e084c0362718d001e26449632f21c0e473308570e,8a331bda9f2d42e4a4e5852e6661f7a0a89e05ca58fdc7df17103a09a5505f1a,3ff53e6115db86b31416768d7be682155710412b5c7511d1737062497a507d27
DME/DME (9).E2E/2- 25- 2017 9- 45- 28 PM/Image 18,/kaggle/input/aether-oct5k-pilot/Images/Images_Manual/DME/DME (9).E2E/2- 25- 2017 9- 45- 28 PM/Image 18.png,/kaggle/input/aether-oct5k-pilot/Masks/Masks_Manual/Grading_1/DME/DME (9).E2E/2- 25- 2017 9- 45- 28 PM/Image 18.png,DME,train,8d422a95c45498926edffef1c91ba9636c616d4e26daa4e5bc44462b5c498410,f76396193796f07712c1a0270c0c8a1f61a66f2dcd2ec99480b89c9d63c02b93,053472830ef162906686484012a80b5318ac51d5c35f424b1ca701dc88159f06
AMD Part1/AMD (23).E2E/2- 25- 2017 5- 14- 57 PM/Image 59,/kaggle/input/aether-oct5k-pilot/Images/Images_Manual/AMD Part1/AMD (23).E2E/2- 25- 2017 5- 14- 57 PM/Image 59.png,/kaggle/input/aether-oct5k-pilot/Masks/Masks_Manual/Grading_1/AMD Part1/AMD (23).E2E/2- 25- 2017 5- 14- 57 PM/Image 59.png,AMD Part1,train,d6a1e25a9e753a4df069626429d15368b31726b806108b815bc7a31a73114e66,8a67afb5ee9e8a6e75b45bed33d3aa3c1e8d982caf046a650b04249301dc8756,ec81e407b041b574510b19ca010281ae2ee603653a519cbe96aa49e0fc12e410
Normal Part2/Normal (37).E2E/2- 26- 2017 10- 05- 11 AM/Image 1,/kaggle/input/aether-oct5k-pilot/Images/Images_Manual/Normal Part2/Normal (37).E2E/2- 26- 2017 10- 05- 11 AM/Image 1.png,/kaggle/input/aether-oct5k-pilot/Masks/Masks_Manual/Grading_1/Normal Part2/Normal (37).E2E/2- 26- 2017 10- 05- 11 AM/Image 1.png,Normal Part2,train,717b305d6632987095fcfb062c2d89d53075b26abbc7560dd2c9795616d36deb,e264b1e03a7545475232e02c006b6891b1fbd8bd49880c277a74f5103097c6ff,5ebb41d9e251736452af540e9010e2ebe944ce6253cb2f04d4b562c1d047374c
AMD Part1/AMD (3).E2E/2- 25- 2017 9- 13- 55 PM/Image 20,/kaggle/input/aether-oct5k-pilot/Images/Images_Manual/AMD Part1/AMD (3).E2E/2- 25- 2017 9- 13- 55 PM/Image 20.png,/kaggle/input/aether-oct5k-pilot/Masks/Masks_Manual/Grading_1/AMD Part1/AMD (3).E2E/2- 25- 2017 9- 13- 55 PM/Image 20.png,AMD Part1,train,f528668b77b6bd134d6f3aaa27ec550126d50660b39788bb569164458a8e978a,b9c5c23b67639b1df626f0670346c396c34a6ce0fc15ecd399bbf0725425ac9d,f79a9fe4461ce75679e46a25730a02a401be7b6e690d8d3fc8eccb394fde1952
Normal Part1/Normal (27).E2E/2- 26- 2017 9- 46- 33 AM/Image 19,/kaggle/input/aether-oct5k-pilot/Images/Images_Manual/Normal Part1/Normal (27).E2E/2- 26- 2017 9- 46- 33 AM/Image 19.png,/kaggle/input/aether-oct5k-pilot/Masks/Masks_Manual/Grading_1/Normal Part1/Normal (27).E2E/2- 26- 2017 9- 46- 33 AM/Image 19.png,Normal Part1,train,0d31635629620afc87ae9f0716159579c8adb7f385502dda7be73b5684d77e02,0169bc2b90af072663bca42edb36237c6ff2bd361f501fd75f4a9ba096e4c21d,7f8428c378a53932f64e95ab29a525b1c9e4be553066451e49a2a0f53e33b554
Normal Part1/Normal (6).E2E/2- 26- 2017 9- 12- 11 AM/Image 5,/kaggle/input/aether-oct5k-pilot/Images/Images_Manual/Normal Part1/Normal (6).E2E/2- 26- 2017 9- 12- 11 AM/Image 5.png,/kaggle/input/aether-oct5k-pilot/Masks/Masks_Manual/Grading_1/Normal Part1/Normal (6).E2E/2- 26- 2017 9- 12- 11 AM/Image 5.png,Normal Part1,train,a2e26533ccc85565792abce663ea871f6f9f2f3a29a52abb0bae4478e6a048c9,268998c094aabb4c937c9be6e8feeb306ecab80721572a479da7ccac42073f3e,228db2b95c4f5f538d4c9ef0f291696c08c53f0c065cb8601af82fa4758fda81
AMD Part1/AMD (13).E2E/2- 25- 2017 4- 48- 43 PM/Image 5,/kaggle/input/aether-oct5k-pilot/Images/Images_Manual/AMD Part1/AMD (13).E2E/2- 25- 2017 4- 48- 43 PM/Image 5.png,/kaggle/input/aether-oct5k-pilot/Masks/Masks_Manual/Grading_1/AMD Part1/AMD (13).E2E/2- 25- 2017 4- 48- 43 PM/Image 5.png,AMD Part1,train,2570764c97d0901e56de83894b8ec429d22e6a7e95ad5e6794caee8fbac29d51,92a61194b68895675786dfa2755e86ed6a94ee6e1fa41001585551cb63ffc655,30f0f2fdafbc366716578dd53485c55011abd91450d5306624bb416f72a30f73
AMD Part1/AMD (13).E2E/2- 25- 2017 4- 48- 43 PM/Image 20,/kaggle/input/aether-oct5k-pilot/Images/Images_Manual/AMD Part1/AMD (13).E2E/2- 25- 2017 4- 48- 43 PM/Image 20.png,/kaggle/input/aether-oct5k-pilot/Masks/Masks_Manual/Grading_1/AMD Part1/AMD (13).E2E/2- 25- 2017 4- 48- 43 PM/Image 20.png,AMD Part1,train,be8d60c2a6f0743fbaa58c13787856090f6457f2841411ba51db82da25caf61a,ec59e264ab08c9d27b8dba9f512405275dd24c25bfa8fa06fb286e8023a8c589,c032c9c576d4d30021e648ad7df12c9fba4c60dfee2bd7edcbd0fc0b5cc8057a
Normal Part2/Normal (37).E2E/2- 26- 2017 10- 05- 11 AM/Image 11,/kaggle/input/aether-oct5k-pilot/Images/Images_Manual/Normal Part2/Normal (37).E2E/2- 26- 2017 10- 05- 11 AM/Image 11.png,/kaggle/input/aether-oct5k-pilot/Masks/Masks_Manual/Grading_1/Normal Part2/Normal (37).E2E/2- 26- 2017 10- 05- 11 AM/Image 11.png,Normal Part2,train,f02f6097ed85f8e93b5d191219f1ccbc782e4565b61064b6653d2205fc12ecd7,bf9915e4f414ca2d44746f6f16ae7dfd5380c43149a6e9542ed14f2d0ba63692,c72f0e1b4139b75900931e76205147e5850f5602fe1721ae2fbc55489f97c3dd
Normal Part1/Normal (9).E2E/2- 26- 2017 9- 15- 48 AM/Image 11,/kaggle/input/aether-oct5k-pilot/Images/Images_Manual/Normal Part1/Normal (9).E2E/2- 26- 2017 9- 15- 48 AM/Image 11.png,/kaggle/input/aether-oct5k-pilot/Masks/Masks_Manual/Grading_1/Normal Part1/Normal (9).E2E/2- 26- 2017 9- 15- 48 AM/Image 11.png,Normal Part1,train,4ab7103da17bc8cdc3cecef2a1fd71d2992d10d6247e2e628e9bfff24de73208,912de204c293995b21ab7270f831641ef33323e6ef97c04ed8873aad1b948562,19a6d4e03ad143289dfe1cc7871c738af998e79ce1c179413e4f10763170a403
Normal Part2/Normal (37).E2E/2- 26- 2017 10- 05- 11 AM/Image 3,/kaggle/input/aether-oct5k-pilot/Images/Images_Manual/Normal Part2/Normal (37).E2E/2- 26- 2017 10- 05- 11 AM/Image 3.png,/kaggle/input/aether-oct5k-pilot/Masks/Masks_Manual/Grading_1/Normal Part2/Normal (37).E2E/2- 26- 2017 10- 05- 11 AM/Image 3.png,Normal Part2,train,0352ee453df13f9cea49cc7da51d1e878d6407b2e758245e26b390d88991d4c6,a5141d6f964cb33bc84ed4375e60c272e5f0b70f9c80e8788d64f9480ef6f932,8237c6da1967b5df9f56219f93428c459848dc62148806d57436232f10100b5f
Normal Part2/Normal (38).E2E/2- 26- 2017 10- 06- 02 AM/Image 21,/kaggle/input/aether-oct5k-pilot/Images/Images_Manual/Normal Part2/Normal (38).E2E/2- 26- 2017 10- 06- 02 AM/Image 21.png,/kaggle/input/aether-oct5k-pilot/Masks/Masks_Manual/Grading_1/Normal Part2/Normal (38).E2E/2- 26- 2017 10- 06- 02 AM/Image 21.png,Normal Part2,train,285fdf92f99c0bf959e656883582429e3bfe9cc51ea592e919da20dc12daf7ab,0c5add4045cb6a96a08ce470975424ae7dd870811253b776d050c8b724367473,d3484ce098963dfa49371bf5eec3e2a3afc2059f5f5d2221f4d6a68894469139
AMD Part1/AMD (22).E2E/2- 25- 2017 5- 11- 45 PM/Image 49,/kaggle/input/aether-oct5k-pilot/Images/Images_Manual/AMD Part1/AMD (22).E2E/2- 25- 2017 5- 11- 45 PM/Image 49.png,/kaggle/input/aether-oct5k-pilot/Masks/Masks_Manual/Grading_1/AMD Part1/AMD (22).E2E/2- 25- 2017 5- 11- 45 PM/Image 49.png,AMD Part1,train,831529e927774687f6f047c4950d2a764d5942f705e5994e97f3379a2fd77183,b62aee693839cfffab8441755510c5340feb0788bb34d58c7e4ff255e1f09360,f01497cc620236b96ad8239ce30dc0d030b393cf0662a92ac89577c493d8c06a
AMD Part1/AMD (28).E2E/2- 25- 2017 8- 37- 13 PM/Image 12,/kaggle/input/aether-oct5k-pilot/Images/Images_Manual/AMD Part1/AMD (28).E2E/2- 25- 2017 8- 37- 13 PM/Image 12.png,/kaggle/input/aether-oct5k-pilot/Masks/Masks_Manual/Grading_1/AMD Part1/AMD (28).E2E/2- 25- 2017 8- 37- 13 PM/Image 12.png,AMD Part1,train,e7e21569db019a2807eda2423485bf5e42fc40bef172a6a8d303949d1c1c2a4e,b5edf60486e0ca1f4d791a3137811e4b4d038d051680fcbfec52bf6893532fc6,4695c5c9d890954c8372053a95bc9d28c1014abda090475b866800d96b3e2985
DME/DME (17).E2E/2- 25- 2017 9- 55- 34 PM/Image 13,/kaggle/input/aether-oct5k-pilot/Images/Images_Manual/DME/DME (17).E2E/2- 25- 2017 9- 55- 34 PM/Image 13.png,/kaggle/input/aether-oct5k-pilot/Masks/Masks_Manual/Grading_1/DME/DME (17).E2E/2- 25- 2017 9- 55- 34 PM/Image 13.png,DME,train,2aa556b2c6670d9267521816f2de6d86b2208b8e31ebffb7c650228784d59b24,53620f70de41fd174f9a859963a3a3f4f10bd765f41d5c0323e4d74858c5894c,17cbf21e056ec0a0f5fb5a10d9d6baccde76a470cf6271abd25d24bccc584c91
DME/DME (7).E2E/2- 25- 2017 9- 42- 34 PM/Image 4,/kaggle/input/aether-oct5k-pilot/Images/Images_Manual/DME/DME (7).E2E/2- 25- 2017 9- 42- 34 PM/Image 4.png,/kaggle/input/aether-oct5k-pilot/Masks/Masks_Manual/Grading_1/DME/DME (7).E2E/2- 25- 2017 9- 42- 34 PM/Image 4.png,DME,train,b769180821ec592ceb0d9bc32a73a310d60f15afc578fd5cc6b1b9e068006d7e,c5d8339e09410f8f1825ac72030a11b501e053139c3d8f8a6253750387f5eb13,3d95f37515812dde26ebf8d95598eef3cff2e7081155b634da701b83bc551476
Normal Part1/Normal (12).E2E/2- 26- 2017 9- 23- 28 AM/Image 21,/kaggle/input/aether-oct5k-pilot/Images/Images_Manual/Normal Part1/Normal (12).E2E/2- 26- 2017 9- 23- 28 AM/Image 21.png,/kaggle/input/aether-oct5k-pilot/Masks/Masks_Manual/Grading_1/Normal Part1/Normal (12).E2E/2- 26- 2017 9- 23- 28 AM/Image 21.png,Normal Part1,train,71ea20530dea58b427b7dbc41b62842f8dd3864fff8b94b6d398feb5c3552941,f7691f7d85f0b354af7c4f69d1e54a01498deb6fae1f9a184fc8c511e77e5e69,731529603824743da248d14a0f8edd209f71af8d1158b3af2f0aaf6179d9bbb3
AMD Part1/AMD (23).E2E/2- 25- 2017 5- 14- 57 PM/Image 41,/kaggle/input/aether-oct5k-pilot/Images/Images_Manual/AMD Part1/AMD (23).E2E/2- 25- 2017 5- 14- 57 PM/Image 41.png,/kaggle/input/aether-oct5k-pilot/Masks/Masks_Manual/Grading_1/AMD Part1/AMD (23).E2E/2- 25- 2017 5- 14- 57 PM/Image 41.png,AMD Part1,train,4362899288ce687f41f30b3d567fab7e2ad03a6d6f39f040de60a576dddced6c,9afc24f2399cea463c0ee1e3dfc362eb3fcda1f03a535a339b81ce942a659d4d,ec33901598100c9f33da048f1fb2b17bd3ee36aee60ddffb6339fd782a42455f
Normal Part1/Normal (12).E2E/2- 26- 2017 9- 23- 28 AM/Image 1,/kaggle/input/aether-oct5k-pilot/Images/Images_Manual/Normal Part1/Normal (12).E2E/2- 26- 2017 9- 23- 28 AM/Image 1.png,/kaggle/input/aether-oct5k-pilot/Masks/Masks_Manual/Grading_1/Normal Part1/Normal (12).E2E/2- 26- 2017 9- 23- 28 AM/Image 1.png,Normal Part1,train,fa39f8a5cb8e6c61da880c36c814a9d160b60542aa5160ba9155157f7924903c,01376f6b1d99b9f0ffd640d034a2f0a2235bae9c5fd42b4bec73640e57404966,2d0fe915af6194c106dc56d1c4be0b6c9e1f01a79e9bcdb883df5b8281b48de5
AMD Part1/AMD (2).E2E/2- 25- 2017 9- 12- 39 PM/Image 13,/kaggle/input/aether-oct5k-pilot/Images/Images_Manual/AMD Part1/AMD (2).E2E/2- 25- 2017 9- 12- 39 PM/Image 13.png,/kaggle/input/aether-oct5k-pilot/Masks/Masks_Manual/Grading_1/AMD Part1/AMD (2).E2E/2- 25- 2017 9- 12- 39 PM/Image 13.png,AMD Part1,train,4eba6ef682f18eda582f16c7a3e4705738057899c8354cb2f9c760b50190217f,9770a630c712a30d8f951d635b79ec16f77d8de944cbb77064f2c2db48d30071,dfa867586d92d40dbc823e1c88f6054053897934cc03831def304be09468b297
DME/DME (21).E2E/2- 25- 2017 10- 01- 34 PM/Image 9,/kaggle/input/aether-oct5k-pilot/Images/Images_Manual/DME/DME (21).E2E/2- 25- 2017 10- 01- 34 PM/Image 9.png,/kaggle/input/aether-oct5k-pilot/Masks/Masks_Manual/Grading_1/DME/DME (21).E2E/2- 25- 2017 10- 01- 34 PM/Image 9.png,DME,train,863ac675f3f1dc6b8b3ce32d7b4d7438627ea4a3ea1ba9d25ae3c7803f9240fb,35d83899d0afc78dd0709f153dd99e54314fa7c740e49b75b75fe1ad3987efc5,c8498784bf2df7a2d6a109e608d7bf2ab6c1723bc8d2f98b413afe7b1cb70e99
AMD Part1/AMD (3).E2E/2- 25- 2017 9- 13- 55 PM/Image 24,/kaggle/input/aether-oct5k-pilot/Images/Images_Manual/AMD Part1/AMD (3).E2E/2- 25- 2017 9- 13- 55 PM/Image 24.png,/kaggle/input/aether-oct5k-pilot/Masks/Masks_Manual/Grading_1/AMD Part1/AMD (3).E2E/2- 25- 2017 9- 13- 55 PM/Image 24.png,AMD Part1,train,4f38ed48b41cfc102e7e304beb585bc51c345743348db77a9738eda8cd035e57,8b959d3fde833158236f931a64acf5dba2d79a8ba43f730c9cfb74ace1285aa3,e14aff2c259de251417bf6eb032d1e88198892f301471025da03e45b6349a190
AMD Part1/AMD (1).E2E/2- 25- 2017 9- 10- 42 PM/Image 15,/kaggle/input/aether-oct5k-pilot/Images/Images_Manual/AMD Part1/AMD (1).E2E/2- 25- 2017 9- 10- 42 PM/Image 15.png,/kaggle/input/aether-oct5k-pilot/Masks/Masks_Manual/Grading_1/AMD Part1/AMD (1).E2E/2- 25- 2017 9- 10- 42 PM/Image 15.png,AMD Part1,train,7307c575cf9174fc266886bdcbce19191cf459d908b0023e7a4b11243545bd5d,149f8861ad261463050f12181c293c9b5ccd25e8855d84c969fe073fd410240c,f76f34f5f989e959acbcc386351776b78b56d956ca56225aa388dda12c08d4b3
Normal Part2/Normal (49).E2E/2- 26- 2017 10- 23- 58 AM/Image 27,/kaggle/input/aether-oct5k-pilot/Images/Images_Manual/Normal Part2/Normal (49).E2E/2- 26- 2017 10- 23- 58 AM/Image 27.png,/kaggle/input/aether-oct5k-pilot/Masks/Masks_Manual/Grading_1/Normal Part2/Normal (49).E2E/2- 26- 2017 10- 23- 58 AM/Image 27.png,Normal Part2,train,00efac47123375c4adeaa86eabb89a9a5f727f9e53c262e395ddbdcbab527be7,41317ce21718e3afa6c55e75f80c091b33f04ca4a73d81e5b3cc66fd31cced3a,771c852c9c5ef2d0193601341dc7bb530fabd42913e7b8ef470c6766a24fcac6
Normal Part2/Normal (49).E2E/2- 26- 2017 10- 23- 58 AM/Image 5,/kaggle/input/aether-oct5k-pilot/Images/Images_Manual/Normal Part2/Normal (49).E2E/2- 26- 2017 10- 23- 58 AM/Image 5.png,/kaggle/input/aether-oct5k-pilot/Masks/Masks_Manual/Grading_1/Normal Part2/Normal (49).E2E/2- 26- 2017 10- 23- 58 AM/Image 5.png,Normal Part2,train,1ee18413079653d41660ac80a9f7bbe3e9155cd033035ee1d1b942042af3c48b,acd3d168d281315133f9c6e3f1ba4c05b2d0783709425730d6d83dcebfe60006,093345cc50b993909b0a911808fa0365bf575a97c9b9800eb2ba42dd45bcf825
DME/DME (4).E2E/2- 25- 2017 9- 38- 17 PM/Image 6,/kaggle/input/aether-oct5k-pilot/Images/Images_Manual/DME/DME (4).E2E/2- 25- 2017 9- 38- 17 PM/Image 6.png,/kaggle/input/aether-oct5k-pilot/Masks/Masks_Manual/Grading_1/DME/DME (4).E2E/2- 25- 2017 9- 38- 17 PM/Image 6.png,DME,train,b2d0b0671056e07f3a805cb81497ca1bed4c40625ffae696be14d63c4f5390ad,12ca6d405c89c7dd32113d577c5d534e60c5494a13abd069bad89df8bea748c6,50b14e93fd37d45283fd1f59141fa15e85d2e0e25479a573a8fabda74bb514d6
DME/DME (9).E2E/2- 25- 2017 9- 45- 28 PM/Image 26,/kaggle/input/aether-oct5k-pilot/Images/Images_Manual/DME/DME (9).E2E/2- 25- 2017 9- 45- 28 PM/Image 26.png,/kaggle/input/aether-oct5k-pilot/Masks/Masks_Manual/Grading_1/DME/DME (9).E2E/2- 25- 2017 9- 45- 28 PM/Image 26.png,DME,train,f998e9cb90d4b0059a930302e4d1f719a4bc12f6f3391485db4166df7c22de2e,52be49adfb0e7a1e0a0db4df605fb945b0fcbdc7cffb0858f928ebc5c7bd868a,6e9c6dd393b18cce56317a23c42508605586b7cabd51695b663ad979614cfa50
AMD Part1/AMD (13).E2E/2- 25- 2017 4- 48- 43 PM/Image 21,/kaggle/input/aether-oct5k-pilot/Images/Images_Manual/AMD Part1/AMD (13).E2E/2- 25- 2017 4- 48- 43 PM/Image 21.png,/kaggle/input/aether-oct5k-pilot/Masks/Masks_Manual/Grading_1/AMD Part1/AMD (13).E2E/2- 25- 2017 4- 48- 43 PM/Image 21.png,AMD Part1,train,544f9836d28f1a6d3d43e738a1598c40c5140da07190b935fc08a7e326df1ebe,6f53df940105cafcd314b777dcd0b45bb8e565dcdea422516478771d3fd84e0a,5889eb9bd4676b3374324c07960c64a941f7a09daa6dca798289d38891368639
Normal Part1/Normal (26).E2E/2- 26- 2017 9- 44- 13 AM/Image 3,/kaggle/input/aether-oct5k-pilot/Images/Images_Manual/Normal Part1/Normal (26).E2E/2- 26- 2017 9- 44- 13 AM/Image 3.png,/kaggle/input/aether-oct5k-pilot/Masks/Masks_Manual/Grading_1/Normal Part1/Normal (26).E2E/2- 26- 2017 9- 44- 13 AM/Image 3.png,Normal Part1,train,ebcb20355aef4896b6744ee00aff516da0eb2e67a6ed0b260a39e05fde4465d9,ec1fe315c9d1d58ec89cf59d206782d78683d880e3ef83924506fa1c0e41422e,69320cfa3b76f90e058748cb4791c8bb50d4f97fb97b0717d489bbd75e65cc21
AMD Part1/AMD (34).E2E/2- 25- 2017 8- 59- 29 PM/Image 13,/kaggle/input/aether-oct5k-pilot/Images/Images_Manual/AMD Part1/AMD (34).E2E/2- 25- 2017 8- 59- 29 PM/Image 13.png,/kaggle/input/aether-oct5k-pilot/Masks/Masks_Manual/Grading_1/AMD Part1/AMD (34).E2E/2- 25- 2017 8- 59- 29 PM/Image 13.png,AMD Part1,train,0de4bc12d0b843f48e5fa46f0e14349af90bfd32a88d2c5da2beda4bd0df39a4,5f65d70b1756243f1bea23f3fa84b13243e81d50d75bb6b32a56204611519ebe,b3b78a46a9b412541efba00e5147878526804a7e7606c73d7a6d200251138279
DME/DME (6).E2E/2- 25- 2017 9- 40- 56 PM/Image 4,/kaggle/input/aether-oct5k-pilot/Images/Images_Manual/DME/DME (6).E2E/2- 25- 2017 9- 40- 56 PM/Image 4.png,/kaggle/input/aether-oct5k-pilot/Masks/Masks_Manual/Grading_1/DME/DME (6).E2E/2- 25- 2017 9- 40- 56 PM/Image 4.png,DME,train,a4c23714bbadb4d03707c353273766530f17c3f376116df8edd34b6611afd120,7ce0149801da11ffa119a00b82cd8d90aa352410b9025fce4a0842aad73cafe9,ec67154bbbbaf70b80ced201abd2339c7bee2138a5cdbda0c27f4e6d08ef9ae6
DME/DME (31).E2E/2- 25- 2017 10- 17- 51 PM/Image 6,/kaggle/input/aether-oct5k-pilot/Images/Images_Manual/DME/DME (31).E2E/2- 25- 2017 10- 17- 51 PM/Image 6.png,/kaggle/input/aether-oct5k-pilot/Masks/Masks_Manual/Grading_1/DME/DME (31).E2E/2- 25- 2017 10- 17- 51 PM/Image 6.png,DME,train,6117a3b774f499bcbcd5bfc08d00df9b6f2c549b734b269a294102f6d1f7f5b0,7ec3019383126209c420695fae358328a620bb623683bf9d10b10e41887ad9cd,272510fdeb7c98d0bc317c621cbb235d8c396abaaded940bf1de290989dfbb71
DME/DME (9).E2E/2- 25- 2017 9- 45- 28 PM/Image 16,/kaggle/input/aether-oct5k-pilot/Images/Images_Manual/DME/DME (9).E2E/2- 25- 2017 9- 45- 28 PM/Image 16.png,/kaggle/input/aether-oct5k-pilot/Masks/Masks_Manual/Grading_1/DME/DME (9).E2E/2- 25- 2017 9- 45- 28 PM/Image 16.png,DME,train,20be2d64a0e8c42b1d5e4b14a4b0dc953a1a57d6311f9118d41e820b8429b383,505b8fc585fb4276b84916a658636ed9057c38f621706808ecdae3739cfe9b68,64144d16525991ecbd2a06d525ff7c659ab1d301f8da60808dc12cb7c635906b
AMD Part1/AMD (28).E2E/2- 25- 2017 8- 37- 13 PM/Image 14,/kaggle/input/aether-oct5k-pilot/Images/Images_Manual/AMD Part1/AMD (28).E2E/2- 25- 2017 8- 37- 13 PM/Image 14.png,/kaggle/input/aether-oct5k-pilot/Masks/Masks_Manual/Grading_1/AMD Part1/AMD (28).E2E/2- 25- 2017 8- 37- 13 PM/Image 14.png,AMD Part1,train,4b82e7e58b13449700b60f56f7dba23a62c54942f2f61ba1bc5ad62b2b11e232,2fe8bf1bab1b59ade8a4024b71055335b7cce2f5c18a0af81afc4c339529052b,5757c800282839ba8f9a7988b665ecd6ebb203b21b3ff24b2397648d63fc6789
Normal Part2/Normal (47).E2E/2- 26- 2017 10- 21- 43 AM/Image 48,/kaggle/input/aether-oct5k-pilot/Images/Images_Manual/Normal Part2/Normal (47).E2E/2- 26- 2017 10- 21- 43 AM/Image 48.png,/kaggle/input/aether-oct5k-pilot/Masks/Masks_Manual/Grading_1/Normal Part2/Normal (47).E2E/2- 26- 2017 10- 21- 43 AM/Image 48.png,Normal Part2,train,afa00c0267d9dcc597700161d37254e3d540febcdc2a6d6d33a73fefe3d19625,e69ad41db135c522d44ab1d6a454fcb7231202a10d8631cce82cb4b9c5668cad,d81c7b8de16e47340d16ef8bd3f63753d7a248044ac2ab9efef4b42fbef722af
AMD Part1/AMD (24).E2E/2- 25- 2017 5- 17- 27 PM/Image 35,/kaggle/input/aether-oct5k-pilot/Images/Images_Manual/AMD Part1/AMD (24).E2E/2- 25- 2017 5- 17- 27 PM/Image 35.png,/kaggle/input/aether-oct5k-pilot/Masks/Masks_Manual/Grading_1/AMD Part1/AMD (24).E2E/2- 25- 2017 5- 17- 27 PM/Image 35.png,AMD Part1,train,50883f6d6863fccdd9bf6c7bf72947ec9794d86b66ef9b6662e8d482ef88183d,8a5f592d7863fbbe4fd24b6734881c68a439bbece31938a400f92e71054acbec,85b1984f193cfca9810701650f5612f8e53ada14b8a64b46008e6283d2f23d2b
Normal Part2/Normal (36).E2E/2- 26- 2017 10- 04- 18 AM/Image 19,/kaggle/input/aether-oct5k-pilot/Images/Images_Manual/Normal Part2/Normal (36).E2E/2- 26- 2017 10- 04- 18 AM/Image 19.png,/kaggle/input/aether-oct5k-pilot/Masks/Masks_Manual/Grading_1/Normal Part2/Normal (36).E2E/2- 26- 2017 10- 04- 18 AM/Image 19.png,Normal Part2,train,db988036892cc6763a2eb5340293548bf6845f1dd57d9c7494b70c6b023b6931,5dd97de88db0055f56202b6ab644e75d646069f36a52f4599a7fb4060b17dd17,1234e77e8de4d174a16c3b5b9d74512eb85b5092f2c05b35b08b112d6a54babc
AMD Part1/AMD (31).E2E/2- 25- 2017 8- 43- 15 PM/Image 9,/kaggle/input/aether-oct5k-pilot/Images/Images_Manual/AMD Part1/AMD (31).E2E/2- 25- 2017 8- 43- 15 PM/Image 9.png,/kaggle/input/aether-oct5k-pilot/Masks/Masks_Manual/Grading_1/AMD Part1/AMD (31).E2E/2- 25- 2017 8- 43- 15 PM/Image 9.png,AMD Part1,train,543e7ea9021372f57d6d1279241c557cbb07e0bec4990169f181775089a0b88a,9a2ff2960c213fbc94aee11cfd872a12a8011b13c8409490de1e8c95ad949903,8f1d42f26d9807f078098b078927f8eefb34ee7ef02dfbe0754da8d2a0063993
Normal Part1/Normal (14).E2E/2- 26- 2017 9- 26- 02 AM/Image 8,/kaggle/input/aether-oct5k-pilot/Images/Images_Manual/Normal Part1/Normal (14).E2E/2- 26- 2017 9- 26- 02 AM/Image 8.png,/kaggle/input/aether-oct5k-pilot/Masks/Masks_Manual/Grading_1/Normal Part1/Normal (14).E2E/2- 26- 2017 9- 26- 02 AM/Image 8.png,Normal Part1,train,d07a2c446e8578b06b6e25188f2483d3d61be98121204ce0e25c2578aa82a382,61f64f4c04e1dd65cf7671d9e4dd9b9613b0fa0b12b4459731d01cd73ff91f9d,7b433e422693a65fb3a0005e1e37268e6ff028c066fb368575967dc9fda8bb68
AMD Part1/AMD (27).E2E/2- 25- 2017 8- 35- 28 PM/Image 8,/kaggle/input/aether-oct5k-pilot/Images/Images_Manual/AMD Part1/AMD (27).E2E/2- 25- 2017 8- 35- 28 PM/Image 8.png,/kaggle/input/aether-oct5k-pilot/Masks/Masks_Manual/Grading_1/AMD Part1/AMD (27).E2E/2- 25- 2017 8- 35- 28 PM/Image 8.png,AMD Part1,train,d6af7e8a6e47388ec3b6ccc9a74facbf2b617fe89d80d3c5733930330ef0ef76,0a4f17e14bc4b4ed866c7742198b2ee98701d4f7e36871a4e6c5843aea5932a1,87e4b3edd878ffe63cd7790ea82a184401d15755f4d31299204fe880cc097959
AMD Part1/AMD (35).E2E/2- 25- 2017 9- 00- 52 PM/Image 15,/kaggle/input/aether-oct5k-pilot/Images/Images_Manual/AMD Part1/AMD (35).E2E/2- 25- 2017 9- 00- 52 PM/Image 15.png,/kaggle/input/aether-oct5k-pilot/Masks/Masks_Manual/Grading_1/AMD Part1/AMD (35).E2E/2- 25- 2017 9- 00- 52 PM/Image 15.png,AMD Part1,train,10babbb8177a47be9cc2960485d29cc3e701c5b64d67a4fc115537947e839086,3565104406f08142fdc92235ac5775181422bf2c840f1afbeb75a439cc8ad320,70622303f0a3cfc40722b171fb9c0afdcf98a3a02236004192f9d4b94b6ce68e
DME/DME (17).E2E/2- 25- 2017 9- 55- 34 PM/Image 4,/kaggle/input/aether-oct5k-pilot/Images/Images_Manual/DME/DME (17).E2E/2- 25- 2017 9- 55- 34 PM/Image 4.png,/kaggle/input/aether-oct5k-pilot/Masks/Masks_Manual/Grading_1/DME/DME (17).E2E/2- 25- 2017 9- 55- 34 PM/Image 4.png,DME,train,0de66cb406e91cc78b705c40f6776a06842b0809e7ce10094c2dd723d81aac1a,61c2736b6e54358d6b28214910b274be709a2c5337e8ae0fd1f3395921b3b627,70513bbf1029da77147a0ca4c9daa77a6082f7e4479012dc1404f924ae9ff124
AMD Part1/AMD (23).E2E/2- 25- 2017 5- 14- 57 PM/Image 5,/kaggle/input/aether-oct5k-pilot/Images/Images_Manual/AMD Part1/AMD (23).E2E/2- 25- 2017 5- 14- 57 PM/Image 5.png,/kaggle/input/aether-oct5k-pilot/Masks/Masks_Manual/Grading_1/AMD Part1/AMD (23).E2E/2- 25- 2017 5- 14- 57 PM/Image 5.png,AMD Part1,train,1f9d4e1aa0a16da794d080289cc5fbe4a6115ea138afa50746ef07d3b99564a7,0d2a507aef5e9abef0889e67f4374e8b57011ee41d2f597788e81aa73294eab1,7bbcbf034c0554b2f6ecbfe944b93ce59fc6f7d04d849f0f9830a747f6076520
AMD Part1/AMD (10).E2E/2- 25- 2017 9- 27- 53 PM/Image 20,/kaggle/input/aether-oct5k-pilot/Images/Images_Manual/AMD Part1/AMD (10).E2E/2- 25- 2017 9- 27- 53 PM/Image 20.png,/kaggle/input/aether-oct5k-pilot/Masks/Masks_Manual/Grading_1/AMD Part1/AMD (10).E2E/2- 25- 2017 9- 27- 53 PM/Image 20.png,AMD Part1,train,c065d465f24fd20e50062e0f094a67ac94735db2e78f514a0f2359f02e492b55,bc8084e7c7e4130491de3909187f1ef375044ecf236a0c63828f0ac6ba7f71ea,cf6025aed05ec9ece980360b655dd4f8be44240a9daebb4211f95e23c6448ab4
AMD Part1/AMD (9).E2E/2- 25- 2017 9- 25- 22 PM/Image 10,/kaggle/input/aether-oct5k-pilot/Images/Images_Manual/AMD Part1/AMD (9).E2E/2- 25- 2017 9- 25- 22 PM/Image 10.png,/kaggle/input/aether-oct5k-pilot/Masks/Masks_Manual/Grading_1/AMD Part1/AMD (9).E2E/2- 25- 2017 9- 25- 22 PM/Image 10.png,AMD Part1,train,ca3f81fc6f7627d80922a499181c17e313ab0d2cab8a8c35c603443d2d81b94a,a9373b6de5cd673675fcc0f6d76cb91b41ed96bd4f28679069984e5280e78f5c,02d01b610dfff9f83655d15c61a620d02e2e34c15e4bfe3e9f4375d8e3decf34
DME/DME (33).E2E/2- 25- 2017 10- 21- 00 PM/Image 9,/kaggle/input/aether-oct5k-pilot/Images/Images_Manual/DME/DME (33).E2E/2- 25- 2017 10- 21- 00 PM/Image 9.png,/kaggle/input/aether-oct5k-pilot/Masks/Masks_Manual/Grading_1/DME/DME (33).E2E/2- 25- 2017 10- 21- 00 PM/Image 9.png,DME,train,a14a83ab0c1f3ebf8ff728603aec47cca9cadf5bfd344956c1ef85fd58eca15c,3f8f433c394626418c97112492eca4d1e5f59d1fe81167c800e4f4b9bb2165e3,79ad19ab5bbd82bd3dee8e0b25a3aa0c29e5a2e2422e4c3a56d674fce14b1fc5
DME/DME (37).E2E/2- 25- 2017 10- 26- 30 PM/Image 13,/kaggle/input/aether-oct5k-pilot/Images/Images_Manual/DME/DME (37).E2E/2- 25- 2017 10- 26- 30 PM/Image 13.png,/kaggle/input/aether-oct5k-pilot/Masks/Masks_Manual/Grading_1/DME/DME (37).E2E/2- 25- 2017 10- 26- 30 PM/Image 13.png,DME,train,a70656f4dbab46d77faef75fe10d14089facc8b00916c61b0d579ccf7a92cf7e,f0f9e57b9b0a881ee2e6e6554089e5f6d65b15aa9491582a9d06c0bf8f9fd72d,d1d0bb96e256adfa2c9ad35d29c3329b49aa9a5647e6ecce7fdc33aa8a341cc3
Normal Part1/Normal (10).E2E/2- 26- 2017 9- 18- 14 AM/Image 15,/kaggle/input/aether-oct5k-pilot/Images/Images_Manual/Normal Part1/Normal (10).E2E/2- 26- 2017 9- 18- 14 AM/Image 15.png,/kaggle/input/aether-oct5k-pilot/Masks/Masks_Manual/Grading_1/Normal Part1/Normal (10).E2E/2- 26- 2017 9- 18- 14 AM/Image 15.png,Normal Part1,train,3b4973cfb157fcd5aa944928adaef0464600aaf5d95c90d3235e7841d81ef97a,aaf5edba118411d7225d18b0d4b1077780f0922839ea4e6eb7b4c7f1157ebb4c,31128719de3fc9565faa7fc08aeba2fd30307c00e01c4a31103c6a8bde07537d
Normal Part2/Normal (47).E2E/2- 26- 2017 10- 21- 43 AM/Image 44,/kaggle/input/aether-oct5k-pilot/Images/Images_Manual/Normal Part2/Normal (47).E2E/2- 26- 2017 10- 21- 43 AM/Image 44.png,/kaggle/input/aether-oct5k-pilot/Masks/Masks_Manual/Grading_1/Normal Part2/Normal (47).E2E/2- 26- 2017 10- 21- 43 AM/Image 44.png,Normal Part2,train,fde516a649a742d80cbda4606964d395779d2952915f02d8e994fb268fa9110e,f0b9ab88453db93269c5ee530064a4c2e026a8d0d501740b528b45aa021ff744,78c92a06501652b435a3dd0b223ab7bba95ef2f5b0425787d70a198102b06fed
AMD Part1/AMD (26).E2E/2- 25- 2017 5- 23- 01 PM/Image 36,/kaggle/input/aether-oct5k-pilot/Images/Images_Manual/AMD Part1/AMD (26).E2E/2- 25- 2017 5- 23- 01 PM/Image 36.png,/kaggle/input/aether-oct5k-pilot/Masks/Masks_Manual/Grading_1/AMD Part1/AMD (26).E2E/2- 25- 2017 5- 23- 01 PM/Image 36.png,AMD Part1,train,a84d2c646222d71f7b604e1e60949d5c76aa8d942be4e4b356399523830a747c,9e3979dc51668b53131375c45365a4842a97e55d5d09efcf6f38ffe23d89e124,f73dd9c504c76f014909bf89da3fc70a8e76190bebfe67eaf62043797fa37856
DME/DME (9).E2E/2- 25- 2017 9- 45- 28 PM/Image 28,/kaggle/input/aether-oct5k-pilot/Images/Images_Manual/DME/DME (9).E2E/2- 25- 2017 9- 45- 28 PM/Image 28.png,/kaggle/input/aether-oct5k-pilot/Masks/Masks_Manual/Grading_1/DME/DME (9).E2E/2- 25- 2017 9- 45- 28 PM/Image 28.png,DME,train,3a83786b04c39be42163812d70bc01bd709ca140d40165c3164ed5b92bb874c6,2984af602c972756991f4edc00cd72a58561198055397f683663dfddcc4b71fa,0af21019b8efb46e8ac0bdd8215cbbebf2b8133e137cf5e51a26ba82b818a580
DME/DME (9).E2E/2- 25- 2017 9- 45- 28 PM/Image 11,/kaggle/input/aether-oct5k-pilot/Images/Images_Manual/DME/DME (9).E2E/2- 25- 2017 9- 45- 28 PM/Image 11.png,/kaggle/input/aether-oct5k-pilot/Masks/Masks_Manual/Grading_1/DME/DME (9).E2E/2- 25- 2017 9- 45- 28 PM/Image 11.png,DME,train,cf3b3565853ef677e4ff9f2783d2ada676f92d69deed1a9fb9bc72a331324f4c,1b8f7970223cea45d6206269d3a382fe916eef2a48c13494a5236cf00b86a47b,03be3af10b20a8b8181cdbdb049307a5ca8030063aad9b32a36a982fa1d1f034
Normal Part1/Normal (9).E2E/2- 26- 2017 9- 15- 48 AM/Image 7,/kaggle/input/aether-oct5k-pilot/Images/Images_Manual/Normal Part1/Normal (9).E2E/2- 26- 2017 9- 15- 48 AM/Image 7.png,/kaggle/input/aether-oct5k-pilot/Masks/Masks_Manual/Grading_1/Normal Part1/Normal (9).E2E/2- 26- 2017 9- 15- 48 AM/Image 7.png,Normal Part1,train,80ab171390841d7b247b154f3ef6c2bdbaa156b3f1c3e6ecf9679faa4421faee,5e8bf8d70154597e32df049a31e5cf1c9a81cc9ef0353436a7ee77f49bd77fb4,2cc0f43f754d5f235e9e5d6015126efc29b856aa639e189e3d3ce6c76257bd39
Normal Part1/Normal (26).E2E/2- 26- 2017 9- 44- 13 AM/Image 4,/kaggle/input/aether-oct5k-pilot/Images/Images_Manual/Normal Part1/Normal (26).E2E/2- 26- 2017 9- 44- 13 AM/Image 4.png,/kaggle/input/aether-oct5k-pilot/Masks/Masks_Manual/Grading_1/Normal Part1/Normal (26).E2E/2- 26- 2017 9- 44- 13 AM/Image 4.png,Normal Part1,train,5a1dc4ba5b1778a3c991bd24bcfa95958d1b949535cbcbdebe518d1afbbb007d,615ecb72b9960fb668efc3aa66b8f1fbbfba3e45a2db903d4e1097cfb9cce573,dad616becd05e23b890ff21de2379578ee971204f03f8d4179e34efccd001cd0
AMD Part1/AMD (34).E2E/2- 25- 2017 8- 59- 29 PM/Image 22,/kaggle/input/aether-oct5k-pilot/Images/Images_Manual/AMD Part1/AMD (34).E2E/2- 25- 2017 8- 59- 29 PM/Image 22.png,/kaggle/input/aether-oct5k-pilot/Masks/Masks_Manual/Grading_1/AMD Part1/AMD (34).E2E/2- 25- 2017 8- 59- 29 PM/Image 22.png,AMD Part1,train,de5dbecffa276878e7cd5937d02ad04ff2c990279b230c3f74c4ea5e1fd20c8f,c60170e86db32cacaa38845db7cbde20cb1f3de2da6b79570a2c19a0935dd915,1340d003df776bcd907ecc93bac1e548792f83817b2c40918ddea03774dae175
AMD Part1/AMD (34).E2E/2- 25- 2017 8- 59- 29 PM/Image 3,/kaggle/input/aether-oct5k-pilot/Images/Images_Manual/AMD Part1/AMD (34).E2E/2- 25- 2017 8- 59- 29 PM/Image 3.png,/kaggle/input/aether-oct5k-pilot/Masks/Masks_Manual/Grading_1/AMD Part1/AMD (34).E2E/2- 25- 2017 8- 59- 29 PM/Image 3.png,AMD Part1,train,946ccbf87521a8a65ecf054388f316fc8ba2e307204c78a5d99c8ce3107be5a0,39986900fa26d4b2b073ebb7da39ea7d9ce6cc3a9223ca4932d8c8e6f0d0541d,024b49a6280f0be196b2d9ce6efaf3e9d121447db604a92cf906f8bb4ed6f6b3
AMD Part1/AMD (24).E2E/2- 25- 2017 5- 17- 27 PM/Image 11,/kaggle/input/aether-oct5k-pilot/Images/Images_Manual/AMD Part1/AMD (24).E2E/2- 25- 2017 5- 17- 27 PM/Image 11.png,/kaggle/input/aether-oct5k-pilot/Masks/Masks_Manual/Grading_1/AMD Part1/AMD (24).E2E/2- 25- 2017 5- 17- 27 PM/Image 11.png,AMD Part1,train,435588eb9d3be069495fc7fe54d1e9fbf660768593c85f043aa81aaa06345da6,23d1ae95608d32f25269c6882ec3e8ba612a0871f75d2989a5d4e72d02e0e509,15defe2ade7168f2cb66906858a379c749b214eee46e2deb3b32a7f685d977cd
Normal Part1/Normal (9).E2E/2- 26- 2017 9- 15- 48 AM/Image 16,/kaggle/input/aether-oct5k-pilot/Images/Images_Manual/Normal Part1/Normal (9).E2E/2- 26- 2017 9- 15- 48 AM/Image 16.png,/kaggle/input/aether-oct5k-pilot/Masks/Masks_Manual/Grading_1/Normal Part1/Normal (9).E2E/2- 26- 2017 9- 15- 48 AM/Image 16.png,Normal Part1,train,0f0f5de7a9716ed72a555422d09e16286d5477d6e7e5a096c4f3cb13d7fb8c42,09df970b24c284eb5cbdff47d21e568b64430a413e7df5a6aee29299f1d3ac29,ac0317dbf6b28fa570647f0b64fb19aedeb824abb214843c3c4edc4f6a874c8b
AMD Part1/AMD (24).E2E/2- 25- 2017 5- 17- 27 PM/Image 39,/kaggle/input/aether-oct5k-pilot/Images/Images_Manual/AMD Part1/AMD (24).E2E/2- 25- 2017 5- 17- 27 PM/Image 39.png,/kaggle/input/aether-oct5k-pilot/Masks/Masks_Manual/Grading_1/AMD Part1/AMD (24).E2E/2- 25- 2017 5- 17- 27 PM/Image 39.png,AMD Part1,train,f55a508e39518d2c61f84e30565d71a5ce339b45506920a934f1f37f86a41cc4,44187ff20ecaedce935423729cec21bcfdc9a62ee1f4282d0f2e345737b59df1,23d4467db94f3fa9a72be4d49073ed0688ae6837513482ed552b64536c988eeb
AMD Part1/AMD (21).E2E/2- 25- 2017 5- 10- 29 PM/Image 11,/kaggle/input/aether-oct5k-pilot/Images/Images_Manual/AMD Part1/AMD (21).E2E/2- 25- 2017 5- 10- 29 PM/Image 11.png,/kaggle/input/aether-oct5k-pilot/Masks/Masks_Manual/Grading_1/AMD Part1/AMD (21).E2E/2- 25- 2017 5- 10- 29 PM/Image 11.png,AMD Part1,train,3b220ddc816dbbfe6da104dc66e37309d7a7eb1970c9d9fc9c31d48e67637c1a,cc91c2fdb29b021644ca700276b16d99324365d83d0abc2c640bf1b323f817d4,b8cf98e2f981b7d44adfc9068a2c1fbdecbf700bb5ef3a767e53741c553429f4
AMD Part1/AMD (21).E2E/2- 25- 2017 5- 10- 29 PM/Image 38,/kaggle/input/aether-oct5k-pilot/Images/Images_Manual/AMD Part1/AMD (21).E2E/2- 25- 2017 5- 10- 29 PM/Image 38.png,/kaggle/input/aether-oct5k-pilot/Masks/Masks_Manual/Grading_1/AMD Part1/AMD (21).E2E/2- 25- 2017 5- 10- 29 PM/Image 38.png,AMD Part1,train,e5ff00edab06dd6593bef9699009164214682b3453ec5760ef42d0f4588312c9,bc7529aeaaf727ebd9718571bf7f9c61baaa9cf107568432eba896d96e7da620,275aaf924208e765e9acddae413fff610579567f6a22df3855faac575a48b19a
DME/DME (29).E2E/2- 25- 2017 10- 15- 35 PM/Image 12,/kaggle/input/aether-oct5k-pilot/Images/Images_Manual/DME/DME (29).E2E/2- 25- 2017 10- 15- 35 PM/Image 12.png,/kaggle/input/aether-oct5k-pilot/Masks/Masks_Manual/Grading_1/DME/DME (29).E2E/2- 25- 2017 10- 15- 35 PM/Image 12.png,DME,train,f28cc9e85224b305f0f2269cf95f591e5d62663c4a2c778fc232ff7673bbabf1,33737b032ee5d373f02452da92a2bfdbe1cd331d9dc74d6555428377ab809539,686aee8dfe989ca85642d63589b195c6d8a1cb02c75e4699eb673b5b929cdbde
AMD Part1/AMD (34).E2E/2- 25- 2017 8- 59- 29 PM/Image 19,/kaggle/input/aether-oct5k-pilot/Images/Images_Manual/AMD Part1/AMD (34).E2E/2- 25- 2017 8- 59- 29 PM/Image 19.png,/kaggle/input/aether-oct5k-pilot/Masks/Masks_Manual/Grading_1/AMD Part1/AMD (34).E2E/2- 25- 2017 8- 59- 29 PM/Image 19.png,AMD Part1,train,6a7a629681111c956e6db23b4dfed23b13f3c09da3334b27ae397f57118d388d,cbe1167985a27a00ba331e547a80dbfca31a348a4ad1b8592a40f9c586aac230,f8e218c8807f25ab648c7979a13e2d0a2de92f1cfc070599271cd5d1ce1efc3d
DME/DME (15).E2E/2- 25- 2017 9- 53- 19 PM/Image 6,/kaggle/input/aether-oct5k-pilot/Images/Images_Manual/DME/DME (15).E2E/2- 25- 2017 9- 53- 19 PM/Image 6.png,/kaggle/input/aether-oct5k-pilot/Masks/Masks_Manual/Grading_1/DME/DME (15).E2E/2- 25- 2017 9- 53- 19 PM/Image 6.png,DME,train,d9c6e33d285e0471bff6e2c6f35e9ac669f98f6d4cdcc57cc8c41d8286955903,0ec9c8b873e6a906a100e67bee7c96285bf79b5ca391dd1def860e423bacc971,604534cac2786421db0e0eda5654ac0c5973ca8c5d9659fcec68f90b23296399
AMD Part1/AMD (28).E2E/2- 25- 2017 8- 37- 13 PM/Image 16,/kaggle/input/aether-oct5k-pilot/Images/Images_Manual/AMD Part1/AMD (28).E2E/2- 25- 2017 8- 37- 13 PM/Image 16.png,/kaggle/input/aether-oct5k-pilot/Masks/Masks_Manual/Grading_1/AMD Part1/AMD (28).E2E/2- 25- 2017 8- 37- 13 PM/Image 16.png,AMD Part1,train,4120aef96989ba7bc3824b0b73837dd62fd36e5345e029de3df10253dd15040c,9100a16a61a2ede12f6e88c7ce75602e7fcb81805fe93bf95127f77864133da0,5b57fab00f066374700e55a43f724e2e17550a6739f87278f80adac358e79e22
DME/DME (37).E2E/2- 25- 2017 10- 26- 30 PM/Image 16,/kaggle/input/aether-oct5k-pilot/Images/Images_Manual/DME/DME (37).E2E/2- 25- 2017 10- 26- 30 PM/Image 16.png,/kaggle/input/aether-oct5k-pilot/Masks/Masks_Manual/Grading_1/DME/DME (37).E2E/2- 25- 2017 10- 26- 30 PM/Image 16.png,DME,train,87080f74431808cb49d9ff1696f6c83b42919288b07c94484fab7b2f1b3bf8fe,f2f3fef873911af54e75ce22086d4d06079375175bd33f28a5023e1143b6179b,0ade986cb29e805a86df1ba830f26e81686f245bda4dfc3879269c5099b14575
AMD Part1/AMD (27).E2E/2- 25- 2017 8- 35- 28 PM/Image 15,/kaggle/input/aether-oct5k-pilot/Images/Images_Manual/AMD Part1/AMD (27).E2E/2- 25- 2017 8- 35- 28 PM/Image 15.png,/kaggle/input/aether-oct5k-pilot/Masks/Masks_Manual/Grading_1/AMD Part1/AMD (27).E2E/2- 25- 2017 8- 35- 28 PM/Image 15.png,AMD Part1,train,3825882d69da8002b4d7342a8ae63cf29cfe6f31e0b2c4415383b1d688888670,44a2d0766259a902b5381b018dea35860d75b8a2bfa99acc64a3e59d02afa9a1,14c20d97435f5f493ce5001423db10370c753021d259aa4c9554f4adafa2d165
Normal Part1/Normal (14).E2E/2- 26- 2017 9- 26- 02 AM/Image 1,/kaggle/input/aether-oct5k-pilot/Images/Images_Manual/Normal Part1/Normal (14).E2E/2- 26- 2017 9- 26- 02 AM/Image 1.png,/kaggle/input/aether-oct5k-pilot/Masks/Masks_Manual/Grading_1/Normal Part1/Normal (14).E2E/2- 26- 2017 9- 26- 02 AM/Image 1.png,Normal Part1,train,94b5f4c9c2fedbd0332b0bec979438bb80ea90522169b5735646cb40bd7ea58a,8ae442fe674649efb2ed23f256a7b7a7386669a10ccc521f9313ede79e428262,c85c6a3f623c07c003ac192ef6d37d321a89f7a104167e2b8c65ea7ffa8aface
AMD Part1/AMD (21).E2E/2- 25- 2017 5- 10- 29 PM/Image 36,/kaggle/input/aether-oct5k-pilot/Images/Images_Manual/AMD Part1/AMD (21).E2E/2- 25- 2017 5- 10- 29 PM/Image 36.png,/kaggle/input/aether-oct5k-pilot/Masks/Masks_Manual/Grading_1/AMD Part1/AMD (21).E2E/2- 25- 2017 5- 10- 29 PM/Image 36.png,AMD Part1,train,7355ee15a1cd61dfb6543353979954fcaab86cd4cb8f44318c442583daf6b577,cc945f54bc6b7e4be5163489dde6d33bcbfaacab34a9707562e9759d79091dd9,d58660c420024bd5417338e38021e706d73963b5cb44ba0014af3d72e29e0294
AMD Part1/AMD (21).E2E/2- 25- 2017 5- 10- 29 PM/Image 59,/kaggle/input/aether-oct5k-pilot/Images/Images_Manual/AMD Part1/AMD (21).E2E/2- 25- 2017 5- 10- 29 PM/Image 59.png,/kaggle/input/aether-oct5k-pilot/Masks/Masks_Manual/Grading_1/AMD Part1/AMD (21).E2E/2- 25- 2017 5- 10- 29 PM/Image 59.png,AMD Part1,train,98980c90148725098046eb7e81adb43903ccec65b92468b5d11b346b7e4638c9,17cccaf52e30d6a6c09951adbe0ee2d97259ed3d19dbda3a574adf70ac0eda5d,9950a585f635042c8485dc13cc3b41787152a6c6d61420053c684be065981948
Normal Part2/Normal (47).E2E/2- 26- 2017 10- 21- 43 AM/Image 52,/kaggle/input/aether-oct5k-pilot/Images/Images_Manual/Normal Part2/Normal (47).E2E/2- 26- 2017 10- 21- 43 AM/Image 52.png,/kaggle/input/aether-oct5k-pilot/Masks/Masks_Manual/Grading_1/Normal Part2/Normal (47).E2E/2- 26- 2017 10- 21- 43 AM/Image 52.png,Normal Part2,train,a0d60c3875dac728b1228332041571031744fa1c2bba65604b09340dfee6f130,dc31d13bedd767cb92eb69ed4118c3be4cabd1d7a92410b92319d4634cb2602e,cf7a29af58091dc8511414740d421d1a5d5f513571e824016b1b3f0030d823fc
Normal Part2/Normal (49).E2E/2- 26- 2017 10- 23- 58 AM/Image 4,/kaggle/input/aether-oct5k-pilot/Images/Images_Manual/Normal Part2/Normal (49).E2E/2- 26- 2017 10- 23- 58 AM/Image 4.png,/kaggle/input/aether-oct5k-pilot/Masks/Masks_Manual/Grading_1/Normal Part2/Normal (49).E2E/2- 26- 2017 10- 23- 58 AM/Image 4.png,Normal Part2,train,5f1bbf0c1ee51c7bfaacdee297459ee39c326e44877e9f4c07ad31504a7fc7b1,e03a5fec503cc46766f3317c66d0365e36b98bed3b9c9e7c52994b07846e0dea,55336613296b26b3f9168d4f13994217a47081ebf4e71406b2d44795fdc4d8c3
DME/DME (31).E2E/2- 25- 2017 10- 17- 51 PM/Image 18,/kaggle/input/aether-oct5k-pilot/Images/Images_Manual/DME/DME (31).E2E/2- 25- 2017 10- 17- 51 PM/Image 18.png,/kaggle/input/aether-oct5k-pilot/Masks/Masks_Manual/Grading_1/DME/DME (31).E2E/2- 25- 2017 10- 17- 51 PM/Image 18.png,DME,train,4dbe69223f890da950029e2294054ea2374bbc2f27c116941a9d82e70d06beb8,1c59bfdd1771a21adc87e6dc9f6a119ce69e12bb4786552f36edf67320d90a31,8dfc0ad6c2dcc53c40b93e64e28ed112bf8537920f7d5f11160570b2406285a8
AMD Part1/AMD (1).E2E/2- 25- 2017 9- 10- 42 PM/Image 23,/kaggle/input/aether-oct5k-pilot/Images/Images_Manual/AMD Part1/AMD (1).E2E/2- 25- 2017 9- 10- 42 PM/Image 23.png,/kaggle/input/aether-oct5k-pilot/Masks/Masks_Manual/Grading_1/AMD Part1/AMD (1).E2E/2- 25- 2017 9- 10- 42 PM/Image 23.png,AMD Part1,train,632d7a4a09d6b9c99897dbeda3a03b29ca615d48c54d0c1d0aa30b93c4078df8,516db81133490ce18d3db83424bb04598ace0c75daec6b217f7032c12fe46cd9,81278dadd0747f845d1fefbbd630bf8e86b72b264dbd31de5b4c8036b786e07f
AMD Part1/AMD (26).E2E/2- 25- 2017 5- 23- 01 PM/Image 58,/kaggle/input/aether-oct5k-pilot/Images/Images_Manual/AMD Part1/AMD (26).E2E/2- 25- 2017 5- 23- 01 PM/Image 58.png,/kaggle/input/aether-oct5k-pilot/Masks/Masks_Manual/Grading_1/AMD Part1/AMD (26).E2E/2- 25- 2017 5- 23- 01 PM/Image 58.png,AMD Part1,train,bc74f8415f73a0325121206051a0076fb33f57dd5ddddf641761ca57d6c0fcbe,0e01017f853e1ceafd2f19f385f3491eae979ed0fe807ef0f474c92902fea46b,8f42d5fe10df587bc97b2ec64ada0fd0821884cb2ac7df0d8b036544fa818065
DME/DME (29).E2E/2- 25- 2017 10- 15- 35 PM/Image 19,/kaggle/input/aether-oct5k-pilot/Images/Images_Manual/DME/DME (29).E2E/2- 25- 2017 10- 15- 35 PM/Image 19.png,/kaggle/input/aether-oct5k-pilot/Masks/Masks_Manual/Grading_1/DME/DME (29).E2E/2- 25- 2017 10- 15- 35 PM/Image 19.png,DME,train,0f5d9f12b17456fd8370222e3f20da42767cfad982567706830bc117aa432dad,3e8973cffdc4b32a7ed839949952c1e37795e5828357628ea2ea6ce63539f7f7,c727a29b048aea9cd92d8bf2001e4b297971458690a8f69d3866caee68cddecc
DME/DME (19).E2E/2- 25- 2017 9- 58- 33 PM/Image 19,/kaggle/input/aether-oct5k-pilot/Images/Images_Manual/DME/DME (19).E2E/2- 25- 2017 9- 58- 33 PM/Image 19.png,/kaggle/input/aether-oct5k-pilot/Masks/Masks_Manual/Grading_1/DME/DME (19).E2E/2- 25- 2017 9- 58- 33 PM/Image 19.png,DME,train,6a738dd4cb203917c60451da50485a83ebe7ae43b404161cc8f0b2f71c04480b,008b8c170115834d3be13d2f9392821f4270205547166ad74e37f2671ff80da4,cb0b4ce17cf686d13732264c3f3143c07899d3127312f4c1b5479842dd2a557a
Normal Part1/Normal (12).E2E/2- 26- 2017 9- 23- 28 AM/Image 7,/kaggle/input/aether-oct5k-pilot/Images/Images_Manual/Normal Part1/Normal (12).E2E/2- 26- 2017 9- 23- 28 AM/Image 7.png,/kaggle/input/aether-oct5k-pilot/Masks/Masks_Manual/Grading_1/Normal Part1/Normal (12).E2E/2- 26- 2017 9- 23- 28 AM/Image 7.png,Normal Part1,train,014e6d0ebdddde9b78e141228b3246cc22b330e9715bcf48f394b019eaba108e,8a47345ba7a1fbcaaf068ba02b35a016e02ee2bfce61c58746cbadc31f0fb34b,175e56283a6b892508b5c44be775d1bc3badf67dbeecdec93f31b95d3e78da78
AMD Part1/AMD (24).E2E/2- 25- 2017 5- 17- 27 PM/Image 44,/kaggle/input/aether-oct5k-pilot/Images/Images_Manual/AMD Part1/AMD (24).E2E/2- 25- 2017 5- 17- 27 PM/Image 44.png,/kaggle/input/aether-oct5k-pilot/Masks/Masks_Manual/Grading_1/AMD Part1/AMD (24).E2E/2- 25- 2017 5- 17- 27 PM/Image 44.png,AMD Part1,train,a1a6d095be5ccab2b27ccc889bc0c64557f3dc26013cd35b50932bd4c4f49aa3,efa6a2aea95cb8c7ce791ea975d706d5f0a94f2df75d2ebdc38e4e58b51cf91f,5db39b09cd78868482cf0118fb8fa73428398a0037d8acf84646e51288b98703
Normal Part2/Normal (47).E2E/2- 26- 2017 10- 21- 43 AM/Image 31,/kaggle/input/aether-oct5k-pilot/Images/Images_Manual/Normal Part2/Normal (47).E2E/2- 26- 2017 10- 21- 43 AM/Image 31.png,/kaggle/input/aether-oct5k-pilot/Masks/Masks_Manual/Grading_1/Normal Part2/Normal (47).E2E/2- 26- 2017 10- 21- 43 AM/Image 31.png,Normal Part2,train,c7ecafaaa1f895f35ba529f8c8d312aa369237c2f41d68b1ed8b18ae2b1617d0,cec1858d806e68d6c70db1679542fbc0acd194b3e5e508bc6f5784ddd53f1b8f,fc20d9f7dd1081fe4b27df573341006b81b52d7705a75e11537311648269e33c
Normal Part2/Normal (38).E2E/2- 26- 2017 10- 06- 02 AM/Image 19,/kaggle/input/aether-oct5k-pilot/Images/Images_Manual/Normal Part2/Normal (38).E2E/2- 26- 2017 10- 06- 02 AM/Image 19.png,/kaggle/input/aether-oct5k-pilot/Masks/Masks_Manual/Grading_1/Normal Part2/Normal (38).E2E/2- 26- 2017 10- 06- 02 AM/Image 19.png,Normal Part2,train,34eebb04de332a89d4fec6de56854a267d975c1862d6e6902bb87d0f72157da0,116629d1f1d6b95ec027ac6503a1234eeba843aa7668cc2b788c7ba3eaf18616,5c4430fc365685caa60d74f658b093e43724b2ae0b5a3f244a2177b19e57951d
AMD Part1/AMD (2).E2E/2- 25- 2017 9- 12- 39 PM/Image 24,/kaggle/input/aether-oct5k-pilot/Images/Images_Manual/AMD Part1/AMD (2).E2E/2- 25- 2017 9- 12- 39 PM/Image 24.png,/kaggle/input/aether-oct5k-pilot/Masks/Masks_Manual/Grading_1/AMD Part1/AMD (2).E2E/2- 25- 2017 9- 12- 39 PM/Image 24.png,AMD Part1,train,ae807f259c5a525d0eeea335ae577819e578faaccb665f04950da172b31a3dc0,f015f9e2865ec2614dd4c5aef5dfd430f379d3a3c92b07c352a475716cdddfc3,cee3268fe9a69cadcff590ed369827bed3ed240331e177c8b539b7b32dd50bb3
AMD Part1/AMD (9).E2E/2- 25- 2017 9- 25- 22 PM/Image 2,/kaggle/input/aether-oct5k-pilot/Images/Images_Manual/AMD Part1/AMD (9).E2E/2- 25- 2017 9- 25- 22 PM/Image 2.png,/kaggle/input/aether-oct5k-pilot/Masks/Masks_Manual/Grading_1/AMD Part1/AMD (9).E2E/2- 25- 2017 9- 25- 22 PM/Image 2.png,AMD Part1,train,4a9883585320c94f2cec67faab9d33354bb1c99bcc79d21a19dd7d53dcb5ef00,1e15ffa7daeb8c26685f4909714ecbbe08d9254fc832ade1b49ff91e863381b6,8df123426c436d8c86d71bef4512b94d92583f63244140a40bc55572f99d4785
AMD Part1/AMD (21).E2E/2- 25- 2017 5- 10- 29 PM/Image 20,/kaggle/input/aether-oct5k-pilot/Images/Images_Manual/AMD Part1/AMD (21).E2E/2- 25- 2017 5- 10- 29 PM/Image 20.png,/kaggle/input/aether-oct5k-pilot/Masks/Masks_Manual/Grading_1/AMD Part1/AMD (21).E2E/2- 25- 2017 5- 10- 29 PM/Image 20.png,AMD Part1,train,effddc752b3eb4eb7284814c26d7791b8e6896797a6f04fc4f93744e45720b9b,10d0aadce7af80a0cd830e3b2ca30a07462eb02e96f88f0811478c918cb1aa8e,d8a28056279ee142d03bfda2f842019dde83193eb7cf6cb0cf7e0d1134c99c61
Normal Part1/Normal (14).E2E/2- 26- 2017 9- 26- 02 AM/Image 3,/kaggle/input/aether-oct5k-pilot/Images/Images_Manual/Normal Part1/Normal (14).E2E/2- 26- 2017 9- 26- 02 AM/Image 3.png,/kaggle/input/aether-oct5k-pilot/Masks/Masks_Manual/Grading_1/Normal Part1/Normal (14).E2E/2- 26- 2017 9- 26- 02 AM/Image 3.png,Normal Part1,train,e725275bc8077ff5875cf649c510740cdecf5f7bbb4a8b6c9408a212d7fa2ade,95df1f5356243abe8b50b65da98cd29930e7a00a43cfa3206d20b5d2585c3e8f,850db1f1a5bfb6b630bb9887d76307c77e638c3dbfb6b1d9901aef3d6c744314
AMD Part1/AMD (21).E2E/2- 25- 2017 5- 10- 29 PM/Image 44,/kaggle/input/aether-oct5k-pilot/Images/Images_Manual/AMD Part1/AMD (21).E2E/2- 25- 2017 5- 10- 29 PM/Image 44.png,/kaggle/input/aether-oct5k-pilot/Masks/Masks_Manual/Grading_1/AMD Part1/AMD (21).E2E/2- 25- 2017 5- 10- 29 PM/Image 44.png,AMD Part1,train,4eec63fb163d72ef6c8c0f678c58837e4bcde6508136d6671f07431370ae105c,a2890d962ddaeb1846837c6f092dc9d6a8f12c341921c9a8a238715746ec40d8,ed2875328a6404404b1d8e1954381306477be06d6d2a945161e2d43d33fbbcbc
AMD Part1/AMD (35).E2E/2- 25- 2017 9- 00- 52 PM/Image 20,/kaggle/input/aether-oct5k-pilot/Images/Images_Manual/AMD Part1/AMD (35).E2E/2- 25- 2017 9- 00- 52 PM/Image 20.png,/kaggle/input/aether-oct5k-pilot/Masks/Masks_Manual/Grading_1/AMD Part1/AMD (35).E2E/2- 25- 2017 9- 00- 52 PM/Image 20.png,AMD Part1,train,f61f54e2c71eed4d9e0e1358ae2330f4761dc07a63ade45e721c35932c9eafba,a5119521139ba1c079d51528547d6d701cc08a11191ee82dde4044996ae0c2d9,c570152941f4ce8557215f300f24faa43f59148226279f6646cf2707c30a923f
AMD Part1/AMD (2).E2E/2- 25- 2017 9- 12- 39 PM/Image 6,/kaggle/input/aether-oct5k-pilot/Images/Images_Manual/AMD Part1/AMD (2).E2E/2- 25- 2017 9- 12- 39 PM/Image 6.png,/kaggle/input/aether-oct5k-pilot/Masks/Masks_Manual/Grading_1/AMD Part1/AMD (2).E2E/2- 25- 2017 9- 12- 39 PM/Image 6.png,AMD Part1,train,cbe00ff6953184ce1545a4d92d4d944917a3b16eacb8c03e8d979ca154f30b86,9b08c435b41a0d3040f8f25f02b0b30b95df23cbc9cd15db31c1a0f03cf9c943,375d6cccf3e47c4edb07caf5471be2c93fed848ac1ccf4885937ffc404084c65
AMD Part1/AMD (10).E2E/2- 25- 2017 9- 27- 53 PM/Image 9,/kaggle/input/aether-oct5k-pilot/Images/Images_Manual/AMD Part1/AMD (10).E2E/2- 25- 2017 9- 27- 53 PM/Image 9.png,/kaggle/input/aether-oct5k-pilot/Masks/Masks_Manual/Grading_1/AMD Part1/AMD (10).E2E/2- 25- 2017 9- 27- 53 PM/Image 9.png,AMD Part1,train,34de837ca138f8a6485520364c9690c0fb417d8f7ff517d7b413760495fe1820,8ab053655e51ee7736f400161b46bc588e43cc6312969f63cce52aaeaf9f64f3,404e9ff9e1f7e52097b9bf497c222b0e42f607219a4b582dced5d98e417ba2eb
DME/DME (9).E2E/2- 25- 2017 9- 45- 28 PM/Image 61,/kaggle/input/aether-oct5k-pilot/Images/Images_Manual/DME/DME (9).E2E/2- 25- 2017 9- 45- 28 PM/Image 61.png,/kaggle/input/aether-oct5k-pilot/Masks/Masks_Manual/Grading_1/DME/DME (9).E2E/2- 25- 2017 9- 45- 28 PM/Image 61.png,DME,train,292f705149eb44d7d2ae8cc9707a6222cb65f837488850c9908f99c32bcfdb4c,5868bcc219640ecd00c1bfe4df2ca782e59c9313c0cfbd019a4c6e84cca987cd,b484a3c981b6687ae452699d5fe9bbed5f6da822bd92963c34f34b72c4e6ef03
AMD Part1/AMD (13).E2E/2- 25- 2017 4- 48- 43 PM/Image 34,/kaggle/input/aether-oct5k-pilot/Images/Images_Manual/AMD Part1/AMD (13).E2E/2- 25- 2017 4- 48- 43 PM/Image 34.png,/kaggle/input/aether-oct5k-pilot/Masks/Masks_Manual/Grading_1/AMD Part1/AMD (13).E2E/2- 25- 2017 4- 48- 43 PM/Image 34.png,AMD Part1,train,31cad2b966cec07d6d46928281e71e5c8339af3bf3cccc61f5c889b79c3bd1c5,8b768aa7906d0eaab2b7800262819b12905e58025f49bfe4bdb57d3a509b8f42,48a4309941a55645edaba76fff45bfd92f4f4c4e7ecfa23509c900a003daa12e
DME/DME (15).E2E/2- 25- 2017 9- 53- 19 PM/Image 10,/kaggle/input/aether-oct5k-pilot/Images/Images_Manual/DME/DME (15).E2E/2- 25- 2017 9- 53- 19 PM/Image 10.png,/kaggle/input/aether-oct5k-pilot/Masks/Masks_Manual/Grading_1/DME/DME (15).E2E/2- 25- 2017 9- 53- 19 PM/Image 10.png,DME,train,447f93685784ef7d74cb2517a3f84134d334b8b3138eabc5fdaf1d5607149cbd,b4d917e1e002e68e8ca6dcbb6dab22ff2b9b992d5b2b946ef2d0f5a8852388d7,f7f9d9b9f2ea5864f30b1f8e0373e31941885450cf00030c6b79163f03144ecb
Normal Part1/Normal (25).E2E/2- 26- 2017 9- 42- 47 AM/Image 39,/kaggle/input/aether-oct5k-pilot/Images/Images_Manual/Normal Part1/Normal (25).E2E/2- 26- 2017 9- 42- 47 AM/Image 39.png,/kaggle/input/aether-oct5k-pilot/Masks/Masks_Manual/Grading_1/Normal Part1/Normal (25).E2E/2- 26- 2017 9- 42- 47 AM/Image 39.png,Normal Part1,train,ea3429421216e0b26cdbb85f135f3ed2cf69ae631a384211792402b9c7fb46d6,f5db45ec82735cd4035c005b98474618861d2453445a27b662ac7d7753d6d38a,f4556f96b005f05a29f638d89ee835224cf7705798010b1fcfef6f67a4498083
Normal Part2/Normal (47).E2E/2- 26- 2017 10- 21- 43 AM/Image 41,/kaggle/input/aether-oct5k-pilot/Images/Images_Manual/Normal Part2/Normal (47).E2E/2- 26- 2017 10- 21- 43 AM/Image 41.png,/kaggle/input/aether-oct5k-pilot/Masks/Masks_Manual/Grading_1/Normal Part2/Normal (47).E2E/2- 26- 2017 10- 21- 43 AM/Image 41.png,Normal Part2,train,4f3f37cbacc142b4cbd085d28bbb900e35065b9014f8ba475098b1c989c89798,0913f4ad5a1229e947d17f34330d6e54391c1706d2dcf556f397bb619e3574b3,2e73d8bb62e05663a1000c35a4a69a10682aa55fcb85db803a1b52578e30ba1a
DME/DME (9).E2E/2- 25- 2017 9- 45- 28 PM/Image 32,/kaggle/input/aether-oct5k-pilot/Images/Images_Manual/DME/DME (9).E2E/2- 25- 2017 9- 45- 28 PM/Image 32.png,/kaggle/input/aether-oct5k-pilot/Masks/Masks_Manual/Grading_1/DME/DME (9).E2E/2- 25- 2017 9- 45- 28 PM/Image 32.png,DME,train,8988fca2f5abe548c1a43eb98ba720a621996731ff9c1cfcf0f275b37c2423a1,f8070308459b46885097498aefd17adf4c4d059169a1b3f1332e8ef7f63e2b01,8a1c37215f7c695b777b5e270f526c8e4f4cd8ba9b462d63add89ebc01aed4db
AMD Part1/AMD (21).E2E/2- 25- 2017 5- 10- 29 PM/Image 21,/kaggle/input/aether-oct5k-pilot/Images/Images_Manual/AMD Part1/AMD (21).E2E/2- 25- 2017 5- 10- 29 PM/Image 21.png,/kaggle/input/aether-oct5k-pilot/Masks/Masks_Manual/Grading_1/AMD Part1/AMD (21).E2E/2- 25- 2017 5- 10- 29 PM/Image 21.png,AMD Part1,train,a67841612631b05cb3e3d95cd2738c6d5816491db7b0078b84bd29ace04db0ed,fc2f48ebd00552863746c1260cf89037392f5e6aa2826ce65ea71864f804518d,43d126e18240a5dec03136937d8d734f8b29ff8507887de35335c439af3c4bdf
Normal Part1/Normal (10).E2E/2- 26- 2017 9- 18- 14 AM/Image 7,/kaggle/input/aether-oct5k-pilot/Images/Images_Manual/Normal Part1/Normal (10).E2E/2- 26- 2017 9- 18- 14 AM/Image 7.png,/kaggle/input/aether-oct5k-pilot/Masks/Masks_Manual/Grading_1/Normal Part1/Normal (10).E2E/2- 26- 2017 9- 18- 14 AM/Image 7.png,Normal Part1,train,e90c22428a39e86a52db8d68720649aa711bb0a2f313e5bc48a84d7f9f163558,2265ec063dfc6a013dfc188f5d6afcf2566a040f681ebe2188b4aad75e278a53,225608432d65aba6e5da678d964d3abf3f39c18fa4c086079c6a32479a252e05
AMD Part1/AMD (13).E2E/2- 25- 2017 4- 48- 43 PM/Image 49,/kaggle/input/aether-oct5k-pilot/Images/Images_Manual/AMD Part1/AMD (13).E2E/2- 25- 2017 4- 48- 43 PM/Image 49.png,/kaggle/input/aether-oct5k-pilot/Masks/Masks_Manual/Grading_1/AMD Part1/AMD (13).E2E/2- 25- 2017 4- 48- 43 PM/Image 49.png,AMD Part1,train,bbecdf86be60c26a072d60e564194ea977dd8cf7e22814612991ca35af19d7da,931e11254b9eb8a4182bef344d94d56b6c2fe8a2948cecb6191d21436d74d3d3,607159b35f4e9d11c10bd220cbc23924c5861e13ec57d94801ddf1ce244d1d3c
AMD Part1/AMD (2).E2E/2- 25- 2017 9- 12- 39 PM/Image 18,/kaggle/input/aether-oct5k-pilot/Images/Images_Manual/AMD Part1/AMD (2).E2E/2- 25- 2017 9- 12- 39 PM/Image 18.png,/kaggle/input/aether-oct5k-pilot/Masks/Masks_Manual/Grading_1/AMD Part1/AMD (2).E2E/2- 25- 2017 9- 12- 39 PM/Image 18.png,AMD Part1,train,3301d05250f6ba3a0a7cdc1f26dbfed3bf1a3fd7c81245637c8d3a5b422c9945,41c0663fa51a86547fee03d11d9e6de548b6714f10263bd287f2f9a38e91c05a,38757a122d68f4de6647215c4801dd5993d454ffca450743018b3421a30c865b
AMD Part1/AMD (13).E2E/2- 25- 2017 4- 48- 43 PM/Image 3,/kaggle/input/aether-oct5k-pilot/Images/Images_Manual/AMD Part1/AMD (13).E2E/2- 25- 2017 4- 48- 43 PM/Image 3.png,/kaggle/input/aether-oct5k-pilot/Masks/Masks_Manual/Grading_1/AMD Part1/AMD (13).E2E/2- 25- 2017 4- 48- 43 PM/Image 3.png,AMD Part1,train,98eeaa7910b42f5b383337480a05335c6af77a6ea07f18a98ec9c7d68e87c669,91aaf5303cf56742316f2411091d7807ce3debe8bf11d4cbce88c22f0a211a32,2721488936bc15f10825d9789a066f702e34790339a4e88c0c88d68ce1a7afd1
AMD Part1/AMD (28).E2E/2- 25- 2017 8- 37- 13 PM/Image 10,/kaggle/input/aether-oct5k-pilot/Images/Images_Manual/AMD Part1/AMD (28).E2E/2- 25- 2017 8- 37- 13 PM/Image 10.png,/kaggle/input/aether-oct5k-pilot/Masks/Masks_Manual/Grading_1/AMD Part1/AMD (28).E2E/2- 25- 2017 8- 37- 13 PM/Image 10.png,AMD Part1,train,060fa40c53e18624eb29a7baa16385eb3fb7183c0d70e1d2588ee6d700297af6,155e3272181d30f525e84d33190bb4fac41828785a51aad01ce753cc9977efde,2d2f24f4cc880c5c1e1ecc51a6e23c740d2068c6972835c3321459dc6612cb1e
DME/DME (11).E2E/2- 25- 2017 9- 47- 31 PM/Image 18,/kaggle/input/aether-oct5k-pilot/Images/Images_Manual/DME/DME (11).E2E/2- 25- 2017 9- 47- 31 PM/Image 18.png,/kaggle/input/aether-oct5k-pilot/Masks/Masks_Manual/Grading_1/DME/DME (11).E2E/2- 25- 2017 9- 47- 31 PM/Image 18.png,DME,train,e22527f39fc88a11c402b15dce60db8bb7b74722861a9449b78fe4be89ed73ce,101b5ef5bde40ee77d03e21fdde302d9abc44c264ea8ef8f47741d13907fef43,4995f75776218e795324f4d507bbf7fdc4e589ea676b7060c3afe90be03d7291
DME/DME (22).E2E/2- 25- 2017 10- 03- 04 PM/Image 11,/kaggle/input/aether-oct5k-pilot/Images/Images_Manual/DME/DME (22).E2E/2- 25- 2017 10- 03- 04 PM/Image 11.png,/kaggle/input/aether-oct5k-pilot/Masks/Masks_Manual/Grading_1/DME/DME (22).E2E/2- 25- 2017 10- 03- 04 PM/Image 11.png,DME,train,d1cd5ecb3302b3544e86f75641fbedb066c259aa508ecae166f974bf3a08ad2b,6d0ec48082667d6dd172268549da0940a787309bb193d2dc0912bae096ffd752,2c4ced2092e6e1e31ad9d1df0f427cfa8bf42a5152d13dfb4ec2c25abc0ded5a
DME/DME (28).E2E/2- 25- 2017 10- 12- 57 PM/Image 7,/kaggle/input/aether-oct5k-pilot/Images/Images_Manual/DME/DME (28).E2E/2- 25- 2017 10- 12- 57 PM/Image 7.png,/kaggle/input/aether-oct5k-pilot/Masks/Masks_Manual/Grading_1/DME/DME (28).E2E/2- 25- 2017 10- 12- 57 PM/Image 7.png,DME,train,9bddc29f3496838d8eb089f7ed0110614dacb66bd71cf3446d88ebba76fbe340,1091a37572e4d4b22c462de6b2d7fdc49440f203866ba052ecc5f6107119f017,d086b1b29593c1cdada72e9b45e1fc1e425830f990c796ed67eeed08b0b4e5f6
AMD Part1/AMD (24).E2E/2- 25- 2017 5- 17- 27 PM/Image 57,/kaggle/input/aether-oct5k-pilot/Images/Images_Manual/AMD Part1/AMD (24).E2E/2- 25- 2017 5- 17- 27 PM/Image 57.png,/kaggle/input/aether-oct5k-pilot/Masks/Masks_Manual/Grading_1/AMD Part1/AMD (24).E2E/2- 25- 2017 5- 17- 27 PM/Image 57.png,AMD Part1,train,4565b570aae476e1a54ffb46bccef39d081d15a3c159cc063fc498dc97224750,8a2147e58407b570c336edeb8be96d1baab4704645070c04fe8bdbabb6f77da1,f92b0ab8a2445a48806db2027b2cce9e234fdb400e4fe6904c2fd492665b788c
AMD Part1/AMD (26).E2E/2- 25- 2017 5- 23- 01 PM/Image 48,/kaggle/input/aether-oct5k-pilot/Images/Images_Manual/AMD Part1/AMD (26).E2E/2- 25- 2017 5- 23- 01 PM/Image 48.png,/kaggle/input/aether-oct5k-pilot/Masks/Masks_Manual/Grading_1/AMD Part1/AMD (26).E2E/2- 25- 2017 5- 23- 01 PM/Image 48.png,AMD Part1,train,e7fb43f850b9ede65b6cf947872ad745bc818985a0e053e01bba196ad8a0b76b,20746996cfc7378b447ba4fa2aaa391789014872659a9672957148b5319fff70,65d094ec9d4e768ab689e1756de8496fcfbcbf886da2fba44f9c0ac1a15f428b
AMD Part1/AMD (22).E2E/2- 25- 2017 5- 11- 45 PM/Image 13,/kaggle/input/aether-oct5k-pilot/Images/Images_Manual/AMD Part1/AMD (22).E2E/2- 25- 2017 5- 11- 45 PM/Image 13.png,/kaggle/input/aether-oct5k-pilot/Masks/Masks_Manual/Grading_1/AMD Part1/AMD (22).E2E/2- 25- 2017 5- 11- 45 PM/Image 13.png,AMD Part1,train,8da59982453d2f36df411f6d639b6a0670b1fb9e5ae1a724d4187b9a90f44376,accba3db47fbb0c1071028150870754d99025a9a237fd70d8e3f3bf8820c8e6c,d335fe5675489775ad268d18da1244873c891ed18492362536538f3bae755474
Normal Part1/Normal (26).E2E/2- 26- 2017 9- 44- 13 AM/Image 26,/kaggle/input/aether-oct5k-pilot/Images/Images_Manual/Normal Part1/Normal (26).E2E/2- 26- 2017 9- 44- 13 AM/Image 26.png,/kaggle/input/aether-oct5k-pilot/Masks/Masks_Manual/Grading_1/Normal Part1/Normal (26).E2E/2- 26- 2017 9- 44- 13 AM/Image 26.png,Normal Part1,train,0994d0bdb7a103b842b0a8a5cd28f90b39cbb23d82d1b9e9df366b99abf643ad,9110714b0bd4e59defca91f17155746c4465d53586033ce844f75f78307006a8,8f01526d4f66c530fa1d7dbc51359b5c309ea6086b6f746e7e1de2fd367b3b86
AMD Part1/AMD (31).E2E/2- 25- 2017 8- 43- 15 PM/Image 19,/kaggle/input/aether-oct5k-pilot/Images/Images_Manual/AMD Part1/AMD (31).E2E/2- 25- 2017 8- 43- 15 PM/Image 19.png,/kaggle/input/aether-oct5k-pilot/Masks/Masks_Manual/Grading_1/AMD Part1/AMD (31).E2E/2- 25- 2017 8- 43- 15 PM/Image 19.png,AMD Part1,train,f25acfe3b0cec9eb7334ff80f503ac94d4f248d2a0010bb20a13ef2b2807b4ff,27766165280cc7786fb1ea64d33ab78c9a27b9ae15ef89036269650237936e51,82e593141a23e8b8df2abe64ad270cdc9c9a5a6b4823429bc318891fac5e3521
DME/DME (30).E2E/2- 25- 2017 10- 16- 46 PM/Image 8,/kaggle/input/aether-oct5k-pilot/Images/Images_Manual/DME/DME (30).E2E/2- 25- 2017 10- 16- 46 PM/Image 8.png,/kaggle/input/aether-oct5k-pilot/Masks/Masks_Manual/Grading_1/DME/DME (30).E2E/2- 25- 2017 10- 16- 46 PM/Image 8.png,DME,train,5ad011101d12609b9331a233803fab1d0fa0a69193845399a81d19dce48d20eb,169c851c8bd4cf55d34ea68ca9eb6bdaac1fe5eabc771a872084374be8b691b1,8357ba49a361becc39a18bd9c2f0500accafe8e063ddf5169c8b0b0b73dea432
DME/DME (11).E2E/2- 25- 2017 9- 47- 31 PM/Image 14,/kaggle/input/aether-oct5k-pilot/Images/Images_Manual/DME/DME (11).E2E/2- 25- 2017 9- 47- 31 PM/Image 14.png,/kaggle/input/aether-oct5k-pilot/Masks/Masks_Manual/Grading_1/DME/DME (11).E2E/2- 25- 2017 9- 47- 31 PM/Image 14.png,DME,train,6e7683fc689e299ac499332b5e8543c4021bea70cf762e44926e21e5b84e7eee,aeab7f6890b2ba3760fe982d227ad447f9708e7bd27a12a83c57d13e7efc000d,b98618335732a1eca36f7820d6080ed18c4a4c0106e6ab0c390a10bc41daa693
Normal Part2/Normal (47).E2E/2- 26- 2017 10- 21- 43 AM/Image 36,/kaggle/input/aether-oct5k-pilot/Images/Images_Manual/Normal Part2/Normal (47).E2E/2- 26- 2017 10- 21- 43 AM/Image 36.png,/kaggle/input/aether-oct5k-pilot/Masks/Masks_Manual/Grading_1/Normal Part2/Normal (47).E2E/2- 26- 2017 10- 21- 43 AM/Image 36.png,Normal Part2,train,222fb525259b256ffeff68cb2e29f0ef2ceeb3ec73a5e8651aaf78241e016b14,21178e415e6500e5bc5600a89405e10a431fb7c87b823cbaf55577d9bf7bd959,35633d45108255d237aa70ea1dd336c6acb5bfdf5f55aaec53bd1aba2a15ce97
AMD Part1/AMD (23).E2E/2- 25- 2017 5- 14- 57 PM/Image 37,/kaggle/input/aether-oct5k-pilot/Images/Images_Manual/AMD Part1/AMD (23).E2E/2- 25- 2017 5- 14- 57 PM/Image 37.png,/kaggle/input/aether-oct5k-pilot/Masks/Masks_Manual/Grading_1/AMD Part1/AMD (23).E2E/2- 25- 2017 5- 14- 57 PM/Image 37.png,AMD Part1,train,c13a0141a08f0dc000a9b71eadfac27d9c4dde16c6ea4ee5ef79f65e8d8d36d5,03ba40f26a2e0ae936a8ea0f9f9db85db404e735cb96a07d92e1657aa9dfc9d8,84df268760744c4dae557665c7aeca2c9dafcdb0bc8db325c39115fb45b2a9f0
DME/DME (26).E2E/2- 25- 2017 10- 10- 17 PM/Image 4,/kaggle/input/aether-oct5k-pilot/Images/Images_Manual/DME/DME (26).E2E/2- 25- 2017 10- 10- 17 PM/Image 4.png,/kaggle/input/aether-oct5k-pilot/Masks/Masks_Manual/Grading_1/DME/DME (26).E2E/2- 25- 2017 10- 10- 17 PM/Image 4.png,DME,train,3e30ba679e52561b2235fbefef0e7f48ee16e5c1a970b22c347df5f95059a9ea,5a7884000184619f36556b2a63f1665adc919cd5cbea6f8448faca5e73054054,56a874bc1490254f1f1baccaac7e19567d48fc761f900a2ac3fe44d9854d40c6
DME/DME (9).E2E/2- 25- 2017 9- 45- 28 PM/Image 57,/kaggle/input/aether-oct5k-pilot/Images/Images_Manual/DME/DME (9).E2E/2- 25- 2017 9- 45- 28 PM/Image 57.png,/kaggle/input/aether-oct5k-pilot/Masks/Masks_Manual/Grading_1/DME/DME (9).E2E/2- 25- 2017 9- 45- 28 PM/Image 57.png,DME,train,cd29d7fc28f7c3285c03f0bc25149f45c24287b98d2d79bf44528474c63b147e,c54d69f949aa50b6ea354925100af81f5b05e8bab5dffc5023dcb82342aab6f7,60be9e5994b66cc815d924a83447fb43177cf18a1528dbff1ae8a19b5847fb7a
AMD Part1/AMD (11).E2E/2- 25- 2017 4- 44- 26 PM/Image 17,/kaggle/input/aether-oct5k-pilot/Images/Images_Manual/AMD Part1/AMD (11).E2E/2- 25- 2017 4- 44- 26 PM/Image 17.png,/kaggle/input/aether-oct5k-pilot/Masks/Masks_Manual/Grading_1/AMD Part1/AMD (11).E2E/2- 25- 2017 4- 44- 26 PM/Image 17.png,AMD Part1,train,b0565adcdd30e58aa5103850f18184c22cbb2910f13e79944a437b8a98111bda,1ea0d7fc80d6e3f187239a3b8311cbbd8dd80254e074e256d85169917a597e31,cb6c3e2c01bc6e5bd3d6cf74d7bf2ffc568540433a573a10ab27533fef24b5aa
DME/DME (11).E2E/2- 25- 2017 9- 47- 31 PM/Image 9,/kaggle/input/aether-oct5k-pilot/Images/Images_Manual/DME/DME (11).E2E/2- 25- 2017 9- 47- 31 PM/Image 9.png,/kaggle/input/aether-oct5k-pilot/Masks/Masks_Manual/Grading_1/DME/DME (11).E2E/2- 25- 2017 9- 47- 31 PM/Image 9.png,DME,train,bf9641f0892cae89fca82b870483a8c22241bba23628aca61044023c243ae055,125cf6e6a5cd288917352c84f976a04fc485ca1f57e65b0a161b377630ad30f8,0332430b90908777f5f567f6074c3e405fa7f544ac64409c77c7ea1600ffc107
Normal Part1/Normal (6).E2E/2- 26- 2017 9- 12- 11 AM/Image 6,/kaggle/input/aether-oct5k-pilot/Images/Images_Manual/Normal Part1/Normal (6).E2E/2- 26- 2017 9- 12- 11 AM/Image 6.png,/kaggle/input/aether-oct5k-pilot/Masks/Masks_Manual/Grading_1/Normal Part1/Normal (6).E2E/2- 26- 2017 9- 12- 11 AM/Image 6.png,Normal Part1,train,944f0dda62f0a300daffb784780e9f4c65368448e04c05e6cd46249d313f5a3b,b5738749b3725842635ee74ec0765c623078c6616453836c8086b8679f7110ae,a600f589fd7f20eef3de535ac52fa989fb9b4f3b62bdffb324db447cd3c1e8a0
Normal Part1/Normal (7).E2E/2- 26- 2017 9- 14- 12 AM/Image 8,/kaggle/input/aether-oct5k-pilot/Images/Images_Manual/Normal Part1/Normal (7).E2E/2- 26- 2017 9- 14- 12 AM/Image 8.png,/kaggle/input/aether-oct5k-pilot/Masks/Masks_Manual/Grading_1/Normal Part1/Normal (7).E2E/2- 26- 2017 9- 14- 12 AM/Image 8.png,Normal Part1,train,83b1d5d2ac76b431f88568858d17acdd6cf3566837e6056ede34ce6e7145e9bd,83b3dcda6c9c15ec7ed0d0976dd89ee6376525a633577a72746c663b899bcc64,5aadb442194e1af374414fcb27aef41b4e247a87fd8990b4e252609519205070
AMD Part1/AMD (29).E2E/2- 25- 2017 8- 39- 05 PM/Image 13,/kaggle/input/aether-oct5k-pilot/Images/Images_Manual/AMD Part1/AMD (29).E2E/2- 25- 2017 8- 39- 05 PM/Image 13.png,/kaggle/input/aether-oct5k-pilot/Masks/Masks_Manual/Grading_1/AMD Part1/AMD (29).E2E/2- 25- 2017 8- 39- 05 PM/Image 13.png,AMD Part1,train,cc6ae3e98f4edcc6387ef00420ac6db89025199628ee6ea476523f2935a0e48a,78e2f78a87e34cb91f7d24dd7a79aec1e820440e655a6bb2ae31238e7fb69429,f26183de737610fc4550890afb8898ca62045e6ff7db308dd94dd59c9fe99d6e
AMD Part1/AMD (26).E2E/2- 25- 2017 5- 23- 01 PM/Image 53,/kaggle/input/aether-oct5k-pilot/Images/Images_Manual/AMD Part1/AMD (26).E2E/2- 25- 2017 5- 23- 01 PM/Image 53.png,/kaggle/input/aether-oct5k-pilot/Masks/Masks_Manual/Grading_1/AMD Part1/AMD (26).E2E/2- 25- 2017 5- 23- 01 PM/Image 53.png,AMD Part1,train,058c39cb33dbbea7ed84ad61bb87437fb70450c6a314bf65e62b7a42b0af194f,051d6ecfc8aec1c04f2a1204868f08ea92fa7ac7e4292603a697eadfb8a6739c,e84d534151c07fd787a2cbeec94c5d791f5c09af8fc4fff2b073ac9826b22af3
AMD Part1/AMD (31).E2E/2- 25- 2017 8- 43- 15 PM/Image 4,/kaggle/input/aether-oct5k-pilot/Images/Images_Manual/AMD Part1/AMD (31).E2E/2- 25- 2017 8- 43- 15 PM/Image 4.png,/kaggle/input/aether-oct5k-pilot/Masks/Masks_Manual/Grading_1/AMD Part1/AMD (31).E2E/2- 25- 2017 8- 43- 15 PM/Image 4.png,AMD Part1,train,444899282beb6b139443f6803330e48797b1f7930e73237e589bad8a6981ce18,e88d483f1f0f4a4882eb981424ce4eca971298f5bb18e9a7dac0b19a3ea65707,4dc1b364d5a610b97f16a23b285dc1000aa5ce2cc0766a562bb559160114662b
DME/DME (9).E2E/2- 25- 2017 9- 45- 28 PM/Image 39,/kaggle/input/aether-oct5k-pilot/Images/Images_Manual/DME/DME (9).E2E/2- 25- 2017 9- 45- 28 PM/Image 39.png,/kaggle/input/aether-oct5k-pilot/Masks/Masks_Manual/Grading_1/DME/DME (9).E2E/2- 25- 2017 9- 45- 28 PM/Image 39.png,DME,train,a50b1d17300acd98e678e98383ab9f8da7991326128c86ced823217c6b9c5019,d8c55316df81b438056e19a6f59af55dc11a0d51bc8d8337d10e5c3aabde05d2,33ea30fd33a8e9abdc1a45ec5e838e47a91218d230cbe3a193bf54f0aa3b743f
Normal Part1/Normal (12).E2E/2- 26- 2017 9- 23- 28 AM/Image 10,/kaggle/input/aether-oct5k-pilot/Images/Images_Manual/Normal Part1/Normal (12).E2E/2- 26- 2017 9- 23- 28 AM/Image 10.png,/kaggle/input/aether-oct5k-pilot/Masks/Masks_Manual/Grading_1/Normal Part1/Normal (12).E2E/2- 26- 2017 9- 23- 28 AM/Image 10.png,Normal Part1,train,eddd49cbb417af581bac326e5880e0431d5c60cb5b15cede17893e7c0a419630,f7915af9c067f823b4320360dbd5b8e41659128a91f90111dd96b47995bb984d,268a0957cc4ebd11da987cb0f67a51507880da458ec0a9b26b4f5e2b359deca0
AMD Part1/AMD (13).E2E/2- 25- 2017 4- 48- 43 PM/Image 59,/kaggle/input/aether-oct5k-pilot/Images/Images_Manual/AMD Part1/AMD (13).E2E/2- 25- 2017 4- 48- 43 PM/Image 59.png,/kaggle/input/aether-oct5k-pilot/Masks/Masks_Manual/Grading_1/AMD Part1/AMD (13).E2E/2- 25- 2017 4- 48- 43 PM/Image 59.png,AMD Part1,train,d52a403f12c21bbbfcc64c4d3259881593be6330cb916da3a3b2787312c21981,8b87e1cdfe3164d17039f734f31d74a3cd4fc57b17695512f6dc7b6226a4b1e5,dc67a05d747f74dd168b65af7143ba3b2fdddf63af2941265a3fe018d84f98a9
Normal Part2/Normal (38).E2E/2- 26- 2017 10- 06- 02 AM/Image 12,/kaggle/input/aether-oct5k-pilot/Images/Images_Manual/Normal Part2/Normal (38).E2E/2- 26- 2017 10- 06- 02 AM/Image 12.png,/kaggle/input/aether-oct5k-pilot/Masks/Masks_Manual/Grading_1/Normal Part2/Normal (38).E2E/2- 26- 2017 10- 06- 02 AM/Image 12.png,Normal Part2,train,f25c391f9bc59c0166ee831708a054db7e7d7eaa714a49a54662cc0bb2fc3eb3,5f7a25e04a05cde787a2ffe438e10e8c83f04027dbbc895e8202522c04484c1a,82c99d8cd2b984cac4d0be267f345fbd781922127b5164b214cf9ccb92fdfb81
AMD Part1/AMD (23).E2E/2- 25- 2017 5- 14- 57 PM/Image 36,/kaggle/input/aether-oct5k-pilot/Images/Images_Manual/AMD Part1/AMD (23).E2E/2- 25- 2017 5- 14- 57 PM/Image 36.png,/kaggle/input/aether-oct5k-pilot/Masks/Masks_Manual/Grading_1/AMD Part1/AMD (23).E2E/2- 25- 2017 5- 14- 57 PM/Image 36.png,AMD Part1,train,e9471851a494b9824ba2577fa15f14eeab949164603750d47b2e865b7546c960,56df64b51a542f217b7332599d1b9ba0d1f8cdba77682ee5362c2fbfd8c1aa69,c4ca6bb28d1fe5a633cd8a6d5cecfec0c991828a1deb2583db915259acb42e44
DME/DME (15).E2E/2- 25- 2017 9- 53- 19 PM/Image 11,/kaggle/input/aether-oct5k-pilot/Images/Images_Manual/DME/DME (15).E2E/2- 25- 2017 9- 53- 19 PM/Image 11.png,/kaggle/input/aether-oct5k-pilot/Masks/Masks_Manual/Grading_1/DME/DME (15).E2E/2- 25- 2017 9- 53- 19 PM/Image 11.png,DME,train,df6e362afdcac15ae3a91b8f7a40c882fc2bdf277365465056b8e6144855e239,1567288db0aaa271be8e119c84880bc21141b1cecd3b32f3bc1601931c79cc37,30456536ca0941279200779269348008db384d1dad99421f96a622a1c72741f5
Normal Part2/Normal (39).E2E/2- 26- 2017 10- 08- 18 AM/Image 5,/kaggle/input/aether-oct5k-pilot/Images/Images_Manual/Normal Part2/Normal (39).E2E/2- 26- 2017 10- 08- 18 AM/Image 5.png,/kaggle/input/aether-oct5k-pilot/Masks/Masks_Manual/Grading_1/Normal Part2/Normal (39).E2E/2- 26- 2017 10- 08- 18 AM/Image 5.png,Normal Part2,train,fe331fc930433aac4582d5f227c7df226bf6616e42d1c4999529320f467ced36,e7195ef79d5f680109defc8cdb386ad61d2a431d606db10dd22c127691bb59e2,eec7727f49b23e0342bf0f3b179b83778da4ef02b8f04ed8b370a745de2c82cf
AMD Part1/AMD (13).E2E/2- 25- 2017 4- 48- 43 PM/Image 53,/kaggle/input/aether-oct5k-pilot/Images/Images_Manual/AMD Part1/AMD (13).E2E/2- 25- 2017 4- 48- 43 PM/Image 53.png,/kaggle/input/aether-oct5k-pilot/Masks/Masks_Manual/Grading_1/AMD Part1/AMD (13).E2E/2- 25- 2017 4- 48- 43 PM/Image 53.png,AMD Part1,train,54972026cf879b05b79939799bb13edc0f88437cc481cba61d6297f5eb4ced6c,92ce778e35e96be0554552c5db5471dc3b3528d38a52a8a887bf56940dfc3030,74f41fa8bcc76e59e9e62e69547c01dc19b3b9e087968f7bed01071036cb36ca
AMD Part1/AMD (10).E2E/2- 25- 2017 9- 27- 53 PM/Image 8,/kaggle/input/aether-oct5k-pilot/Images/Images_Manual/AMD Part1/AMD (10).E2E/2- 25- 2017 9- 27- 53 PM/Image 8.png,/kaggle/input/aether-oct5k-pilot/Masks/Masks_Manual/Grading_1/AMD Part1/AMD (10).E2E/2- 25- 2017 9- 27- 53 PM/Image 8.png,AMD Part1,train,352134c2d7becb2fe45e833148c7b645504b82aac867208ac63455df3e654158,5c285d266a7b155b9af997303c532f7ba95eb93db69eff2de6110730c6054a01,e70fef828681ebd4a58b252cab704b9665dd1bf8b52db35c30f042dcfbc9634a
DME/DME (14).E2E/2- 25- 2017 9- 51- 49 PM/Image 14,/kaggle/input/aether-oct5k-pilot/Images/Images_Manual/DME/DME (14).E2E/2- 25- 2017 9- 51- 49 PM/Image 14.png,/kaggle/input/aether-oct5k-pilot/Masks/Masks_Manual/Grading_1/DME/DME (14).E2E/2- 25- 2017 9- 51- 49 PM/Image 14.png,DME,train,670577b71e0556ba34d7bb2ab20ded11e0317f31c55c7a66307ed9cee8ceea59,8a0b2831faaca9bf0ffd82879c1293ea51db447340e395884eb2625a2a2ae34c,42ec81a2da53d9e34c8f4394ed8e2cce945cf0fa820fb20ee3751cb83c39ca39
Normal Part1/Normal (9).E2E/2- 26- 2017 9- 15- 48 AM/Image 6,/kaggle/input/aether-oct5k-pilot/Images/Images_Manual/Normal Part1/Normal (9).E2E/2- 26- 2017 9- 15- 48 AM/Image 6.png,/kaggle/input/aether-oct5k-pilot/Masks/Masks_Manual/Grading_1/Normal Part1/Normal (9).E2E/2- 26- 2017 9- 15- 48 AM/Image 6.png,Normal Part1,train,0637a7942a26b83bfda61c8bfdec1b7b0c38c716583440d3f7472891c8298f4d,4b5117d86d1f6edfb0182e27a64a9d4bab08d5b1523f1ffb9572d295ebdcb819,d158afd35daa9e3351b9bd2cd6ed67434fb957c24b3e6bf5d231c10ed1705d7d
Normal Part1/Normal (25).E2E/2- 26- 2017 9- 42- 47 AM/Image 10,/kaggle/input/aether-oct5k-pilot/Images/Images_Manual/Normal Part1/Normal (25).E2E/2- 26- 2017 9- 42- 47 AM/Image 10.png,/kaggle/input/aether-oct5k-pilot/Masks/Masks_Manual/Grading_1/Normal Part1/Normal (25).E2E/2- 26- 2017 9- 42- 47 AM/Image 10.png,Normal Part1,train,4ec718e00be2bfe985401022264f9431497a24a047206291815c517ea8920a0b,ca98c684ccb1ef73ab74a3d7580b57ecc7fec62975cb6d6c82dc0290881d3ac3,16e7acac86943f22bf32aafa056352758241ecebe30ddc89ebca100d1d8092a4
DME/DME (9).E2E/2- 25- 2017 9- 45- 28 PM/Image 51,/kaggle/input/aether-oct5k-pilot/Images/Images_Manual/DME/DME (9).E2E/2- 25- 2017 9- 45- 28 PM/Image 51.png,/kaggle/input/aether-oct5k-pilot/Masks/Masks_Manual/Grading_1/DME/DME (9).E2E/2- 25- 2017 9- 45- 28 PM/Image 51.png,DME,train,3f97244011c1159f977104f5241706b642dbcaddd1f32685a3c3e4b7e6ceb2de,7a93d41fc0cb18e8c9d0d0a77c5265696c6fc78a7dbfd8dfbf405976fa9bdcc4,5a75e8e79a8944aefb99775c5c17826f9af0363aea79a860f91f2114e86bbd5e
DME/DME (35).E2E/2- 25- 2017 10- 23- 21 PM/Image 17,/kaggle/input/aether-oct5k-pilot/Images/Images_Manual/DME/DME (35).E2E/2- 25- 2017 10- 23- 21 PM/Image 17.png,/kaggle/input/aether-oct5k-pilot/Masks/Masks_Manual/Grading_1/DME/DME (35).E2E/2- 25- 2017 10- 23- 21 PM/Image 17.png,DME,train,9ab992456c8ebd8a7d3e5a9f148970e19c8451d29ce476190535e8b802a2c35c,189c982191125bf70546eb2a8c251abe6b981ed39b012ef1ec4ece4e70b1446c,6640dae00ab9ceee39c1fde6ef0abbc532df62fc24d317fc583c69df596405f1
AMD Part1/AMD (29).E2E/2- 25- 2017 8- 39- 05 PM/Image 14,/kaggle/input/aether-oct5k-pilot/Images/Images_Manual/AMD Part1/AMD (29).E2E/2- 25- 2017 8- 39- 05 PM/Image 14.png,/kaggle/input/aether-oct5k-pilot/Masks/Masks_Manual/Grading_1/AMD Part1/AMD (29).E2E/2- 25- 2017 8- 39- 05 PM/Image 14.png,AMD Part1,train,2eb3b1e87b1df656e3adabd29ad180187db86f70f24c22e7eb1a97c7ffaa15db,5573a80b5c3b96df08e710883ef8349ab56d41e259d2d8bb53f19b65c4e63525,c0a70a4c2f8e9f9925d84470f670385149e963fd8fa076daaf61ce6378502eec
AMD Part2/AMD (40).E2E/2- 25- 2017 9- 08- 13 PM/Image 17,/kaggle/input/aether-oct5k-pilot/Images/Images_Manual/AMD Part2/AMD (40).E2E/2- 25- 2017 9- 08- 13 PM/Image 17.png,/kaggle/input/aether-oct5k-pilot/Masks/Masks_Manual/Grading_1/AMD Part2/AMD (40).E2E/2- 25- 2017 9- 08- 13 PM/Image 17.png,AMD Part2,train,51cd54332e9e2a84e6c3ebf55f581a2ed5c7c73f5e27d4d447fe3234a8a27b9f,4b92d19029d39b3cfdeb357824d1ab620e15489fbfce85b9fc83767b9ef83417,2cf5b576a450e00fba7c1ab4b8cf9aa7c11b997a0fcd4edb3a89c9c7ca36ebc0
AMD Part1/AMD (13).E2E/2- 25- 2017 4- 48- 43 PM/Image 43,/kaggle/input/aether-oct5k-pilot/Images/Images_Manual/AMD Part1/AMD (13).E2E/2- 25- 2017 4- 48- 43 PM/Image 43.png,/kaggle/input/aether-oct5k-pilot/Masks/Masks_Manual/Grading_1/AMD Part1/AMD (13).E2E/2- 25- 2017 4- 48- 43 PM/Image 43.png,AMD Part1,train,1c4ddfb261f58a266a2c348acaa6e440f860d44d85d0edf5f0fc554d8dbb082b,939d3f2fae3e1af6c262df1b287e142b603a654a6565fa0121a1dc683563e73f,c772c9247dd66b93256dae7f7bca35352e0eb6c8fc74be9af59aada31068e982
DME/DME (28).E2E/2- 25- 2017 10- 12- 57 PM/Image 9,/kaggle/input/aether-oct5k-pilot/Images/Images_Manual/DME/DME (28).E2E/2- 25- 2017 10- 12- 57 PM/Image 9.png,/kaggle/input/aether-oct5k-pilot/Masks/Masks_Manual/Grading_1/DME/DME (28).E2E/2- 25- 2017 10- 12- 57 PM/Image 9.png,DME,train,8ed7dd6dedb504ef35a5aa7da1c0aa0997f39f4a0b8f91a5e47ae73c1cfc2085,3cc17f15bc6ef5854df941a49ffb240d489f24ab2cfd2ef6ec3b8585c1238644,d2cbff4966f839f90995a6950f363c15e99fb64ceb4897d1317a7afba8bd8b85
AMD Part1/AMD (22).E2E/2- 25- 2017 5- 11- 45 PM/Image 46,/kaggle/input/aether-oct5k-pilot/Images/Images_Manual/AMD Part1/AMD (22).E2E/2- 25- 2017 5- 11- 45 PM/Image 46.png,/kaggle/input/aether-oct5k-pilot/Masks/Masks_Manual/Grading_1/AMD Part1/AMD (22).E2E/2- 25- 2017 5- 11- 45 PM/Image 46.png,AMD Part1,train,35375e3bbeb1ce7c06a7f6d7e3e9088598ddc7450ceb1c3d00387f2995c9d860,7419dff838ab39082a86eb534d7228a9f4c0f16b46b950cea3e9a7b2e3b5957e,7d3a52c8788a1f008e7c938e38985f40fda9a3b83a2cdf89a1244fcd45256015
DME/DME (4).E2E/2- 25- 2017 9- 38- 17 PM/Image 1,/kaggle/input/aether-oct5k-pilot/Images/Images_Manual/DME/DME (4).E2E/2- 25- 2017 9- 38- 17 PM/Image 1.png,/kaggle/input/aether-oct5k-pilot/Masks/Masks_Manual/Grading_1/DME/DME (4).E2E/2- 25- 2017 9- 38- 17 PM/Image 1.png,DME,train,268b6202e404d8511b208f8e724486b2755770140461aaeb8038c822b07a3ddc,2cdd23e04372f81c60f578549f26afb43f8d49789fdbf4c41b9c9a57e00aee12,34e379644527ad4ea69d6613f7fe522420057a6b6a0fd645efd5cd50b54b7324
AMD Part1/AMD (23).E2E/2- 25- 2017 5- 14- 57 PM/Image 31,/kaggle/input/aether-oct5k-pilot/Images/Images_Manual/AMD Part1/AMD (23).E2E/2- 25- 2017 5- 14- 57 PM/Image 31.png,/kaggle/input/aether-oct5k-pilot/Masks/Masks_Manual/Grading_1/AMD Part1/AMD (23).E2E/2- 25- 2017 5- 14- 57 PM/Image 31.png,AMD Part1,train,106c33b217e5e1c7ed6c95b7ef6850112c54e7b9e0f7cec5a36eab3d47549bb8,83b9beaa31f0a0cdc19fd4769ca2d053fd6f119c1bf0b33bb5866e970c48b823,b1c1a03f291cb8cd43d35b2e4fe54beccc9ba718b00b08564d0469a82f9ae14f
DME/DME (29).E2E/2- 25- 2017 10- 15- 35 PM/Image 13,/kaggle/input/aether-oct5k-pilot/Images/Images_Manual/DME/DME (29).E2E/2- 25- 2017 10- 15- 35 PM/Image 13.png,/kaggle/input/aether-oct5k-pilot/Masks/Masks_Manual/Grading_1/DME/DME (29).E2E/2- 25- 2017 10- 15- 35 PM/Image 13.png,DME,train,3366c5558e9fe3780766ac5720ba3a48b6321c529c9e0a808a94221e9c049aac,599a8b1b5cf5d945173517b726fa1beb3095c72efdc1b654ac7689f4a5fea736,05f6fc8ee0234356436e7159dd38d81dcf2f5649b25646eac0278fd73922e3d0
Normal Part1/Normal (14).E2E/2- 26- 2017 9- 26- 02 AM/Image 2,/kaggle/input/aether-oct5k-pilot/Images/Images_Manual/Normal Part1/Normal (14).E2E/2- 26- 2017 9- 26- 02 AM/Image 2.png,/kaggle/input/aether-oct5k-pilot/Masks/Masks_Manual/Grading_1/Normal Part1/Normal (14).E2E/2- 26- 2017 9- 26- 02 AM/Image 2.png,Normal Part1,train,5c1daafe09116174665921a100743c81a1d47efd2f118bb0f5734e23a5f38b60,776aa2fbb75f3f2f9509253a95ed4eb95c54708218b50e6cbdbc652a48210557,bdf0e63e48d0bcf575e962b57a06a52319fb88631fe5e35c2b3c327944b5ea47
DME/DME (9).E2E/2- 25- 2017 9- 45- 28 PM/Image 30,/kaggle/input/aether-oct5k-pilot/Images/Images_Manual/DME/DME (9).E2E/2- 25- 2017 9- 45- 28 PM/Image 30.png,/kaggle/input/aether-oct5k-pilot/Masks/Masks_Manual/Grading_1/DME/DME (9).E2E/2- 25- 2017 9- 45- 28 PM/Image 30.png,DME,train,835b116f5518d21ff181b4c2c7a47207b669e49369d98f4d0137bcc80528a24e,0ded67d7fbead83b0be3b9393dc2acd26b60c86bbbb3412c3ca8616d612cd29f,6ea31f8c2560dda76ffa3d1189a607e7afd1fa039dc4446b3d4dd4d7bed9012c
DME/DME (9).E2E/2- 25- 2017 9- 45- 28 PM/Image 58,/kaggle/input/aether-oct5k-pilot/Images/Images_Manual/DME/DME (9).E2E/2- 25- 2017 9- 45- 28 PM/Image 58.png,/kaggle/input/aether-oct5k-pilot/Masks/Masks_Manual/Grading_1/DME/DME (9).E2E/2- 25- 2017 9- 45- 28 PM/Image 58.png,DME,train,45f2e6c5f69fc19ce86f9805ac2546d53e5a862812e4b26b144e4bba2c719192,bac0628addc4d6ada5ec80e02a5e386b930e10c2a02280231be1c7d4f667e1ea,0fc3f8c8b1b6aa829ae27b8ecd51c70293e0f36466ab778464138754aaf94b85
AMD Part2/AMD (40).E2E/2- 25- 2017 9- 08- 13 PM/Image 4,/kaggle/input/aether-oct5k-pilot/Images/Images_Manual/AMD Part2/AMD (40).E2E/2- 25- 2017 9- 08- 13 PM/Image 4.png,/kaggle/input/aether-oct5k-pilot/Masks/Masks_Manual/Grading_1/AMD Part2/AMD (40).E2E/2- 25- 2017 9- 08- 13 PM/Image 4.png,AMD Part2,train,eda89999d6b313a69f15bfb30bb62cb9aeb819651b4dd2cdc1a5884d2ff6994e,0a9f4ab64c55ea81ebfd4deef8ce28e59a47474c5f36589a8211cc4326bf0bca,1d175ac4a555d06f258bb9c2a81ad4f2524ef0fccb974a36557566bd859dd7c4
AMD Part1/AMD (8).E2E/2- 25- 2017 9- 21- 50 PM/Image 6,/kaggle/input/aether-oct5k-pilot/Images/Images_Manual/AMD Part1/AMD (8).E2E/2- 25- 2017 9- 21- 50 PM/Image 6.png,/kaggle/input/aether-oct5k-pilot/Masks/Masks_Manual/Grading_1/AMD Part1/AMD (8).E2E/2- 25- 2017 9- 21- 50 PM/Image 6.png,AMD Part1,train,c2687940c876a05124ab4f8bac56125bfb68e44bacfd1d5a8b1f962903bb4933,197e49cdbb851c03bcc0714d80bdfbc52a72bb0bd7cb958181f2d40df9120dee,fd488dfb7104332cb84464f187d3ce874a79a68cec6ee1b5dabc39ba6ca39e93
AMD Part1/AMD (26).E2E/2- 25- 2017 5- 23- 01 PM/Image 2,/kaggle/input/aether-oct5k-pilot/Images/Images_Manual/AMD Part1/AMD (26).E2E/2- 25- 2017 5- 23- 01 PM/Image 2.png,/kaggle/input/aether-oct5k-pilot/Masks/Masks_Manual/Grading_1/AMD Part1/AMD (26).E2E/2- 25- 2017 5- 23- 01 PM/Image 2.png,AMD Part1,train,f5b2577285f15883ae9906b26866211d548bcd677eb708de222196f552383757,af3ef6781901e61c7d63925e79af9ab1cd6ae461c54d2d0fe4e1aed49f6ea823,3f6bc85357af691881207a82e5571426a069b4fd6c5d96460434b0b143fb1699
Normal Part1/Normal (25).E2E/2- 26- 2017 9- 42- 47 AM/Image 37,/kaggle/input/aether-oct5k-pilot/Images/Images_Manual/Normal Part1/Normal (25).E2E/2- 26- 2017 9- 42- 47 AM/Image 37.png,/kaggle/input/aether-oct5k-pilot/Masks/Masks_Manual/Grading_1/Normal Part1/Normal (25).E2E/2- 26- 2017 9- 42- 47 AM/Image 37.png,Normal Part1,train,6f0e65c5d6ff8e7511d5bcd5538491e806d1fbe7a6291dffe987bc3bd757354f,dfa77f573e1f348c1c79aaaee4f3f9b347246236933824e349a457161777c161,791ddf966d33b6ae961f0b7152b9a091c155ab17151e5310d76641acf1ad0721
Normal Part2/Normal (39).E2E/2- 26- 2017 10- 08- 18 AM/Image 18,/kaggle/input/aether-oct5k-pilot/Images/Images_Manual/Normal Part2/Normal (39).E2E/2- 26- 2017 10- 08- 18 AM/Image 18.png,/kaggle/input/aether-oct5k-pilot/Masks/Masks_Manual/Grading_1/Normal Part2/Normal (39).E2E/2- 26- 2017 10- 08- 18 AM/Image 18.png,Normal Part2,train,3ff4a9850f2c039eecf8adaa570c745d2c0a27d56bed71c7adeaa9931e039461,0d457a2475e2092f4f56d227b95b9ae2daa6118e67c488b582347a6e7d36c0c5,1128ad35ce18c46f9c4de64faa70ad15fdf18032e7c2a337ddf8c4047a132121
DME/DME (4).E2E/2- 25- 2017 9- 38- 17 PM/Image 10,/kaggle/input/aether-oct5k-pilot/Images/Images_Manual/DME/DME (4).E2E/2- 25- 2017 9- 38- 17 PM/Image 10.png,/kaggle/input/aether-oct5k-pilot/Masks/Masks_Manual/Grading_1/DME/DME (4).E2E/2- 25- 2017 9- 38- 17 PM/Image 10.png,DME,train,f2ff3a758573202730de9a68a3670b316f1befedd4ae16b8919dc715dbabc4e4,8f6330849d9f9c72d6fc509516664f10bfc4d31c2756e1a8642ccae93543a4de,dc37799b5768243f64d7c6917b4fc3c649543d11e686953b75a5fcc17b287343
Normal Part2/Normal (37).E2E/2- 26- 2017 10- 05- 11 AM/Image 10,/kaggle/input/aether-oct5k-pilot/Images/Images_Manual/Normal Part2/Normal (37).E2E/2- 26- 2017 10- 05- 11 AM/Image 10.png,/kaggle/input/aether-oct5k-pilot/Masks/Masks_Manual/Grading_1/Normal Part2/Normal (37).E2E/2- 26- 2017 10- 05- 11 AM/Image 10.png,Normal Part2,train,4148f38275b5c9eaa46b280e7a2fc10d5fb8c9d3201c5aee26b4d96bdfb0932d,bad4650251238e1bd6087791629ef934f7b8823de838401918cea18ad86cdc39,52a0f58e56ed01c1e16c92f260d32de7ba399e4670c794a0c152781668d4221c
AMD Part1/AMD (9).E2E/2- 25- 2017 9- 25- 22 PM/Image 15,/kaggle/input/aether-oct5k-pilot/Images/Images_Manual/AMD Part1/AMD (9).E2E/2- 25- 2017 9- 25- 22 PM/Image 15.png,/kaggle/input/aether-oct5k-pilot/Masks/Masks_Manual/Grading_1/AMD Part1/AMD (9).E2E/2- 25- 2017 9- 25- 22 PM/Image 15.png,AMD Part1,train,051f2a79c42263788b4d08d066e9416d6f65333f4b9ab478da27395efdebba61,f1ca96866babeac38da4b31d38139bfabf96b13db91a63717d1c1d94e34ec4b1,974754a61c8951c1325b83c26a010374f720e5933fa13afdafa0f9c179b2c9ac
Normal Part2/Normal (34).E2E/2- 26- 2017 10- 01- 13 AM/Image 10,/kaggle/input/aether-oct5k-pilot/Images/Images_Manual/Normal Part2/Normal (34).E2E/2- 26- 2017 10- 01- 13 AM/Image 10.png,/kaggle/input/aether-oct5k-pilot/Masks/Masks_Manual/Grading_1/Normal Part2/Normal (34).E2E/2- 26- 2017 10- 01- 13 AM/Image 10.png,Normal Part2,train,c896308ff18aa8ea7f1205c26ba3fd515549abc2e7d14fe316e6658c2073ff73,9c3009db1d7e3df5d4c42bac1e98091291e3cb8b946080952eab73325f833379,9c22b9da464be07a6bafc632afbf4467084f2a4ed16db5d2d71a8a76528c0e49
Normal Part2/Normal (35).E2E/2- 26- 2017 10- 03- 02 AM/Image 11,/kaggle/input/aether-oct5k-pilot/Images/Images_Manual/Normal Part2/Normal (35).E2E/2- 26- 2017 10- 03- 02 AM/Image 11.png,/kaggle/input/aether-oct5k-pilot/Masks/Masks_Manual/Grading_1/Normal Part2/Normal (35).E2E/2- 26- 2017 10- 03- 02 AM/Image 11.png,Normal Part2,train,87ecae7ab0d8c01c2cec277a0254836fe21226907dafcd744c9b867521c55c0c,0da5953b38ce5b3fb6cd2649fdfa246e3ee921ffd3c410d8facdb9f0a69dc6d7,21fc555adc7b0de19e8dff90c1394c1503afdbb80c1a2d5bee99a637135df7f3
Normal Part1/Normal (25).E2E/2- 26- 2017 9- 42- 47 AM/Image 52,/kaggle/input/aether-oct5k-pilot/Images/Images_Manual/Normal Part1/Normal (25).E2E/2- 26- 2017 9- 42- 47 AM/Image 52.png,/kaggle/input/aether-oct5k-pilot/Masks/Masks_Manual/Grading_1/Normal Part1/Normal (25).E2E/2- 26- 2017 9- 42- 47 AM/Image 52.png,Normal Part1,train,aa088ec59f348b1c4a0b3fb7549e02b31c5f369f6b9d416a8b7a58ead9b123e8,04080c2a2ffc7626816da8cec9aea5178e5e3c43ca471041e47cde11dd6cf70c,9cb2b3d0fa3c0dad1b6bdb35a00076cea6d96b3a2ecdcdbd99fc17b9e5f4017c
DME/DME (30).E2E/2- 25- 2017 10- 16- 46 PM/Image 14,/kaggle/input/aether-oct5k-pilot/Images/Images_Manual/DME/DME (30).E2E/2- 25- 2017 10- 16- 46 PM/Image 14.png,/kaggle/input/aether-oct5k-pilot/Masks/Masks_Manual/Grading_1/DME/DME (30).E2E/2- 25- 2017 10- 16- 46 PM/Image 14.png,DME,train,665e76cf175a603053c17c33732bd7256bebac1543705c5a6068eee7b742fe6c,bd662c53394164ba648f727629c2adb0f841f5cfbcce1da6612cb23cf592c41c,f4347d8d45f577447e92c121696fe22746272d53aa03311d26ba3a372925e091
DME/DME (35).E2E/2- 25- 2017 10- 23- 21 PM/Image 9,/kaggle/input/aether-oct5k-pilot/Images/Images_Manual/DME/DME (35).E2E/2- 25- 2017 10- 23- 21 PM/Image 9.png,/kaggle/input/aether-oct5k-pilot/Masks/Masks_Manual/Grading_1/DME/DME (35).E2E/2- 25- 2017 10- 23- 21 PM/Image 9.png,DME,train,7d69f8b6248e5e315cbf1def90556c8a2c95a6de39b87fda09c022ae4ad8d0a8,7a1ef854cc634c1b0c64abfb256f0e9cdfab3e96df08f3b4ac9fe022315c1a35,d83b73f2395010eff8f016a9cf30cd7818b4f893361a80ba3f89c5b0350ace8f
Normal Part1/Normal (6).E2E/2- 26- 2017 9- 12- 11 AM/Image 11,/kaggle/input/aether-oct5k-pilot/Images/Images_Manual/Normal Part1/Normal (6).E2E/2- 26- 2017 9- 12- 11 AM/Image 11.png,/kaggle/input/aether-oct5k-pilot/Masks/Masks_Manual/Grading_1/Normal Part1/Normal (6).E2E/2- 26- 2017 9- 12- 11 AM/Image 11.png,Normal Part1,train,93680e7813427343135de130955eb897f7eccfeb8184760d52d45294a3d5dfae,f687d03023ac0bfcbc642d0fa5f1b8a2a62427e51cef6fa1568dfa7e1464670f,29c55e9bf2a7fb4bf3ce25ca68d4417b94f02496bf0267af542a518aff3f7511
AMD Part1/AMD (34).E2E/2- 25- 2017 8- 59- 29 PM/Image 2,/kaggle/input/aether-oct5k-pilot/Images/Images_Manual/AMD Part1/AMD (34).E2E/2- 25- 2017 8- 59- 29 PM/Image 2.png,/kaggle/input/aether-oct5k-pilot/Masks/Masks_Manual/Grading_1/AMD Part1/AMD (34).E2E/2- 25- 2017 8- 59- 29 PM/Image 2.png,AMD Part1,train,ade6be8506fdf8fed8c716d46bab0537f7c7f7f59a63a225d7a05ef6ac092f1c,6ae70065faaa2a6798e22fb9b70944a4ccaa2e8fbbcf6814525b426ad21a81d9,a723dfeab1fa7334dabde953528c46f9a9fdefa2e6a69a5ea841cad28abc3014
AMD Part1/AMD (21).E2E/2- 25- 2017 5- 10- 29 PM/Image 41,/kaggle/input/aether-oct5k-pilot/Images/Images_Manual/AMD Part1/AMD (21).E2E/2- 25- 2017 5- 10- 29 PM/Image 41.png,/kaggle/input/aether-oct5k-pilot/Masks/Masks_Manual/Grading_1/AMD Part1/AMD (21).E2E/2- 25- 2017 5- 10- 29 PM/Image 41.png,AMD Part1,train,2a82a9f13998d4d28b1f8e66075750e3dea2e4aba42b8695677a5cfdc5b9d3de,c80781d514b7250f918d108d0374b0a3a4dadeb3326198d9b1b9306472478164,742cce837b0692c758e4ee1e12331a09e4228e95da888d4859198703aa92140a
Normal Part1/Normal (12).E2E/2- 26- 2017 9- 23- 28 AM/Image 8,/kaggle/input/aether-oct5k-pilot/Images/Images_Manual/Normal Part1/Normal (12).E2E/2- 26- 2017 9- 23- 28 AM/Image 8.png,/kaggle/input/aether-oct5k-pilot/Masks/Masks_Manual/Grading_1/Normal Part1/Normal (12).E2E/2- 26- 2017 9- 23- 28 AM/Image 8.png,Normal Part1,train,d4725ba81c8adb4c2b0110af24747c7fc58b510c981e65b4343cffa79073ddfa,c64f401ba46d757fb39aff032e0253480d1eaea165dee83e5bfbaf3943da1057,ff6bf67b3e82035a84013fa24c96921292268e2b13e50d3cf42465ae2974bfa3
DME/DME (21).E2E/2- 25- 2017 10- 01- 34 PM/Image 7,/kaggle/input/aether-oct5k-pilot/Images/Images_Manual/DME/DME (21).E2E/2- 25- 2017 10- 01- 34 PM/Image 7.png,/kaggle/input/aether-oct5k-pilot/Masks/Masks_Manual/Grading_1/DME/DME (21).E2E/2- 25- 2017 10- 01- 34 PM/Image 7.png,DME,train,7ebc5cee57723929689d6af148ef86cfd3e9aa370459c64e3b2a3054fa412b07,1043ebf941e1f21ae64235ed05673404fecfb4d36a77f0241b9f1c617cd3a234,445de637cee76128cc0899d36d729b48f5d258c20c32f3926415c38edec52536
Normal Part2/Normal (39).E2E/2- 26- 2017 10- 08- 18 AM/Image 7,/kaggle/input/aether-oct5k-pilot/Images/Images_Manual/Normal Part2/Normal (39).E2E/2- 26- 2017 10- 08- 18 AM/Image 7.png,/kaggle/input/aether-oct5k-pilot/Masks/Masks_Manual/Grading_1/Normal Part2/Normal (39).E2E/2- 26- 2017 10- 08- 18 AM/Image 7.png,Normal Part2,train,982637ad6aac963771d61e5e3c728a7f3a21345d34c3a5cbbcf55b4e4ad0d4e5,f703b6a207720b6652746b0962412a217a256f290529a17cc80dc08ee0ed88a7,19e5d36253ce26e158171087726b813f9d4a43f1160a8818c254db49a0a39f47
DME/DME (17).E2E/2- 25- 2017 9- 55- 34 PM/Image 8,/kaggle/input/aether-oct5k-pilot/Images/Images_Manual/DME/DME (17).E2E/2- 25- 2017 9- 55- 34 PM/Image 8.png,/kaggle/input/aether-oct5k-pilot/Masks/Masks_Manual/Grading_1/DME/DME (17).E2E/2- 25- 2017 9- 55- 34 PM/Image 8.png,DME,train,420b95d10ad638fd1527a70a5928a0d233077d16d8f0573cad36bbbecbcfd07e,d569e192e383285969cf880d348d257b24115e9e337db3f3e15967b111e05cd6,9edb9cc4b6d02408c8092cc82fc43874d0294e3d33ac348a4e0cebc559666500
AMD Part1/AMD (24).E2E/2- 25- 2017 5- 17- 27 PM/Image 61,/kaggle/input/aether-oct5k-pilot/Images/Images_Manual/AMD Part1/AMD (24).E2E/2- 25- 2017 5- 17- 27 PM/Image 61.png,/kaggle/input/aether-oct5k-pilot/Masks/Masks_Manual/Grading_1/AMD Part1/AMD (24).E2E/2- 25- 2017 5- 17- 27 PM/Image 61.png,AMD Part1,train,fcebf5bdffcbc2fad3d0dfa80ff6e4b369058d435030ec308494f739bb19d22c,eed0ac8080bb69c5feff5251c7a06dc345213b7ed85e22f0a27e65d72c0bccc6,792b36f26f56c58daa7795b7b4af3ba2c9d99977f18259e00f79764bbda05b97
Normal Part1/Normal (12).E2E/2- 26- 2017 9- 23- 28 AM/Image 17,/kaggle/input/aether-oct5k-pilot/Images/Images_Manual/Normal Part1/Normal (12).E2E/2- 26- 2017 9- 23- 28 AM/Image 17.png,/kaggle/input/aether-oct5k-pilot/Masks/Masks_Manual/Grading_1/Normal Part1/Normal (12).E2E/2- 26- 2017 9- 23- 28 AM/Image 17.png,Normal Part1,train,fd900eba922ad44e350958e8b10a24a2ebd46951c24b6289b4460b2c3ac69cb0,1814a3661f0c15546fbb195ae9632dc9aa8efeb39f5adedbc68db2b66e1a1a68,a2a52c5276288c766fb482958a14253199be0dcde522d71134675574c1deacbe
Normal Part1/Normal (12).E2E/2- 26- 2017 9- 23- 28 AM/Image 37,/kaggle/input/aether-oct5k-pilot/Images/Images_Manual/Normal Part1/Normal (12).E2E/2- 26- 2017 9- 23- 28 AM/Image 37.png,/kaggle/input/aether-oct5k-pilot/Masks/Masks_Manual/Grading_1/Normal Part1/Normal (12).E2E/2- 26- 2017 9- 23- 28 AM/Image 37.png,Normal Part1,train,cb55816feb5645b9f991c3ff7f767068834b2e325e2d4876c0cd22b21452253d,061fc758727777b8f07418e4760f6c0740d20838f15edc1b76a81a54e84cbd1c,f310a68c6a792ad44ab284731858af71d3edfde3b7d8ef5480e5474b57804741
AMD Part1/AMD (23).E2E/2- 25- 2017 5- 14- 57 PM/Image 52,/kaggle/input/aether-oct5k-pilot/Images/Images_Manual/AMD Part1/AMD (23).E2E/2- 25- 2017 5- 14- 57 PM/Image 52.png,/kaggle/input/aether-oct5k-pilot/Masks/Masks_Manual/Grading_1/AMD Part1/AMD (23).E2E/2- 25- 2017 5- 14- 57 PM/Image 52.png,AMD Part1,train,806c276cfe176645e76179798ff0850f7ffa4474207c823126cc9e206abf594c,19a5d11fcf9e149d65059db04ef628a1cf385146ce7bf0d4e5cc28890bdf6df3,f693c769c3acae439a92f8a20050fcc89956a31eba74410002deb2b5197265ea
AMD Part1/AMD (24).E2E/2- 25- 2017 5- 17- 27 PM/Image 56,/kaggle/input/aether-oct5k-pilot/Images/Images_Manual/AMD Part1/AMD (24).E2E/2- 25- 2017 5- 17- 27 PM/Image 56.png,/kaggle/input/aether-oct5k-pilot/Masks/Masks_Manual/Grading_1/AMD Part1/AMD (24).E2E/2- 25- 2017 5- 17- 27 PM/Image 56.png,AMD Part1,train,6c4c385bcf4a0a7df505be2bb2f288a7dbe2146a2b93eb45a9e2711561b84eb6,c255c97fa99cd7a0500e0f7bd684008c7a0a9976110cf62caf5bbe4b589d2c87,b17545c15995816f166ac014b1aa57f6bcfbcc9aee29589e5ab1d10cfa791e75
AMD Part2/AMD (48).E2E/2- 25- 2017 4- 42- 21 PM/Image 14,/kaggle/input/aether-oct5k-pilot/Images/Images_Manual/AMD Part2/AMD (48).E2E/2- 25- 2017 4- 42- 21 PM/Image 14.png,/kaggle/input/aether-oct5k-pilot/Masks/Masks_Manual/Grading_1/AMD Part2/AMD (48).E2E/2- 25- 2017 4- 42- 21 PM/Image 14.png,AMD Part2,train,04b353bca9b1ede6c621bc74002cf0b5946562e0723a0f7b7af1205de6507df0,2853dd4744163039a8c1d971c35705e870a63c855e619f599b8f7b3b24af46ea,21ef6eb8c7910f57a3eab8d39d72d8a2fc1bb36ceabf4f71c32d5c4c291d6cab
Normal Part1/Normal (25).E2E/2- 26- 2017 9- 42- 47 AM/Image 36,/kaggle/input/aether-oct5k-pilot/Images/Images_Manual/Normal Part1/Normal (25).E2E/2- 26- 2017 9- 42- 47 AM/Image 36.png,/kaggle/input/aether-oct5k-pilot/Masks/Masks_Manual/Grading_1/Normal Part1/Normal (25).E2E/2- 26- 2017 9- 42- 47 AM/Image 36.png,Normal Part1,train,bef208f2debe009638cd7f4d13e6d30f9bcbf5a74fb81171e75466c8890e6a79,07e7334742e7d497fc3b7b98ee7cc0829334f6c6fa93fdf619fa60de9d616b4e,df020e80d3a4605295e2c56d7503c4369f35a95ab74c6e78dc0fe9c51aa99545
AMD Part1/AMD (24).E2E/2- 25- 2017 5- 17- 27 PM/Image 25,/kaggle/input/aether-oct5k-pilot/Images/Images_Manual/AMD Part1/AMD (24).E2E/2- 25- 2017 5- 17- 27 PM/Image 25.png,/kaggle/input/aether-oct5k-pilot/Masks/Masks_Manual/Grading_1/AMD Part1/AMD (24).E2E/2- 25- 2017 5- 17- 27 PM/Image 25.png,AMD Part1,train,d3ae0c5f8ab21fe8bc54ada47951be6dfe79517ae8106bb9006ee27c120cee2e,86cc79e695961943de8f3070496d65eae7f2054f6b6ef00fb8429e49b57adb81,1952148a2f105cdd4b021a12caec10cbdefcf9f0220037eb87a3c6701ed6d18a
Normal Part1/Normal (12).E2E/2- 26- 2017 9- 23- 28 AM/Image 31,/kaggle/input/aether-oct5k-pilot/Images/Images_Manual/Normal Part1/Normal (12).E2E/2- 26- 2017 9- 23- 28 AM/Image 31.png,/kaggle/input/aether-oct5k-pilot/Masks/Masks_Manual/Grading_1/Normal Part1/Normal (12).E2E/2- 26- 2017 9- 23- 28 AM/Image 31.png,Normal Part1,train,8514bb548e97a5d426f26191a197846ac59064f1879cb3d5c5c571aee64dbad3,427c78774074a4a91c39641c5009dba821142640010dfd9dea3c9904accbec87,2f9163d06981e173270ff5f2d8cbbb180580c44c7bd806e255ea431fb529fd70
Normal Part1/Normal (12).E2E/2- 26- 2017 9- 23- 28 AM/Image 3,/kaggle/input/aether-oct5k-pilot/Images/Images_Manual/Normal Part1/Normal (12).E2E/2- 26- 2017 9- 23- 28 AM/Image 3.png,/kaggle/input/aether-oct5k-pilot/Masks/Masks_Manual/Grading_1/Normal Part1/Normal (12).E2E/2- 26- 2017 9- 23- 28 AM/Image 3.png,Normal Part1,train,104134def06113e9575de7f400b39064e01ca6fe224f4866d9e20207dede8cfb,499b3dc6de27d4a44dc848b54621ea64b95bed7ad0b951390ad533e701bd43e2,e97268fe1b612a4788fb508d02495b06284c271727b292774bb60b15dc10c839
AMD Part1/AMD (3).E2E/2- 25- 2017 9- 13- 55 PM/Image 58,/kaggle/input/aether-oct5k-pilot/Images/Images_Manual/AMD Part1/AMD (3).E2E/2- 25- 2017 9- 13- 55 PM/Image 58.png,/kaggle/input/aether-oct5k-pilot/Masks/Masks_Manual/Grading_1/AMD Part1/AMD (3).E2E/2- 25- 2017 9- 13- 55 PM/Image 58.png,AMD Part1,train,2e20f7d445f3f61f958746ce907b6ba7190305852395d3c14eeb1189ce43ddce,5d960b6ac53ad7f588c4f36d7dae7a49b5c5b991f5aec9a7bc3454d84b3d9079,a6b5b39664a9f8ab271bc4892f450166198a5ba130c68d4eba229aef2a1c5756
AMD Part1/AMD (26).E2E/2- 25- 2017 5- 23- 01 PM/Image 27,/kaggle/input/aether-oct5k-pilot/Images/Images_Manual/AMD Part1/AMD (26).E2E/2- 25- 2017 5- 23- 01 PM/Image 27.png,/kaggle/input/aether-oct5k-pilot/Masks/Masks_Manual/Grading_1/AMD Part1/AMD (26).E2E/2- 25- 2017 5- 23- 01 PM/Image 27.png,AMD Part1,train,9fea0f06c4c30a7d09ca14e24de20332887235359306f35f7f3bfbfbdc4e2b73,b5b5e359f7c25e322c8284172a5e78417bf23008b706ca9d64c9e770fbeec3d8,6c6841161e48321c0d03ed7c84f91c6a57d7e30667740e8957f2734207912428
Normal Part2/Normal (39).E2E/2- 26- 2017 10- 08- 18 AM/Image 10,/kaggle/input/aether-oct5k-pilot/Images/Images_Manual/Normal Part2/Normal (39).E2E/2- 26- 2017 10- 08- 18 AM/Image 10.png,/kaggle/input/aether-oct5k-pilot/Masks/Masks_Manual/Grading_1/Normal Part2/Normal (39).E2E/2- 26- 2017 10- 08- 18 AM/Image 10.png,Normal Part2,train,d9fe7ad5a29a882bfdb6d68dabffca755a3d21b2fe718f6d268b7e50b7438e87,b05ff7c2f12146c54c3f8e0b9f01ffef7bae5a2420912c8ca4bb211ff36a8c56,5b1ed517f87ff8830fe64496cd8d59d7ee273e72f6bb32b74edc7d2e87114495
Normal Part2/Normal (37).E2E/2- 26- 2017 10- 05- 11 AM/Image 8,/kaggle/input/aether-oct5k-pilot/Images/Images_Manual/Normal Part2/Normal (37).E2E/2- 26- 2017 10- 05- 11 AM/Image 8.png,/kaggle/input/aether-oct5k-pilot/Masks/Masks_Manual/Grading_1/Normal Part2/Normal (37).E2E/2- 26- 2017 10- 05- 11 AM/Image 8.png,Normal Part2,train,e849c1b0e1d42d0d4161763a0a8c6c2c9e6b869cf3d0ee4c2294af6fee4a53e2,fdc9ebd1acbf9dfd7df51a8267ad9ba2f4a7ca0103153181c698c3080ff4527e,5e0f16eb23e8506d726873c599c64e64fab167779c277a8a15bbe8bd23675292
AMD Part1/AMD (28).E2E/2- 25- 2017 8- 37- 13 PM/Image 5,/kaggle/input/aether-oct5k-pilot/Images/Images_Manual/AMD Part1/AMD (28).E2E/2- 25- 2017 8- 37- 13 PM/Image 5.png,/kaggle/input/aether-oct5k-pilot/Masks/Masks_Manual/Grading_1/AMD Part1/AMD (28).E2E/2- 25- 2017 8- 37- 13 PM/Image 5.png,AMD Part1,train,3459e0504442c1fd13630894cb7f7e421bfb86e49294b485f7836edc17f85b60,c30f6b597bd9536f8b8e24a9c056371206f1cf7a291e8be9a64bd625adf7b96a,afca41e3539a2f58b59a5a217a5ce1c5ab92dfaed2653bca91849328014ef2cd
DME/DME (26).E2E/2- 25- 2017 10- 10- 17 PM/Image 8,/kaggle/input/aether-oct5k-pilot/Images/Images_Manual/DME/DME (26).E2E/2- 25- 2017 10- 10- 17 PM/Image 8.png,/kaggle/input/aether-oct5k-pilot/Masks/Masks_Manual/Grading_1/DME/DME (26).E2E/2- 25- 2017 10- 10- 17 PM/Image 8.png,DME,train,06be5bba4d38127d80dd417d2dcdbd1eee75a5835d5030cdc2b5b9477b34bdff,4620cdd2b424482955932251587109fc622d1cb4e08a03f819acdb7f8f645cab,41d880df20beb58be08533e197a5bb80be483de7e163da5cfb9979755b3a9311
AMD Part1/AMD (10).E2E/2- 25- 2017 9- 27- 53 PM/Image 17,/kaggle/input/aether-oct5k-pilot/Images/Images_Manual/AMD Part1/AMD (10).E2E/2- 25- 2017 9- 27- 53 PM/Image 17.png,/kaggle/input/aether-oct5k-pilot/Masks/Masks_Manual/Grading_1/AMD Part1/AMD (10).E2E/2- 25- 2017 9- 27- 53 PM/Image 17.png,AMD Part1,train,76c906a4bd4a3245d4a45a590b8c5dfd51715b9c9314ce2fe0c2e627121cc6a2,812b7d21e5dd92a858c604efc271ee0bbf7a636b9c81887bed8d25bbf510124f,6f5608785373fbe99672a562178cbde50265473ad480bd0075e86914b6343174
Normal Part1/Normal (25).E2E/2- 26- 2017 9- 42- 47 AM/Image 31,/kaggle/input/aether-oct5k-pilot/Images/Images_Manual/Normal Part1/Normal (25).E2E/2- 26- 2017 9- 42- 47 AM/Image 31.png,/kaggle/input/aether-oct5k-pilot/Masks/Masks_Manual/Grading_1/Normal Part1/Normal (25).E2E/2- 26- 2017 9- 42- 47 AM/Image 31.png,Normal Part1,train,e4babf3f91680756e0cbd2bb97e24190d4903bce9c5337e5bd0e003297d2de16,498de6369e29f4f07f9a79d08fec0d0362e6f9a992cc1c856444246f09211cd2,1fc04d0ce87806d1d946b998e9eae89af283bd8f76095f68a29eecb30d03771f
AMD Part1/AMD (26).E2E/2- 25- 2017 5- 23- 01 PM/Image 5,/kaggle/input/aether-oct5k-pilot/Images/Images_Manual/AMD Part1/AMD (26).E2E/2- 25- 2017 5- 23- 01 PM/Image 5.png,/kaggle/input/aether-oct5k-pilot/Masks/Masks_Manual/Grading_1/AMD Part1/AMD (26).E2E/2- 25- 2017 5- 23- 01 PM/Image 5.png,AMD Part1,train,a7f7b4d4fe48d64b435785a60942e9295f189336ac4eee9ec92a58ac83e7b199,239a0ed79709648e1e47f40d3f6ff7d8b70bcfb0b2d52ef4ba74633361279076,708ecaca09dd3c8a2d6119a7c2269b1c806e6ab2af812a987cc3e2cb26bc9c19
Normal Part2/Normal (47).E2E/2- 26- 2017 10- 21- 43 AM/Image 39,/kaggle/input/aether-oct5k-pilot/Images/Images_Manual/Normal Part2/Normal (47).E2E/2- 26- 2017 10- 21- 43 AM/Image 39.png,/kaggle/input/aether-oct5k-pilot/Masks/Masks_Manual/Grading_1/Normal Part2/Normal (47).E2E/2- 26- 2017 10- 21- 43 AM/Image 39.png,Normal Part2,train,1dfee12ea15b1e8b927274bf4f578a44203726e73c4abd37454a51455aa12700,7cd601264b9af1249b646847c1c998a5506a4fde53f17e5b5a36b026f924852c,3eace5cdef93a6083337abe2b12ea770fdfa519847f4258c8a22e9086f8250fa
Normal Part2/Normal (47).E2E/2- 26- 2017 10- 21- 43 AM/Image 8,/kaggle/input/aether-oct5k-pilot/Images/Images_Manual/Normal Part2/Normal (47).E2E/2- 26- 2017 10- 21- 43 AM/Image 8.png,/kaggle/input/aether-oct5k-pilot/Masks/Masks_Manual/Grading_1/Normal Part2/Normal (47).E2E/2- 26- 2017 10- 21- 43 AM/Image 8.png,Normal Part2,train,e1f697672a4d1aa6fc088f706d4701ac982e585f5a349de215eb2a0901cf8712,399ca4cb3216b7fa2605bbc2e176f7de4a0f0b1205f46d72ce69d15df93952a6,8f258ccf632f2841d68d2014e3c0e72a7b7932e437a1b62fc3e98b2654386337
Normal Part1/Normal (14).E2E/2- 26- 2017 9- 26- 02 AM/Image 9,/kaggle/input/aether-oct5k-pilot/Images/Images_Manual/Normal Part1/Normal (14).E2E/2- 26- 2017 9- 26- 02 AM/Image 9.png,/kaggle/input/aether-oct5k-pilot/Masks/Masks_Manual/Grading_1/Normal Part1/Normal (14).E2E/2- 26- 2017 9- 26- 02 AM/Image 9.png,Normal Part1,train,ffcb9a29856b9602872054ae4e4a112528191bf03d228c37c28c11c7fef73906,728df4baf207c4f3a8116dde48b3dbc29e784ac3917658b505d61dbdbdda0a04,225bb739ba26bc9d1e82af28400cf2c6cf67c1f5ddf7770cadb24cba5f32bdf7
Normal Part1/Normal (12).E2E/2- 26- 2017 9- 23- 28 AM/Image 29,/kaggle/input/aether-oct5k-pilot/Images/Images_Manual/Normal Part1/Normal (12).E2E/2- 26- 2017 9- 23- 28 AM/Image 29.png,/kaggle/input/aether-oct5k-pilot/Masks/Masks_Manual/Grading_1/Normal Part1/Normal (12).E2E/2- 26- 2017 9- 23- 28 AM/Image 29.png,Normal Part1,train,baa8089c01a1a9ef15fccf68197f81a413fa3f1ee114ff4ba50667ac25c6b7be,58d53c7f727f99807f59a1ddee7e6a7d26cd3632f8a4d94c4aeaf74a366ddd74,8260dd7b75fdfd8677ecd1a546c91688670193bb4b8877ff75f18ae25de54952
AMD Part1/AMD (11).E2E/2- 25- 2017 4- 44- 26 PM/Image 11,/kaggle/input/aether-oct5k-pilot/Images/Images_Manual/AMD Part1/AMD (11).E2E/2- 25- 2017 4- 44- 26 PM/Image 11.png,/kaggle/input/aether-oct5k-pilot/Masks/Masks_Manual/Grading_1/AMD Part1/AMD (11).E2E/2- 25- 2017 4- 44- 26 PM/Image 11.png,AMD Part1,train,6fddfbae1d63ebdf578b0ae7927c116e99993458842c8cfc44e910daa764b0f1,3148843b9b94ccf6ef7937f6f0ba0082516efa868aa8256ae8cbfe145a1c851a,16a87b4a21fd90f29adc7f53bd56fe7ccbacd40c4506977882bf24c8effb9e98
AMD Part1/AMD (26).E2E/2- 25- 2017 5- 23- 01 PM/Image 29,/kaggle/input/aether-oct5k-pilot/Images/Images_Manual/AMD Part1/AMD (26).E2E/2- 25- 2017 5- 23- 01 PM/Image 29.png,/kaggle/input/aether-oct5k-pilot/Masks/Masks_Manual/Grading_1/AMD Part1/AMD (26).E2E/2- 25- 2017 5- 23- 01 PM/Image 29.png,AMD Part1,train,64b189b04885d72c4993a2ccd2c410d034ec42cce51a854bac47ec82d6d4f987,6773cea5653e0f4d2ac3bf62429c6188c515da7aa82543b9984a50856cd53ca5,a0faeef6e18940a8cf740a2f76cfeda5177b51b507adc515df0c4a3e5b5da9c5
Normal Part2/Normal (38).E2E/2- 26- 2017 10- 06- 02 AM/Image 11,/kaggle/input/aether-oct5k-pilot/Images/Images_Manual/Normal Part2/Normal (38).E2E/2- 26- 2017 10- 06- 02 AM/Image 11.png,/kaggle/input/aether-oct5k-pilot/Masks/Masks_Manual/Grading_1/Normal Part2/Normal (38).E2E/2- 26- 2017 10- 06- 02 AM/Image 11.png,Normal Part2,train,3eabcb1d98a5eb7c784e149246f3b74c0b2d09e3a1cfd6b5e1e9deb31316a6a7,9ac80ad8c45c2d43400df9a32bdca7584ca4bf208ee53c2515bb29bd251fab7c,1f5ebe57628b878aeb40d5c34ab4a7472f8153b6ca83dabc6a70742e2d81f4a1
AMD Part1/AMD (26).E2E/2- 25- 2017 5- 23- 01 PM/Image 25,/kaggle/input/aether-oct5k-pilot/Images/Images_Manual/AMD Part1/AMD (26).E2E/2- 25- 2017 5- 23- 01 PM/Image 25.png,/kaggle/input/aether-oct5k-pilot/Masks/Masks_Manual/Grading_1/AMD Part1/AMD (26).E2E/2- 25- 2017 5- 23- 01 PM/Image 25.png,AMD Part1,train,b51902aac3d8102b5eb43c502e8da75a639099bbc6bba4b9046daa76c0536232,183c69f3f5637d69d9a6d3b7fdc910fcb7d24cbcc7eaba4943e61faf207e5bdc,0c487b1210668702b5d33727da6caba5700ecbdfbd828877151772f76ae2a407
AMD Part1/AMD (3).E2E/2- 25- 2017 9- 13- 55 PM/Image 7,/kaggle/input/aether-oct5k-pilot/Images/Images_Manual/AMD Part1/AMD (3).E2E/2- 25- 2017 9- 13- 55 PM/Image 7.png,/kaggle/input/aether-oct5k-pilot/Masks/Masks_Manual/Grading_1/AMD Part1/AMD (3).E2E/2- 25- 2017 9- 13- 55 PM/Image 7.png,AMD Part1,train,91888cfaeed1189b86c713989e8aeb3ca3631f014b8492136f9f39d35e3c137b,eac6aa0b1a0c9b6c16c95e810b18168e853c9d7ad74a143b8509f7128c405c9f,eb8821ef8a1e08c678fe9f0e27dbb1a5dab8e3e5840223ab5d1fe02949f86d68
DME/DME (22).E2E/2- 25- 2017 10- 03- 04 PM/Image 4,/kaggle/input/aether-oct5k-pilot/Images/Images_Manual/DME/DME (22).E2E/2- 25- 2017 10- 03- 04 PM/Image 4.png,/kaggle/input/aether-oct5k-pilot/Masks/Masks_Manual/Grading_1/DME/DME (22).E2E/2- 25- 2017 10- 03- 04 PM/Image 4.png,DME,train,6afcb64082df0ca86b1df31e2d880ac41a04e80764a77ca1e9b76db09992a0f6,1d6aa1f1e959fabf605df5dc70d21070ac10661f6429e624e5119e27648f9a96,099897593d12405d2ee058a10378b7eb617c492515f6b7463e4e864a1f3ee615
DME/DME (19).E2E/2- 25- 2017 9- 58- 33 PM/Image 16,/kaggle/input/aether-oct5k-pilot/Images/Images_Manual/DME/DME (19).E2E/2- 25- 2017 9- 58- 33 PM/Image 16.png,/kaggle/input/aether-oct5k-pilot/Masks/Masks_Manual/Grading_1/DME/DME (19).E2E/2- 25- 2017 9- 58- 33 PM/Image 16.png,DME,train,6cd04409de4124e286ef9f0a7d563b35280d5a1aec3164622b799972ca7fd739,dd93772c535609c51364678db9b100c3890158b715ccec0eda6934cbbe2755bf,75849675546c0fa66bf803ac12311af597add55688201351cc34676f4ad8f76a
AMD Part1/AMD (24).E2E/2- 25- 2017 5- 17- 27 PM/Image 30,/kaggle/input/aether-oct5k-pilot/Images/Images_Manual/AMD Part1/AMD (24).E2E/2- 25- 2017 5- 17- 27 PM/Image 30.png,/kaggle/input/aether-oct5k-pilot/Masks/Masks_Manual/Grading_1/AMD Part1/AMD (24).E2E/2- 25- 2017 5- 17- 27 PM/Image 30.png,AMD Part1,train,13deef026e200c514fee27a277c153f20b77850e61742b222c27fa8ab144504f,4896f4050378b13872f438bb2fa1a031d0141c49251759e54c11fd23a356e57f,d36ac1945ee276331b478de16d49740729d6894fbe74c2de79c3a8036cccbc89
AMD Part1/AMD (23).E2E/2- 25- 2017 5- 14- 57 PM/Image 42,/kaggle/input/aether-oct5k-pilot/Images/Images_Manual/AMD Part1/AMD (23).E2E/2- 25- 2017 5- 14- 57 PM/Image 42.png,/kaggle/input/aether-oct5k-pilot/Masks/Masks_Manual/Grading_1/AMD Part1/AMD (23).E2E/2- 25- 2017 5- 14- 57 PM/Image 42.png,AMD Part1,train,8e2d47157ff839bd5263e9497bd2b5b1a79925f81c04ea0bc13409fca2639e6e,ed59b8e8e42e2e0da3dbd08fdcb39f36dea185220640a971b3ac6c2c3efdbecb,0ad07e70ef22dd348d961480dea4cf5ba41660cd1c2599ad18680afc9486ebc0
AMD Part1/AMD (1).E2E/2- 25- 2017 9- 10- 42 PM/Image 5,/kaggle/input/aether-oct5k-pilot/Images/Images_Manual/AMD Part1/AMD (1).E2E/2- 25- 2017 9- 10- 42 PM/Image 5.png,/kaggle/input/aether-oct5k-pilot/Masks/Masks_Manual/Grading_1/AMD Part1/AMD (1).E2E/2- 25- 2017 9- 10- 42 PM/Image 5.png,AMD Part1,train,da8cc9bd637a984afa31a414540c3b70a96ed90969c03ab096a1cf32a66b9d42,ddff8be42336ab866bdd2ea44e94f2fb4fd56ae60ee0ba171d6c1d073675cf8a,f57f5ed8d19d6db041819c99108f81d140dd880fb67a00ab8e9033f9a22c705b
AMD Part2/AMD (48).E2E/2- 25- 2017 4- 42- 21 PM/Image 6,/kaggle/input/aether-oct5k-pilot/Images/Images_Manual/AMD Part2/AMD (48).E2E/2- 25- 2017 4- 42- 21 PM/Image 6.png,/kaggle/input/aether-oct5k-pilot/Masks/Masks_Manual/Grading_1/AMD Part2/AMD (48).E2E/2- 25- 2017 4- 42- 21 PM/Image 6.png,AMD Part2,train,a735021c23fb69c71f530c6d8d603407c9077598c1cd05772fde99811e38a663,72c570c835161abd5f09d95a5c66fa642ea00b0d357cb872fccfcb1f2f006463,ae759ff6a42e7b9721cc576ebac232e0f5a883c28073b49b49b1e830765426d5
DME/DME (35).E2E/2- 25- 2017 10- 23- 21 PM/Image 5,/kaggle/input/aether-oct5k-pilot/Images/Images_Manual/DME/DME (35).E2E/2- 25- 2017 10- 23- 21 PM/Image 5.png,/kaggle/input/aether-oct5k-pilot/Masks/Masks_Manual/Grading_1/DME/DME (35).E2E/2- 25- 2017 10- 23- 21 PM/Image 5.png,DME,train,854806dd73fffacccda2e1f96e16acffb5d4ec90684f1b4937b4b0148ff6f4e6,0093cee8634cc4675efb6372448fbcbb9550d877bd8c17ef22520e90c1fccde7,806a308da1ef62be39ce87e300505297823001e6e500f64e8152a53560dc372d
Normal Part1/Normal (25).E2E/2- 26- 2017 9- 42- 47 AM/Image 48,/kaggle/input/aether-oct5k-pilot/Images/Images_Manual/Normal Part1/Normal (25).E2E/2- 26- 2017 9- 42- 47 AM/Image 48.png,/kaggle/input/aether-oct5k-pilot/Masks/Masks_Manual/Grading_1/Normal Part1/Normal (25).E2E/2- 26- 2017 9- 42- 47 AM/Image 48.png,Normal Part1,train,63ae3e3c0969d50e19be2b517b4feac00c839d4264e96cdb4908f603efb430f3,57f9a6cb7c8d1b0955c1d134cd805ba23e50ece2bd985b65130a5e63ee26e85f,da46786cacc0eabcb30d24c05acd8194d0993e79184973a2fd9c80431cdee57e
AMD Part1/AMD (27).E2E/2- 25- 2017 8- 35- 28 PM/Image 21,/kaggle/input/aether-oct5k-pilot/Images/Images_Manual/AMD Part1/AMD (27).E2E/2- 25- 2017 8- 35- 28 PM/Image 21.png,/kaggle/input/aether-oct5k-pilot/Masks/Masks_Manual/Grading_1/AMD Part1/AMD (27).E2E/2- 25- 2017 8- 35- 28 PM/Image 21.png,AMD Part1,train,ea56f9022fffce5dddd8eb52538afb130c63e46466cd8417124cc4ad55817493,f655e4ca7e516cd2f9701749a9d2f3d9fd3a0bca0ac5dd97933c001a8b284d45,26c963d8578ca7402595e830a215c70e4da8745094ed2eef8ecc2b3d72dd58f7
AMD Part1/AMD (21).E2E/2- 25- 2017 5- 10- 29 PM/Image 60,/kaggle/input/aether-oct5k-pilot/Images/Images_Manual/AMD Part1/AMD (21).E2E/2- 25- 2017 5- 10- 29 PM/Image 60.png,/kaggle/input/aether-oct5k-pilot/Masks/Masks_Manual/Grading_1/AMD Part1/AMD (21).E2E/2- 25- 2017 5- 10- 29 PM/Image 60.png,AMD Part1,train,766477612608a7752058594792f7a2ce2a72be1def3c4509e63831953b9d3e28,829e13984ee3b82d8b802b7a613a1ce23df2994b6307b3051e7a555f5ac222a3,09d3c015fbcef29034015336c94b9df842a2980635d5e34941071851d4a97773
Normal Part2/Normal (37).E2E/2- 26- 2017 10- 05- 11 AM/Image 14,/kaggle/input/aether-oct5k-pilot/Images/Images_Manual/Normal Part2/Normal (37).E2E/2- 26- 2017 10- 05- 11 AM/Image 14.png,/kaggle/input/aether-oct5k-pilot/Masks/Masks_Manual/Grading_1/Normal Part2/Normal (37).E2E/2- 26- 2017 10- 05- 11 AM/Image 14.png,Normal Part2,train,0966d083a9c7c0260154ad380806792db86f852f45c69296310163d4551fa2a5,4fc519c2e6d2af4022f2ea34edaac605ce374b1f4f115fab929f7aa336138351,a35f14a97e9a812ef09c11adc0d157d65464fbb643732f7134ff7d231eb43ce6
Normal Part2/Normal (39).E2E/2- 26- 2017 10- 08- 18 AM/Image 12,/kaggle/input/aether-oct5k-pilot/Images/Images_Manual/Normal Part2/Normal (39).E2E/2- 26- 2017 10- 08- 18 AM/Image 12.png,/kaggle/input/aether-oct5k-pilot/Masks/Masks_Manual/Grading_1/Normal Part2/Normal (39).E2E/2- 26- 2017 10- 08- 18 AM/Image 12.png,Normal Part2,train,1fc47c2aa874d4072ba0346ce5804da78440845809a98fc1666266fe208561df,a6dc73b7a6ce4391df1277a96437c0d90aa3fc48f8bfb207907615064a4f25e6,19f5e84349cdb8f38a13ec1cfb8b4ad85730a23f246d6a01f8a5f044a12b797e
Normal Part2/Normal (47).E2E/2- 26- 2017 10- 21- 43 AM/Image 58,/kaggle/input/aether-oct5k-pilot/Images/Images_Manual/Normal Part2/Normal (47).E2E/2- 26- 2017 10- 21- 43 AM/Image 58.png,/kaggle/input/aether-oct5k-pilot/Masks/Masks_Manual/Grading_1/Normal Part2/Normal (47).E2E/2- 26- 2017 10- 21- 43 AM/Image 58.png,Normal Part2,train,fd2d1310ea6e931794bfcc5bc4da712a23a0c08f9db040e4ecd985fa72954e2b,580ebb8abe73c6691d5b3ad0cd7d997fb5576293502723424c4e5db243fbb579,a2df9836937a67158938bd7baf57f6c96441927e62752682b319ef59ef71b15d
DME/DME (19).E2E/2- 25- 2017 9- 58- 33 PM/Image 7,/kaggle/input/aether-oct5k-pilot/Images/Images_Manual/DME/DME (19).E2E/2- 25- 2017 9- 58- 33 PM/Image 7.png,/kaggle/input/aether-oct5k-pilot/Masks/Masks_Manual/Grading_1/DME/DME (19).E2E/2- 25- 2017 9- 58- 33 PM/Image 7.png,DME,train,04f9afcd66742ecd6001f36538847d92f39fa06930325bfd3aee3746242288fc,127591107e37f54fde37fccef8deb0491e22651c7ad7cf98228570bdfae63d06,2bbe966e63be5d1935db6fa98a1d52e5209b0b1fb154f750d13a5875e2e3cc2e
Normal Part1/Normal (25).E2E/2- 26- 2017 9- 42- 47 AM/Image 45,/kaggle/input/aether-oct5k-pilot/Images/Images_Manual/Normal Part1/Normal (25).E2E/2- 26- 2017 9- 42- 47 AM/Image 45.png,/kaggle/input/aether-oct5k-pilot/Masks/Masks_Manual/Grading_1/Normal Part1/Normal (25).E2E/2- 26- 2017 9- 42- 47 AM/Image 45.png,Normal Part1,train,ea5154134cb797f06766527dbda1eeb28f4336046456e5167968e172488e6286,2888478504d144192cdeb09ec05de86a24ecdea9298b5594049a5f8605d39b13,d7de813aa9d12b26803c0754b01a271a7b557642f5060fa7aa64a6204a8a45f1
AMD Part1/AMD (22).E2E/2- 25- 2017 5- 11- 45 PM/Image 28,/kaggle/input/aether-oct5k-pilot/Images/Images_Manual/AMD Part1/AMD (22).E2E/2- 25- 2017 5- 11- 45 PM/Image 28.png,/kaggle/input/aether-oct5k-pilot/Masks/Masks_Manual/Grading_1/AMD Part1/AMD (22).E2E/2- 25- 2017 5- 11- 45 PM/Image 28.png,AMD Part1,train,e05ea90a39e0ac4b78d13e6aa3697a82b0fba4b1efe41bff69ffa58f66cedbec,ad64f6a06909ee3aabdeafb2aa8d46bc27a4cbb5790c61221262a55877f726c8,93c83d065200efae4b368cc0339cc7470f4d4faff915b3608d2749d62556ea21
DME/DME (14).E2E/2- 25- 2017 9- 51- 49 PM/Image 16,/kaggle/input/aether-oct5k-pilot/Images/Images_Manual/DME/DME (14).E2E/2- 25- 2017 9- 51- 49 PM/Image 16.png,/kaggle/input/aether-oct5k-pilot/Masks/Masks_Manual/Grading_1/DME/DME (14).E2E/2- 25- 2017 9- 51- 49 PM/Image 16.png,DME,train,a2e33730553c61e497a6bb226e32d29717dec667455e50db8e287bfefd8f4a99,1676217342dd9a618e7aa4da018a3033115f8f69ee71504fe19f8cd55159df74,c25f5d74305e7037c16a4a85c1804795fbd8495037c9952cfbf36c9ccda9eaa6
AMD Part1/AMD (9).E2E/2- 25- 2017 9- 25- 22 PM/Image 1,/kaggle/input/aether-oct5k-pilot/Images/Images_Manual/AMD Part1/AMD (9).E2E/2- 25- 2017 9- 25- 22 PM/Image 1.png,/kaggle/input/aether-oct5k-pilot/Masks/Masks_Manual/Grading_1/AMD Part1/AMD (9).E2E/2- 25- 2017 9- 25- 22 PM/Image 1.png,AMD Part1,train,ad44786bca23acc33ce6ffa9a05b863c9d384133048b49b750bba2821f8add0f,d7a1a2a3f55df83a59353c94fd9ce869da69092bdce419312164abb962a8d1be,5151ae18d7e1eac911575e4afb8d0f010dbaee69517c3f88fa1be6e73193a12e
AMD Part1/AMD (3).E2E/2- 25- 2017 9- 13- 55 PM/Image 13,/kaggle/input/aether-oct5k-pilot/Images/Images_Manual/AMD Part1/AMD (3).E2E/2- 25- 2017 9- 13- 55 PM/Image 13.png,/kaggle/input/aether-oct5k-pilot/Masks/Masks_Manual/Grading_1/AMD Part1/AMD (3).E2E/2- 25- 2017 9- 13- 55 PM/Image 13.png,AMD Part1,train,774ac5bb3f7790cba1aaed5a471300c17db80777d5e5e4d2337b59b50398afee,76bcbbf4ac174eccb34d29c0c160a27df651eda2efe398040c48ba8f9581455a,4c9c528a06a82792d5ba711972348cc0dfd66c1fc250ed2c050958215a390733
Normal Part1/Normal (25).E2E/2- 26- 2017 9- 42- 47 AM/Image 4,/kaggle/input/aether-oct5k-pilot/Images/Images_Manual/Normal Part1/Normal (25).E2E/2- 26- 2017 9- 42- 47 AM/Image 4.png,/kaggle/input/aether-oct5k-pilot/Masks/Masks_Manual/Grading_1/Normal Part1/Normal (25).E2E/2- 26- 2017 9- 42- 47 AM/Image 4.png,Normal Part1,train,1faf966c53d714ffb1c77da96e93074f70532f620afc113f34921f06b8b1af29,d377c9a5f9e83efae2bd2bb9b97bc01899774ab537a1758225a0bc1129184775,b5e01c1df92ec6282457a0a92b9b9fbedc2f63e2d855a8468508777b50cd3b0b
Normal Part1/Normal (9).E2E/2- 26- 2017 9- 15- 48 AM/Image 28,/kaggle/input/aether-oct5k-pilot/Images/Images_Manual/Normal Part1/Normal (9).E2E/2- 26- 2017 9- 15- 48 AM/Image 28.png,/kaggle/input/aether-oct5k-pilot/Masks/Masks_Manual/Grading_1/Normal Part1/Normal (9).E2E/2- 26- 2017 9- 15- 48 AM/Image 28.png,Normal Part1,train,9dd723b739f09add3da986409f681b84c69eca2fcab1a4dd03886313ba2904da,f0e0d67f7902ca6a0802df96034da30437b37c6b5d6287d77412478dc6f999aa,b94fdfd609834ff5d82c76f493b9866690239f409979d749a74dc1c699eb8fe0
AMD Part1/AMD (28).E2E/2- 25- 2017 8- 37- 13 PM/Image 3,/kaggle/input/aether-oct5k-pilot/Images/Images_Manual/AMD Part1/AMD (28).E2E/2- 25- 2017 8- 37- 13 PM/Image 3.png,/kaggle/input/aether-oct5k-pilot/Masks/Masks_Manual/Grading_1/AMD Part1/AMD (28).E2E/2- 25- 2017 8- 37- 13 PM/Image 3.png,AMD Part1,train,c0639d06dc5cb7986d753eaaf73b273852fc04d6ae118f709f518a682b4a705d,170ba246ed8fdb292cc32db3c40a0a28c26a19e94fcae68e69e8b23249d3132d,e6e02169b9fcc7e5cba9724d6e6f66a4fe0029edd436f3a8ba37362e78bd6713
Normal Part1/Normal (6).E2E/2- 26- 2017 9- 12- 11 AM/Image 16,/kaggle/input/aether-oct5k-pilot/Images/Images_Manual/Normal Part1/Normal (6).E2E/2- 26- 2017 9- 12- 11 AM/Image 16.png,/kaggle/input/aether-oct5k-pilot/Masks/Masks_Manual/Grading_1/Normal Part1/Normal (6).E2E/2- 26- 2017 9- 12- 11 AM/Image 16.png,Normal Part1,train,edcb84f53472b75f243bd7db963599497d35fdb5db342be51158688d865393f8,86ba855a50e6661b0b978cfab937eae288b7dbc0b4356cbb65481a79d62919d8,12abe2369f1b3fc90b69f02751126811d8602c28c900bc9a6824292fdcf8e159
AMD Part1/AMD (2).E2E/2- 25- 2017 9- 12- 39 PM/Image 5,/kaggle/input/aether-oct5k-pilot/Images/Images_Manual/AMD Part1/AMD (2).E2E/2- 25- 2017 9- 12- 39 PM/Image 5.png,/kaggle/input/aether-oct5k-pilot/Masks/Masks_Manual/Grading_1/AMD Part1/AMD (2).E2E/2- 25- 2017 9- 12- 39 PM/Image 5.png,AMD Part1,train,e561710adc0de4fae130b115188585c670aaa560738162d463b6d40a790a6065,cf02fa2036f8305be24169641fee2297186180a73ea26b556679aa6a0ef1adda,dc7f5ed2af5eb0cdaa81d375bae58b649e6436b0c02923543ac794e862a97d0a
Normal Part2/Normal (49).E2E/2- 26- 2017 10- 23- 58 AM/Image 31,/kaggle/input/aether-oct5k-pilot/Images/Images_Manual/Normal Part2/Normal (49).E2E/2- 26- 2017 10- 23- 58 AM/Image 31.png,/kaggle/input/aether-oct5k-pilot/Masks/Masks_Manual/Grading_1/Normal Part2/Normal (49).E2E/2- 26- 2017 10- 23- 58 AM/Image 31.png,Normal Part2,train,41f990185782a10f168ce35bf23b40185bb15e3738164e527c8d230544a6d07c,87e2204643351f44b2eca778e1f0a9cf9f7187f5b2dbb43a5b819727ed9b1afc,4bb6193004eae271c9d06de57664b90134305ba2fab40a012f27a22335b690dd
Normal Part1/Normal (9).E2E/2- 26- 2017 9- 15- 48 AM/Image 3,/kaggle/input/aether-oct5k-pilot/Images/Images_Manual/Normal Part1/Normal (9).E2E/2- 26- 2017 9- 15- 48 AM/Image 3.png,/kaggle/input/aether-oct5k-pilot/Masks/Masks_Manual/Grading_1/Normal Part1/Normal (9).E2E/2- 26- 2017 9- 15- 48 AM/Image 3.png,Normal Part1,train,ac8fc985a5d6f3a2f129ea025edd1b0d08e3e9b8fb64f72f52f9a32dd38435a9,1c45e6aac12078cd60d46b0b006aa891d84b0f88be15a44c101ac429e87e449c,37e218a789edb486675d892f3e3bafac9e0aaf7bb90c9d969bec591416c86223
AMD Part1/AMD (3).E2E/2- 25- 2017 9- 13- 55 PM/Image 39,/kaggle/input/aether-oct5k-pilot/Images/Images_Manual/AMD Part1/AMD (3).E2E/2- 25- 2017 9- 13- 55 PM/Image 39.png,/kaggle/input/aether-oct5k-pilot/Masks/Masks_Manual/Grading_1/AMD Part1/AMD (3).E2E/2- 25- 2017 9- 13- 55 PM/Image 39.png,AMD Part1,train,7fcb36a67456da239f2a8887df50b019512bcb6218f01179b6ad1778d9fc70ee,acc60c95798220b136c4b1ccd041251232d943b14dd1869cc1fdba6f54c073c6,fd09a69fff09b41ff2d40a64110ab40bb341b65c285cd6a501db046a8fb56118
Normal Part1/Normal (12).E2E/2- 26- 2017 9- 23- 28 AM/Image 24,/kaggle/input/aether-oct5k-pilot/Images/Images_Manual/Normal Part1/Normal (12).E2E/2- 26- 2017 9- 23- 28 AM/Image 24.png,/kaggle/input/aether-oct5k-pilot/Masks/Masks_Manual/Grading_1/Normal Part1/Normal (12).E2E/2- 26- 2017 9- 23- 28 AM/Image 24.png,Normal Part1,train,1f191e13188a799b6a06506f2cf927131f2b8ca862845e578ae3af02739958f5,24db3302da849e3273c81dff66d01f84ffeb4a2253d76b914b81d8906a508c8a,987eac5ec1d0e9b4672adad83ca1aa81db8c26db882e46d896fafe47e16f903d
AMD Part2/AMD (40).E2E/2- 25- 2017 9- 08- 13 PM/Image 7,/kaggle/input/aether-oct5k-pilot/Images/Images_Manual/AMD Part2/AMD (40).E2E/2- 25- 2017 9- 08- 13 PM/Image 7.png,/kaggle/input/aether-oct5k-pilot/Masks/Masks_Manual/Grading_1/AMD Part2/AMD (40).E2E/2- 25- 2017 9- 08- 13 PM/Image 7.png,AMD Part2,train,e6ba60b7489ef0077502fffc811b5917cf3eb9dde8c455816ae20829dd75781e,1405111159fc6615fe8a05013755e37fdac02863b74c7599deee2b77d8953128,87b289fcfcde130bc614d292fe2cb076f774af98caf3310e9d71bd1df637ffce
DME/DME (26).E2E/2- 25- 2017 10- 10- 17 PM/Image 15,/kaggle/input/aether-oct5k-pilot/Images/Images_Manual/DME/DME (26).E2E/2- 25- 2017 10- 10- 17 PM/Image 15.png,/kaggle/input/aether-oct5k-pilot/Masks/Masks_Manual/Grading_1/DME/DME (26).E2E/2- 25- 2017 10- 10- 17 PM/Image 15.png,DME,train,9d89fc11e7b7c0e085030449d95388ba90c9cb0254f0a7f2f48c0e2492499a08,1b2a957f492f56ed24136fde6f06e0898c53a7a57fc78dc3b08bd743c42200df,41a17f798177b7f3c7685c869809b8f5e4c3ffd6372a8c08b35c67854782132c
DME/DME (11).E2E/2- 25- 2017 9- 47- 31 PM/Image 13,/kaggle/input/aether-oct5k-pilot/Images/Images_Manual/DME/DME (11).E2E/2- 25- 2017 9- 47- 31 PM/Image 13.png,/kaggle/input/aether-oct5k-pilot/Masks/Masks_Manual/Grading_1/DME/DME (11).E2E/2- 25- 2017 9- 47- 31 PM/Image 13.png,DME,train,d67e53352339750027b30e8b36ddd2a1c0d035ca462694b1c536907423c174cc,02eb6f0caf4d4f1a4d5cf0117cdc50b551c78abae234efc5ac98448981dfbd2a,357c24701c0cd6d7c9c6e4a7b0f956ae055904011c32413c67f14995881f8aba
AMD Part1/AMD (29).E2E/2- 25- 2017 8- 39- 05 PM/Image 3,/kaggle/input/aether-oct5k-pilot/Images/Images_Manual/AMD Part1/AMD (29).E2E/2- 25- 2017 8- 39- 05 PM/Image 3.png,/kaggle/input/aether-oct5k-pilot/Masks/Masks_Manual/Grading_1/AMD Part1/AMD (29).E2E/2- 25- 2017 8- 39- 05 PM/Image 3.png,AMD Part1,train,b3079094af29524fa88080839c417c823246a5f8551ea379d41085f2dcc7e71a,cb26065df5c97859d66cb685e06874d28ecdc3058f50db44679d5b3b4f0b765e,88a98a9c0250c72c61c08be788ee8dd3daac9111be4ca1980ad2b66f51588391
AMD Part2/AMD (48).E2E/2- 25- 2017 4- 42- 21 PM/Image 15,/kaggle/input/aether-oct5k-pilot/Images/Images_Manual/AMD Part2/AMD (48).E2E/2- 25- 2017 4- 42- 21 PM/Image 15.png,/kaggle/input/aether-oct5k-pilot/Masks/Masks_Manual/Grading_1/AMD Part2/AMD (48).E2E/2- 25- 2017 4- 42- 21 PM/Image 15.png,AMD Part2,train,70e24ecdd90cf4ccb72269413255a3a64c0164521d964f60bb1d078fc1df59ae,6e575376c9e8732520ae39a733107f736046428e312603662ae16f92c6f23738,ae6d4702cc0e9bb2b8561d497ec501c022fd1ccafd4b5c49ad898ad7c454cb19
AMD Part1/AMD (24).E2E/2- 25- 2017 5- 17- 27 PM/Image 18,/kaggle/input/aether-oct5k-pilot/Images/Images_Manual/AMD Part1/AMD (24).E2E/2- 25- 2017 5- 17- 27 PM/Image 18.png,/kaggle/input/aether-oct5k-pilot/Masks/Masks_Manual/Grading_1/AMD Part1/AMD (24).E2E/2- 25- 2017 5- 17- 27 PM/Image 18.png,AMD Part1,train,b8df633380b27d4507aeda1d69b7930fb9baf7e30b3523cff99613e984dd4b6d,7c48006bdb10df80be72542fc08cb7561c9e105877fbfcad8662847f62ae243d,1cb5379543ed5520b1678526e0f706449caed16ce4e08ebdd4e0fb1ff8a6c87c
Normal Part1/Normal (25).E2E/2- 26- 2017 9- 42- 47 AM/Image 47,/kaggle/input/aether-oct5k-pilot/Images/Images_Manual/Normal Part1/Normal (25).E2E/2- 26- 2017 9- 42- 47 AM/Image 47.png,/kaggle/input/aether-oct5k-pilot/Masks/Masks_Manual/Grading_1/Normal Part1/Normal (25).E2E/2- 26- 2017 9- 42- 47 AM/Image 47.png,Normal Part1,train,36c58d6cb562d6102dda9058c722a5b5ddd4550dcb702d6750c4c14ebc324ac7,f849a898ede75a04c823e68023eae0841c049def1fb9f3067dfcd50349552f65,15920bb00eeb0d762859297f7a4dc769b6a2023bdef49bbed15705e9a2f059b5
AMD Part1/AMD (1).E2E/2- 25- 2017 9- 10- 42 PM/Image 11,/kaggle/input/aether-oct5k-pilot/Images/Images_Manual/AMD Part1/AMD (1).E2E/2- 25- 2017 9- 10- 42 PM/Image 11.png,/kaggle/input/aether-oct5k-pilot/Masks/Masks_Manual/Grading_1/AMD Part1/AMD (1).E2E/2- 25- 2017 9- 10- 42 PM/Image 11.png,AMD Part1,train,c477f5c9b4c1eb2a2a94bf7615879ede7bec8bbb24f3ac972517b83a7be78323,32dd256bf78b4cead68c2953868a73f01dd10414f93434b5f697715e868a0b2f,072aac9fd8bbbf556a269ca3aab920b5c9b2d4d62a33a56c86f7c355b9751d36
DME/DME (37).E2E/2- 25- 2017 10- 26- 30 PM/Image 17,/kaggle/input/aether-oct5k-pilot/Images/Images_Manual/DME/DME (37).E2E/2- 25- 2017 10- 26- 30 PM/Image 17.png,/kaggle/input/aether-oct5k-pilot/Masks/Masks_Manual/Grading_1/DME/DME (37).E2E/2- 25- 2017 10- 26- 30 PM/Image 17.png,DME,train,8cd83b4397231e4d96162cd5964666cf0a6dee9e6b90159f4183605be439809a,28c9d474674e11138750b4b7ca21d12511967020752844ebca7d8daf8f497d66,94e3ae965f49409881d2f852ef75daaeba607b289b2a0ccef93436f810f44a75
Normal Part1/Normal (9).E2E/2- 26- 2017 9- 15- 48 AM/Image 19,/kaggle/input/aether-oct5k-pilot/Images/Images_Manual/Normal Part1/Normal (9).E2E/2- 26- 2017 9- 15- 48 AM/Image 19.png,/kaggle/input/aether-oct5k-pilot/Masks/Masks_Manual/Grading_1/Normal Part1/Normal (9).E2E/2- 26- 2017 9- 15- 48 AM/Image 19.png,Normal Part1,train,2707bb50a51d49f799989e0c13c6ae25d97a25a9d3e33b771177ee0dab22a22f,77acbaaeebaf7599d10cca46aa2be6ebc6c4de7f688b0cd8a0b8ed05a6b7c5ef,c9947b06cd5e7e2cd59e190fb7da0400d561472c85e0c117f3c7e4032ea42491
AMD Part1/AMD (27).E2E/2- 25- 2017 8- 35- 28 PM/Image 2,/kaggle/input/aether-oct5k-pilot/Images/Images_Manual/AMD Part1/AMD (27).E2E/2- 25- 2017 8- 35- 28 PM/Image 2.png,/kaggle/input/aether-oct5k-pilot/Masks/Masks_Manual/Grading_1/AMD Part1/AMD (27).E2E/2- 25- 2017 8- 35- 28 PM/Image 2.png,AMD Part1,train,78455a0f2f456ab00b48ae2d7b1199f556020085e2df6c352ee6cbc2477ebd1e,66b609b946cf80434b7f301d1ab30c3f75b79ded6648aaeafadab482754dfe4b,2ae72d3461a794bc41a3c8a5b9e6d5178f5b569a4fbccfacc2541deefcba0596
Normal Part2/Normal (34).E2E/2- 26- 2017 10- 01- 13 AM/Image 18,/kaggle/input/aether-oct5k-pilot/Images/Images_Manual/Normal Part2/Normal (34).E2E/2- 26- 2017 10- 01- 13 AM/Image 18.png,/kaggle/input/aether-oct5k-pilot/Masks/Masks_Manual/Grading_1/Normal Part2/Normal (34).E2E/2- 26- 2017 10- 01- 13 AM/Image 18.png,Normal Part2,train,664c283b3b75060e944ae18323d43ecef67f7a146b8a0289f3756b604d5665fb,fb0a1ee6e0bf95d1667cdfd40a6477ed650199341b5052d25ad78cbfb2d4a9c1,ac202b34734a9e28282717e0731d2112f5d90367b96ba00d33b73ab0c9b10a83
AMD Part1/AMD (10).E2E/2- 25- 2017 9- 27- 53 PM/Image 6,/kaggle/input/aether-oct5k-pilot/Images/Images_Manual/AMD Part1/AMD (10).E2E/2- 25- 2017 9- 27- 53 PM/Image 6.png,/kaggle/input/aether-oct5k-pilot/Masks/Masks_Manual/Grading_1/AMD Part1/AMD (10).E2E/2- 25- 2017 9- 27- 53 PM/Image 6.png,AMD Part1,train,c25a41c6bcca7391dde590d551fed184f1ee0aaf25701fb334902bb0abd92cd4,89c4ef74f63b10405152b0d1bb68c0dffa72b312907be42f8d4645cbe8312c3a,75bb809e055f6d7718559d2a6db0a43005e3b4eb1cffdb21c6b648f73507b21d
Normal Part1/Normal (7).E2E/2- 26- 2017 9- 14- 12 AM/Image 19,/kaggle/input/aether-oct5k-pilot/Images/Images_Manual/Normal Part1/Normal (7).E2E/2- 26- 2017 9- 14- 12 AM/Image 19.png,/kaggle/input/aether-oct5k-pilot/Masks/Masks_Manual/Grading_1/Normal Part1/Normal (7).E2E/2- 26- 2017 9- 14- 12 AM/Image 19.png,Normal Part1,train,9a0268eb55085ccdf16675d6577d0a347aaad904c46faf91868d3372bc6bf2a8,a33eb5388134814c6595ae614802006d9000e94b9f9751c8c07b8d6a09138d9b,b0423d1d719d400cbb9e0dcadb11a18d867a44dc53dfc4c89aa295453ce79dd4
AMD Part1/AMD (21).E2E/2- 25- 2017 5- 10- 29 PM/Image 53,/kaggle/input/aether-oct5k-pilot/Images/Images_Manual/AMD Part1/AMD (21).E2E/2- 25- 2017 5- 10- 29 PM/Image 53.png,/kaggle/input/aether-oct5k-pilot/Masks/Masks_Manual/Grading_1/AMD Part1/AMD (21).E2E/2- 25- 2017 5- 10- 29 PM/Image 53.png,AMD Part1,train,dadb800f22f782d5b5fd65a0d95ab78e154713b8b54adb173f2814f160d4311e,9275f32d203375416b3b7948da02673bdf49c573c6b2479c40b1c34a403f4be9,554beffa54af36ac2deff8ae82a5707e200e47060840bf654dc2c4fe5dd6f6a2
Normal Part1/Normal (7).E2E/2- 26- 2017 9- 14- 12 AM/Image 14,/kaggle/input/aether-oct5k-pilot/Images/Images_Manual/Normal Part1/Normal (7).E2E/2- 26- 2017 9- 14- 12 AM/Image 14.png,/kaggle/input/aether-oct5k-pilot/Masks/Masks_Manual/Grading_1/Normal Part1/Normal (7).E2E/2- 26- 2017 9- 14- 12 AM/Image 14.png,Normal Part1,train,64ccf737d4ac095a1201a731220f0705b70e5b84ebf120fd0485173900bdec80,1bb0c8bd77b40dac8d3bb459b91c535eae67f4bb5c94d5cb0cc6f5163d94bc4b,ae22b129bd5ca5069c1408a9bad45e3bc6c619e081df8c32484a65fe043cbb8e
DME/DME (9).E2E/2- 25- 2017 9- 45- 28 PM/Image 3,/kaggle/input/aether-oct5k-pilot/Images/Images_Manual/DME/DME (9).E2E/2- 25- 2017 9- 45- 28 PM/Image 3.png,/kaggle/input/aether-oct5k-pilot/Masks/Masks_Manual/Grading_1/DME/DME (9).E2E/2- 25- 2017 9- 45- 28 PM/Image 3.png,DME,train,66243c1d7fb69a39f6bb81568cc118abdf84e410e2aee9fc074b4fb59a960d4e,a887f84e3c9f0d8d763e88f0a3563fa499fd5ec64d7e2163ccef5e365f928347,dfacf7148814e474d6aee2e693ad8c93fa193fd2dc098671b7ba4e58a23f6092
Normal Part2/Normal (47).E2E/2- 26- 2017 10- 21- 43 AM/Image 10,/kaggle/input/aether-oct5k-pilot/Images/Images_Manual/Normal Part2/Normal (47).E2E/2- 26- 2017 10- 21- 43 AM/Image 10.png,/kaggle/input/aether-oct5k-pilot/Masks/Masks_Manual/Grading_1/Normal Part2/Normal (47).E2E/2- 26- 2017 10- 21- 43 AM/Image 10.png,Normal Part2,train,3228d48c9261ce922fb9c1c35b5c9f48dee6042f6d4cb20b219f773556e9c173,77568682d03371b48589aacca4bbc13feb1fb7fd0f4bde39d0c8368faf6633ee,07c18dadf09f3413343fc742b4da6855b6e1e3549aedfd453093c0d58a5badc1
DME/DME (30).E2E/2- 25- 2017 10- 16- 46 PM/Image 10,/kaggle/input/aether-oct5k-pilot/Images/Images_Manual/DME/DME (30).E2E/2- 25- 2017 10- 16- 46 PM/Image 10.png,/kaggle/input/aether-oct5k-pilot/Masks/Masks_Manual/Grading_1/DME/DME (30).E2E/2- 25- 2017 10- 16- 46 PM/Image 10.png,DME,train,abe1c708c013bbec77c73669395bac6d23575c05a1f7c79a5b3ea0361a291a44,27a6eee9d7955c85dfd2e61909c972f2fc7c6a2d00fd9b1fe82d8fbec039dadd,969a77316d0b957f47fba2b44b41e615c5a9e957249e43b516b42a2d302f6347
AMD Part1/AMD (21).E2E/2- 25- 2017 5- 10- 29 PM/Image 1,/kaggle/input/aether-oct5k-pilot/Images/Images_Manual/AMD Part1/AMD (21).E2E/2- 25- 2017 5- 10- 29 PM/Image 1.png,/kaggle/input/aether-oct5k-pilot/Masks/Masks_Manual/Grading_1/AMD Part1/AMD (21).E2E/2- 25- 2017 5- 10- 29 PM/Image 1.png,AMD Part1,train,2010933bb6377326579860072b17fbeea730be49de946de301dcb0c423269458,2f9cc3a553ed3210bbca4d5922ee9f0914164a6d7ec6c7623e8eca22e7eb49a5,25cece40b49c02fd5f02d91c574142bc3abb13346bc0b830b7eb302e8c207ce3
AMD Part1/AMD (21).E2E/2- 25- 2017 5- 10- 29 PM/Image 33,/kaggle/input/aether-oct5k-pilot/Images/Images_Manual/AMD Part1/AMD (21).E2E/2- 25- 2017 5- 10- 29 PM/Image 33.png,/kaggle/input/aether-oct5k-pilot/Masks/Masks_Manual/Grading_1/AMD Part1/AMD (21).E2E/2- 25- 2017 5- 10- 29 PM/Image 33.png,AMD Part1,train,38ddbaa6135a1bb760fa5883f6df6fac24ef8eed4d77c7e0c3a9fd253b2997a5,d3071881b0301cf8b801bf0cfe7d6a4a11f172b6c6e5d195a3e6d8d8c8c3becb,31f50d6e20a947252b01b7c0a99b2bd72e98af8513bbc3c09345b13086ff2701
Normal Part2/Normal (40).E2E/2- 26- 2017 10- 10- 37 AM/Image 19,/kaggle/input/aether-oct5k-pilot/Images/Images_Manual/Normal Part2/Normal (40).E2E/2- 26- 2017 10- 10- 37 AM/Image 19.png,/kaggle/input/aether-oct5k-pilot/Masks/Masks_Manual/Grading_1/Normal Part2/Normal (40).E2E/2- 26- 2017 10- 10- 37 AM/Image 19.png,Normal Part2,train,0ed9c93f7493447a3f5bf7a3df8945da0f1b5bd87a41e9e62c880018ead19eed,a6dd2a9df3a5449b70c6e4352c91fe96db245831341f87db746d77978879924d,fa0c6e824d49e180a5eb17b95650a0cb32715bc0fb7c883587351301e97301fe
Normal Part1/Normal (25).E2E/2- 26- 2017 9- 42- 47 AM/Image 1,/kaggle/input/aether-oct5k-pilot/Images/Images_Manual/Normal Part1/Normal (25).E2E/2- 26- 2017 9- 42- 47 AM/Image 1.png,/kaggle/input/aether-oct5k-pilot/Masks/Masks_Manual/Grading_1/Normal Part1/Normal (25).E2E/2- 26- 2017 9- 42- 47 AM/Image 1.png,Normal Part1,train,5d5b76ee9c58ec07fefb10785a0c3f497a0d345f0aed7081ba6890e27ab01d2b,5e808d40a31a90af291761ee98d783be815bd50595bdafeeda8f0f48f3ea5d15,0cd94a35cc5721f9c1bf199697afd092ca4baa07a0f23ae2c379ee902248670c
AMD Part1/AMD (27).E2E/2- 25- 2017 8- 35- 28 PM/Image 7,/kaggle/input/aether-oct5k-pilot/Images/Images_Manual/AMD Part1/AMD (27).E2E/2- 25- 2017 8- 35- 28 PM/Image 7.png,/kaggle/input/aether-oct5k-pilot/Masks/Masks_Manual/Grading_1/AMD Part1/AMD (27).E2E/2- 25- 2017 8- 35- 28 PM/Image 7.png,AMD Part1,train,33241d33d7edf363af3a76103c2d832c6556c2ff1fd7a5dca715617bf915cedb,7ee6459e5ac5863436969a47b33211215821436647306ead84f00ce8ada0bcec,e5ffdb79f4795e52ea1e34af0224b67cfcbef63af374144e6e887b3b5d24ab2b
DME/DME (4).E2E/2- 25- 2017 9- 38- 17 PM/Image 4,/kaggle/input/aether-oct5k-pilot/Images/Images_Manual/DME/DME (4).E2E/2- 25- 2017 9- 38- 17 PM/Image 4.png,/kaggle/input/aether-oct5k-pilot/Masks/Masks_Manual/Grading_1/DME/DME (4).E2E/2- 25- 2017 9- 38- 17 PM/Image 4.png,DME,train,389bf01c6f2297a03326f034d3541ae21f2e85cd66a98fc590b2579c1cee00c0,2b2fe066c4815a9a9744d8f56cb828eea014367c4be374e1c2c5d7ea86b80dbb,91e9d81a344936876ff720bc7cdb45f0db75b32b8b3bb40cf552054b3ed4b716
AMD Part1/AMD (23).E2E/2- 25- 2017 5- 14- 57 PM/Image 8,/kaggle/input/aether-oct5k-pilot/Images/Images_Manual/AMD Part1/AMD (23).E2E/2- 25- 2017 5- 14- 57 PM/Image 8.png,/kaggle/input/aether-oct5k-pilot/Masks/Masks_Manual/Grading_1/AMD Part1/AMD (23).E2E/2- 25- 2017 5- 14- 57 PM/Image 8.png,AMD Part1,train,e3ec7ab2c9e3c193eb99af9c2d396eff64410716f48a71112a29d972bad59b3e,37bc07e7acb8a90b8dab83566582987bdcc8bcc470fdd3fc784cacff2bea433b,95ddf1d610a2d1ae5b5894265579e078649f2e2936320418efcce695c2e5262f
Normal Part1/Normal (26).E2E/2- 26- 2017 9- 44- 13 AM/Image 19,/kaggle/input/aether-oct5k-pilot/Images/Images_Manual/Normal Part1/Normal (26).E2E/2- 26- 2017 9- 44- 13 AM/Image 19.png,/kaggle/input/aether-oct5k-pilot/Masks/Masks_Manual/Grading_1/Normal Part1/Normal (26).E2E/2- 26- 2017 9- 44- 13 AM/Image 19.png,Normal Part1,train,c8c5243d09e3602c9e3c9fc509be5b23cfc24921309bda563538c8c222555269,20a124f265064922b3a3e9ae2570462fb40553c2aed9831c88398edb6131dffb,6f8f577e9505cfe1251addd9480d5eee98b9287fbd5ee9d12ec04dd0abed2e39
Normal Part1/Normal (14).E2E/2- 26- 2017 9- 26- 02 AM/Image 15,/kaggle/input/aether-oct5k-pilot/Images/Images_Manual/Normal Part1/Normal (14).E2E/2- 26- 2017 9- 26- 02 AM/Image 15.png,/kaggle/input/aether-oct5k-pilot/Masks/Masks_Manual/Grading_1/Normal Part1/Normal (14).E2E/2- 26- 2017 9- 26- 02 AM/Image 15.png,Normal Part1,train,a5dd21ca432eda7f70bfb51b4c4878180f6348a4d3508262cc594d416f071b02,c133cb43420b614577de27d1a29eef8ffff5693ee4ae7f83b9f54b6acbe69899,feee8f4a529521d632f45c8584f41ad53da1fd089587ada780b7ef62bf859c4f
AMD Part2/AMD (48).E2E/2- 25- 2017 4- 42- 21 PM/Image 5,/kaggle/input/aether-oct5k-pilot/Images/Images_Manual/AMD Part2/AMD (48).E2E/2- 25- 2017 4- 42- 21 PM/Image 5.png,/kaggle/input/aether-oct5k-pilot/Masks/Masks_Manual/Grading_1/AMD Part2/AMD (48).E2E/2- 25- 2017 4- 42- 21 PM/Image 5.png,AMD Part2,train,652c78511f0f7cdef5977c454470f25cd9469019e0defe8b81537d33989b7f99,1f3ad266a01056d02dc28d9aa842d2ee8370d580d76368bef429a3bbef2ad33c,681fd3a5462d31520532fc7364b9acaa0f49bb2b1e8c79a0b5d659e1ef9d1e1a
AMD Part1/AMD (22).E2E/2- 25- 2017 5- 11- 45 PM/Image 40,/kaggle/input/aether-oct5k-pilot/Images/Images_Manual/AMD Part1/AMD (22).E2E/2- 25- 2017 5- 11- 45 PM/Image 40.png,/kaggle/input/aether-oct5k-pilot/Masks/Masks_Manual/Grading_1/AMD Part1/AMD (22).E2E/2- 25- 2017 5- 11- 45 PM/Image 40.png,AMD Part1,train,9f3ed514d59899a7a86826b48e5f6619cd3cc28549f408932c2c992f4dd4fb62,04098a4e7197ea84cbc70c8dc12308225670b0ec6d71c0c64a9e66cf88fd8de2,6f2f4626a15bf671d9441049b1f959b6299f2f84ffb7ae50d5a0931a1915c77d
Normal Part1/Normal (9).E2E/2- 26- 2017 9- 15- 48 AM/Image 14,/kaggle/input/aether-oct5k-pilot/Images/Images_Manual/Normal Part1/Normal (9).E2E/2- 26- 2017 9- 15- 48 AM/Image 14.png,/kaggle/input/aether-oct5k-pilot/Masks/Masks_Manual/Grading_1/Normal Part1/Normal (9).E2E/2- 26- 2017 9- 15- 48 AM/Image 14.png,Normal Part1,train,6124b9d32a0f2c0a8b43429df57d9de8d8ee3dc005af486f459b8e437591ee24,5cf997af898eddc05ee23d09566ba255dbbbec09ef30e8d256c718a87297a0b7,ffa97b8f296eca2af310cd18bfd815f5366b5665159e74d1ef612ea412d05cb6
AMD Part2/AMD (40).E2E/2- 25- 2017 9- 08- 13 PM/Image 10,/kaggle/input/aether-oct5k-pilot/Images/Images_Manual/AMD Part2/AMD (40).E2E/2- 25- 2017 9- 08- 13 PM/Image 10.png,/kaggle/input/aether-oct5k-pilot/Masks/Masks_Manual/Grading_1/AMD Part2/AMD (40).E2E/2- 25- 2017 9- 08- 13 PM/Image 10.png,AMD Part2,train,f5e3a08e11e1773d94282bfe9aed11335a1bf190704e2615b14a0615481b29c9,52650e515ae4bb1490aacf0b3b011a66307ed953d983f1c817cc1317e73ffcc7,ac3f13646c2720261b7b731566d310a992593bd72eda6e4d9648f1cb42962fb8
AMD Part2/AMD (48).E2E/2- 25- 2017 4- 42- 21 PM/Image 19,/kaggle/input/aether-oct5k-pilot/Images/Images_Manual/AMD Part2/AMD (48).E2E/2- 25- 2017 4- 42- 21 PM/Image 19.png,/kaggle/input/aether-oct5k-pilot/Masks/Masks_Manual/Grading_1/AMD Part2/AMD (48).E2E/2- 25- 2017 4- 42- 21 PM/Image 19.png,AMD Part2,train,3f928708ae390eccbef0c688aa253dae9213a5b2c506302ec3667e30c0ed1095,06e39f74691675264f7242b50dc569d74a5103f1bf18fc40b89b5024c9a153d7,11cbb50e734ece96e4cfafd51076a5d312e0e37ace212cb4831554a9c93ce46c
DME/DME (28).E2E/2- 25- 2017 10- 12- 57 PM/Image 17,/kaggle/input/aether-oct5k-pilot/Images/Images_Manual/DME/DME (28).E2E/2- 25- 2017 10- 12- 57 PM/Image 17.png,/kaggle/input/aether-oct5k-pilot/Masks/Masks_Manual/Grading_1/DME/DME (28).E2E/2- 25- 2017 10- 12- 57 PM/Image 17.png,DME,train,a6ded2fe148df88e969067b6d30bd984c40dc8418295ad2b516edbd3182aae6a,4bc33b174211333eff42f89a5a38516d0dcce7eb1bf28c647573b537757ece85,18cc64d52b8ad268867aa99d0a544df405f0a2d30f2bff2b5fa3d891d0526d22
AMD Part1/AMD (13).E2E/2- 25- 2017 4- 48- 43 PM/Image 8,/kaggle/input/aether-oct5k-pilot/Images/Images_Manual/AMD Part1/AMD (13).E2E/2- 25- 2017 4- 48- 43 PM/Image 8.png,/kaggle/input/aether-oct5k-pilot/Masks/Masks_Manual/Grading_1/AMD Part1/AMD (13).E2E/2- 25- 2017 4- 48- 43 PM/Image 8.png,AMD Part1,train,2363caf52694a4675cd2a02fa82d5601f76298d4f9dccac759f80cbfa4d3d919,c7628095419dfb703c307978e20fea93e12dbaa2f8c4641d6b8e210ce41a8f4d,31422add4d65a6f16e0f326d6bbca625ed24a5adef6fb404c37c4b06f2ea7672
AMD Part1/AMD (34).E2E/2- 25- 2017 8- 59- 29 PM/Image 7,/kaggle/input/aether-oct5k-pilot/Images/Images_Manual/AMD Part1/AMD (34).E2E/2- 25- 2017 8- 59- 29 PM/Image 7.png,/kaggle/input/aether-oct5k-pilot/Masks/Masks_Manual/Grading_1/AMD Part1/AMD (34).E2E/2- 25- 2017 8- 59- 29 PM/Image 7.png,AMD Part1,train,9737e61d6b7725e1209df2e5b0e2f950d945fb4a01757292c8c5e5c4e1c6ca05,bad31649c3c5fe3da7a35c7ac42bcad95f4cf4c282ccfed14b7e0150fcb32193,67801397d53d53d751a40aaf0be9722a8ca3be34c7c2d75aa2756167dc740d20
AMD Part1/AMD (13).E2E/2- 25- 2017 4- 48- 43 PM/Image 26,/kaggle/input/aether-oct5k-pilot/Images/Images_Manual/AMD Part1/AMD (13).E2E/2- 25- 2017 4- 48- 43 PM/Image 26.png,/kaggle/input/aether-oct5k-pilot/Masks/Masks_Manual/Grading_1/AMD Part1/AMD (13).E2E/2- 25- 2017 4- 48- 43 PM/Image 26.png,AMD Part1,train,0c277bf8a0de0f58c2e5b4bd2f3eb5f623f2828664da0a1348ce11cedfeac113,1fd33710254c8a9389b7eb28a5fd7447f399ccf50434af23626d9c8a9deb9ec7,438859b8da8d060dd3d2c096ea4495898c9888bad7857c5636f157fec8fd5755
AMD Part1/AMD (3).E2E/2- 25- 2017 9- 13- 55 PM/Image 8,/kaggle/input/aether-oct5k-pilot/Images/Images_Manual/AMD Part1/AMD (3).E2E/2- 25- 2017 9- 13- 55 PM/Image 8.png,/kaggle/input/aether-oct5k-pilot/Masks/Masks_Manual/Grading_1/AMD Part1/AMD (3).E2E/2- 25- 2017 9- 13- 55 PM/Image 8.png,AMD Part1,train,5325fbfbd83f2689ed2051dd3e97190c54af60e58c65b87e49e9ef0815049132,d40175e0148eaa4fb91fd6daf7eb4a1045448ed8ba9230006b8bc13a0e7bcd83,001f9a0f82885bce41189ff349ceb3ec02a735e322dbf7788a3d434d863f6778
DME/DME (30).E2E/2- 25- 2017 10- 16- 46 PM/Image 2,/kaggle/input/aether-oct5k-pilot/Images/Images_Manual/DME/DME (30).E2E/2- 25- 2017 10- 16- 46 PM/Image 2.png,/kaggle/input/aether-oct5k-pilot/Masks/Masks_Manual/Grading_1/DME/DME (30).E2E/2- 25- 2017 10- 16- 46 PM/Image 2.png,DME,train,63b75e5067a0b8a9b59ca0c0927dd0682c5939dc9e22c6341ba023b28e955702,5f237f80c0f7b9b661dfc3c4d3876b271ddde899e000f14f3221292f22c39f65,3288f1e6cad99857a3faf118d15640cf2badbc8c875c5f28a4c7c4c9561d0f43
AMD Part1/AMD (26).E2E/2- 25- 2017 5- 23- 01 PM/Image 20,/kaggle/input/aether-oct5k-pilot/Images/Images_Manual/AMD Part1/AMD (26).E2E/2- 25- 2017 5- 23- 01 PM/Image 20.png,/kaggle/input/aether-oct5k-pilot/Masks/Masks_Manual/Grading_1/AMD Part1/AMD (26).E2E/2- 25- 2017 5- 23- 01 PM/Image 20.png,AMD Part1,train,32f024a345d445dced818d82ba344d27a4bc21fcd3843f78f1d940b5d2a03495,8c5ff718dd27b21bec74577545b9b5c4f9a5ff43ef53098d188669189ff214f4,48b1cc5bfe7c87b2f28e4366d7e109837aaf1e08946a500fec6911a4c564a38f
Normal Part2/Normal (38).E2E/2- 26- 2017 10- 06- 02 AM/Image 6,/kaggle/input/aether-oct5k-pilot/Images/Images_Manual/Normal Part2/Normal (38).E2E/2- 26- 2017 10- 06- 02 AM/Image 6.png,/kaggle/input/aether-oct5k-pilot/Masks/Masks_Manual/Grading_1/Normal Part2/Normal (38).E2E/2- 26- 2017 10- 06- 02 AM/Image 6.png,Normal Part2,train,2740e92d0849228fcf0faa825cefb7216bb1edb3a072fab0edecff8da8e884a1,6d7428d506ec269d99e260775894f64673af09465941e5265f71fd138f394343,12625f2b221504d125eb1a11b81590de2ec7846f8ce97c07f09ce1a627986598
Normal Part1/Normal (27).E2E/2- 26- 2017 9- 46- 33 AM/Image 5,/kaggle/input/aether-oct5k-pilot/Images/Images_Manual/Normal Part1/Normal (27).E2E/2- 26- 2017 9- 46- 33 AM/Image 5.png,/kaggle/input/aether-oct5k-pilot/Masks/Masks_Manual/Grading_1/Normal Part1/Normal (27).E2E/2- 26- 2017 9- 46- 33 AM/Image 5.png,Normal Part1,train,8c9692057299500ff84de800979c6879431bef2a8237f7faf52a1ff596926f63,96e1a362c650dc5f16466d94b40a7c258dceccefe29c75aff1c9e949c6fb1558,144a46f00d3bdcb8186e18de64bace6f4384f6e216d24a52c311b86405773a35
DME/DME (37).E2E/2- 25- 2017 10- 26- 30 PM/Image 5,/kaggle/input/aether-oct5k-pilot/Images/Images_Manual/DME/DME (37).E2E/2- 25- 2017 10- 26- 30 PM/Image 5.png,/kaggle/input/aether-oct5k-pilot/Masks/Masks_Manual/Grading_1/DME/DME (37).E2E/2- 25- 2017 10- 26- 30 PM/Image 5.png,DME,train,069b9d6d13d0937152b17c28a1f9c7d56955e3661edbbf7501296894736ff691,493ebde4732054b75bcb29686558536ad1aceba29833e12b1cd20782d7f8411b,f214898ca55c7b108acb7ccc9a053b605a83251ba7751664902274cf92690053
Normal Part2/Normal (47).E2E/2- 26- 2017 10- 21- 43 AM/Image 42,/kaggle/input/aether-oct5k-pilot/Images/Images_Manual/Normal Part2/Normal (47).E2E/2- 26- 2017 10- 21- 43 AM/Image 42.png,/kaggle/input/aether-oct5k-pilot/Masks/Masks_Manual/Grading_1/Normal Part2/Normal (47).E2E/2- 26- 2017 10- 21- 43 AM/Image 42.png,Normal Part2,train,fc275f4b9e25ac2d656e0aa745a09ad46bd203d692fd5df3ca7c2a0ccaa1a7bd,6a73d277e9c789c1bdb01773572a3a9bd74e5657a850e459bf04fcfc64e87917,e27a5bc0aa989873f36091aab12a5dfc2c3f2d8d1876b955427117514918294d
AMD Part1/AMD (23).E2E/2- 25- 2017 5- 14- 57 PM/Image 30,/kaggle/input/aether-oct5k-pilot/Images/Images_Manual/AMD Part1/AMD (23).E2E/2- 25- 2017 5- 14- 57 PM/Image 30.png,/kaggle/input/aether-oct5k-pilot/Masks/Masks_Manual/Grading_1/AMD Part1/AMD (23).E2E/2- 25- 2017 5- 14- 57 PM/Image 30.png,AMD Part1,train,5d21c0b9f5508a241679af3b8cfafac2d7e69c345e9b85aa4488dbc64b66a25c,4b1ccf9b012d04c20fee375482dc703467e1f5001a1ab038a9cb986f860663c6,89850c9662b3afcb8ed584c4b92e82783fd324ac13eac7d81c6a6d75ed4c7581
AMD Part1/AMD (3).E2E/2- 25- 2017 9- 13- 55 PM/Image 22,/kaggle/input/aether-oct5k-pilot/Images/Images_Manual/AMD Part1/AMD (3).E2E/2- 25- 2017 9- 13- 55 PM/Image 22.png,/kaggle/input/aether-oct5k-pilot/Masks/Masks_Manual/Grading_1/AMD Part1/AMD (3).E2E/2- 25- 2017 9- 13- 55 PM/Image 22.png,AMD Part1,train,3b66b218e659891c118e485044b367e1edd6650dd3baff42ba60d1a7e1cfa41d,00d5e78f8c05c792764cb678532e3d7e1adc2b31830b06ea98d5550792749d82,7483f895e2983d7b718e8a7913274c58854630c2a36e9526d722cd63d3aad114
AMD Part1/AMD (26).E2E/2- 25- 2017 5- 23- 01 PM/Image 26,/kaggle/input/aether-oct5k-pilot/Images/Images_Manual/AMD Part1/AMD (26).E2E/2- 25- 2017 5- 23- 01 PM/Image 26.png,/kaggle/input/aether-oct5k-pilot/Masks/Masks_Manual/Grading_1/AMD Part1/AMD (26).E2E/2- 25- 2017 5- 23- 01 PM/Image 26.png,AMD Part1,train,3b65a54616f319a4623757298546137b5299f3c0dddb4cf7b644401d33586b95,84a02a37b74b3582745aa21f37d282cb85adf639620b63a5c99e55d748445a7c,c5f493dfb519c62ad54b7a630a1694754a854708b3ec4e1909d722fab38b6119
Normal Part1/Normal (12).E2E/2- 26- 2017 9- 23- 28 AM/Image 30,/kaggle/input/aether-oct5k-pilot/Images/Images_Manual/Normal Part1/Normal (12).E2E/2- 26- 2017 9- 23- 28 AM/Image 30.png,/kaggle/input/aether-oct5k-pilot/Masks/Masks_Manual/Grading_1/Normal Part1/Normal (12).E2E/2- 26- 2017 9- 23- 28 AM/Image 30.png,Normal Part1,train,eb667021be99e851c1562ed286db69ad39d282a48203d2dbe6b126472d0f1b4c,b50eecef0070d63f3729381b928a7d071dfb8ef0fce8107094741d40e524a3f7,6c89ec9dcf7b73594942d186199ea00bce1555beb644b97685a43f2fe8d8ff73
Normal Part2/Normal (35).E2E/2- 26- 2017 10- 03- 02 AM/Image 8,/kaggle/input/aether-oct5k-pilot/Images/Images_Manual/Normal Part2/Normal (35).E2E/2- 26- 2017 10- 03- 02 AM/Image 8.png,/kaggle/input/aether-oct5k-pilot/Masks/Masks_Manual/Grading_1/Normal Part2/Normal (35).E2E/2- 26- 2017 10- 03- 02 AM/Image 8.png,Normal Part2,train,11de6020e3a3a2afe5141672dc6dbfff45f4020974f906ca59637d7f51fb6c96,cc276da9ac3fa5c04c157b2f3aafa243159444756e452df883d76246fa9f175b,1def2fae85f80b8502cbbb952a57bbe6054e3cf742f45e0937de52bfc36cc1b1
DME/DME (35).E2E/2- 25- 2017 10- 23- 21 PM/Image 16,/kaggle/input/aether-oct5k-pilot/Images/Images_Manual/DME/DME (35).E2E/2- 25- 2017 10- 23- 21 PM/Image 16.png,/kaggle/input/aether-oct5k-pilot/Masks/Masks_Manual/Grading_1/DME/DME (35).E2E/2- 25- 2017 10- 23- 21 PM/Image 16.png,DME,train,f522da0c30435c2149d4c26da4ada8c8ae4846a1e83be735b6fa6ff5f4e9f963,fbf9f6b181c6bf3dc6d1ab151485b3f982598974f2f5b6abd34832a670c88de7,8ce18901b5c33e9c8192d95e813797034b59a627e1a90f00a1932523b0fbbd50
Normal Part1/Normal (15).E2E/2- 26- 2017 9- 28- 04 AM/Image 6,/kaggle/input/aether-oct5k-pilot/Images/Images_Manual/Normal Part1/Normal (15).E2E/2- 26- 2017 9- 28- 04 AM/Image 6.png,/kaggle/input/aether-oct5k-pilot/Masks/Masks_Manual/Grading_1/Normal Part1/Normal (15).E2E/2- 26- 2017 9- 28- 04 AM/Image 6.png,Normal Part1,train,72bbcd162b33d594cb2d21bb94d3b17dd8706e1d8c75824a93c476e4b6246a83,d84f3446f5f6140f25fdf89e127a21b06e1f3635180eea481350ba1827943a9a,ac7a50f25554db5a4bdd2183b27a9fe9555399e0b6c00907793152424fca255c
DME/DME (22).E2E/2- 25- 2017 10- 03- 04 PM/Image 13,/kaggle/input/aether-oct5k-pilot/Images/Images_Manual/DME/DME (22).E2E/2- 25- 2017 10- 03- 04 PM/Image 13.png,/kaggle/input/aether-oct5k-pilot/Masks/Masks_Manual/Grading_1/DME/DME (22).E2E/2- 25- 2017 10- 03- 04 PM/Image 13.png,DME,train,8d1b86037447199f1305899fd6422b2ab67f5acec41ff9db3b4e26ca713c46b3,6179fff953fd3cb894a98cb8f6189413d91a825ef160eeb3abb6ec61698b1459,324779e6acdc9c017e5d85f0faca37de1e344a3cd6deaf8cdc39025cb9133b05
AMD Part1/AMD (22).E2E/2- 25- 2017 5- 11- 45 PM/Image 41,/kaggle/input/aether-oct5k-pilot/Images/Images_Manual/AMD Part1/AMD (22).E2E/2- 25- 2017 5- 11- 45 PM/Image 41.png,/kaggle/input/aether-oct5k-pilot/Masks/Masks_Manual/Grading_1/AMD Part1/AMD (22).E2E/2- 25- 2017 5- 11- 45 PM/Image 41.png,AMD Part1,train,4919fb0acf41695c10e6349254cd0e71e0b4f022d849dc0a3f94f87fa7c13695,f5fa6a710c99713d9a2df96b4143b4f7fa7ea478bdf8b9d8e2a7f8fb7ce80b9c,5abc51b0994ca669a98cea3cf7382fa65cea45eb8dfd891e89090541d6e4ac8e
AMD Part1/AMD (34).E2E/2- 25- 2017 8- 59- 29 PM/Image 14,/kaggle/input/aether-oct5k-pilot/Images/Images_Manual/AMD Part1/AMD (34).E2E/2- 25- 2017 8- 59- 29 PM/Image 14.png,/kaggle/input/aether-oct5k-pilot/Masks/Masks_Manual/Grading_1/AMD Part1/AMD (34).E2E/2- 25- 2017 8- 59- 29 PM/Image 14.png,AMD Part1,train,0784a7567221cc115a5ad25dd4f27eced1308b7940d1f352c305f84ad3374a23,6838418cd29fbbfc2d4de8450297cb1e0d01c97d1706c9d1dbf4aa42eb6efee9,373b74c743521d967f012affb41edea3eec777aabe13385c73d78f1fe07b806e
Normal Part1/Normal (7).E2E/2- 26- 2017 9- 14- 12 AM/Image 7,/kaggle/input/aether-oct5k-pilot/Images/Images_Manual/Normal Part1/Normal (7).E2E/2- 26- 2017 9- 14- 12 AM/Image 7.png,/kaggle/input/aether-oct5k-pilot/Masks/Masks_Manual/Grading_1/Normal Part1/Normal (7).E2E/2- 26- 2017 9- 14- 12 AM/Image 7.png,Normal Part1,train,38aa978008168e4ef4dc95201b77a959e22f1cc247cce3249276f772c5cbc5b9,e129baf65c1cce8db89222364c0b52443e6e9c4035e3d9bbfd92f8a59f5873be,40585b711d163d0b5bc552f4080d3fdcf2a0d50d71e838aba49723aabe7e572a
AMD Part1/AMD (26).E2E/2- 25- 2017 5- 23- 01 PM/Image 34,/kaggle/input/aether-oct5k-pilot/Images/Images_Manual/AMD Part1/AMD (26).E2E/2- 25- 2017 5- 23- 01 PM/Image 34.png,/kaggle/input/aether-oct5k-pilot/Masks/Masks_Manual/Grading_1/AMD Part1/AMD (26).E2E/2- 25- 2017 5- 23- 01 PM/Image 34.png,AMD Part1,train,8b679ce756687f2f5a23356e638c2f1a05490da1b11587c4dff388599195093f,ee225593a8c43930338afa61a14d84759d550a5e0fb78f93d42e3ef867ba7fcd,d1e38ec69bdabe0008a7e0634c14c47d93c7331d17d5de386c8ca9569bd50bfd
Normal Part1/Normal (25).E2E/2- 26- 2017 9- 42- 47 AM/Image 55,/kaggle/input/aether-oct5k-pilot/Images/Images_Manual/Normal Part1/Normal (25).E2E/2- 26- 2017 9- 42- 47 AM/Image 55.png,/kaggle/input/aether-oct5k-pilot/Masks/Masks_Manual/Grading_1/Normal Part1/Normal (25).E2E/2- 26- 2017 9- 42- 47 AM/Image 55.png,Normal Part1,train,65ae7aec26b7017be6156752211e2be06a04321cb56007a8f3370ee6f09e14b5,6fa750cb70adb728d1daf2340940572c051754ce7fdd08e307ab0c39030a3f07,0fe3a497ec80be3bba6129ec0bcb7c6790144d1687581bfdedfdf935255194b0
Normal Part1/Normal (6).E2E/2- 26- 2017 9- 12- 11 AM/Image 7,/kaggle/input/aether-oct5k-pilot/Images/Images_Manual/Normal Part1/Normal (6).E2E/2- 26- 2017 9- 12- 11 AM/Image 7.png,/kaggle/input/aether-oct5k-pilot/Masks/Masks_Manual/Grading_1/Normal Part1/Normal (6).E2E/2- 26- 2017 9- 12- 11 AM/Image 7.png,Normal Part1,train,6c365be63949fc85296953d4239c0f629c7c7334dfc1aad618a0629d74110600,184db240ced52235e089b033c14cfe65874c64f257f2441c92a8bad42e4415b2,3e212053034f61f873515511326a0a0a79a08750e6c33d39cdd6258e10ab7c7d
DME/DME (15).E2E/2- 25- 2017 9- 53- 19 PM/Image 19,/kaggle/input/aether-oct5k-pilot/Images/Images_Manual/DME/DME (15).E2E/2- 25- 2017 9- 53- 19 PM/Image 19.png,/kaggle/input/aether-oct5k-pilot/Masks/Masks_Manual/Grading_1/DME/DME (15).E2E/2- 25- 2017 9- 53- 19 PM/Image 19.png,DME,train,d267ca1b4fe213b68f76782d27634a99e9a24b40469ca8a3eb4a59c6b621e8f1,031d7492a4a71f786acb51f3226b7d5e0a42511b6f98e234ef7344506471d340,5f387bb97a940caeabf0dd34317db21e4d935cd59c6a3128e3ff0ad491032e0d
AMD Part1/AMD (21).E2E/2- 25- 2017 5- 10- 29 PM/Image 6,/kaggle/input/aether-oct5k-pilot/Images/Images_Manual/AMD Part1/AMD (21).E2E/2- 25- 2017 5- 10- 29 PM/Image 6.png,/kaggle/input/aether-oct5k-pilot/Masks/Masks_Manual/Grading_1/AMD Part1/AMD (21).E2E/2- 25- 2017 5- 10- 29 PM/Image 6.png,AMD Part1,train,f279a2ce0527d5dad4bb1078a9e60f3b67dc9c6831addede66bb8764683dcaee,c71f1a36d91ad4dc2f83a1931813b29b0d057c55eeea07cf7a509d61cf64de61,78dda81c2e832ca1cbc519aef69c1403c7ad4f13793a5f985db2ace6dd161e6a
AMD Part1/AMD (34).E2E/2- 25- 2017 8- 59- 29 PM/Image 11,/kaggle/input/aether-oct5k-pilot/Images/Images_Manual/AMD Part1/AMD (34).E2E/2- 25- 2017 8- 59- 29 PM/Image 11.png,/kaggle/input/aether-oct5k-pilot/Masks/Masks_Manual/Grading_1/AMD Part1/AMD (34).E2E/2- 25- 2017 8- 59- 29 PM/Image 11.png,AMD Part1,train,f69a9f39016b1f337cdfc52fffd140de76bdeff32ad136ea9094732abdb7a2a0,8d228e0bb145bac7f17cdf4c5b9146057114585b8fad18ed4acb8017e6c34c68,61ad59978ab3edba07b10ca2b234a1cb4eec2a0b6e8a447deb8104a0e2b304a3
AMD Part1/AMD (22).E2E/2- 25- 2017 5- 11- 45 PM/Image 36,/kaggle/input/aether-oct5k-pilot/Images/Images_Manual/AMD Part1/AMD (22).E2E/2- 25- 2017 5- 11- 45 PM/Image 36.png,/kaggle/input/aether-oct5k-pilot/Masks/Masks_Manual/Grading_1/AMD Part1/AMD (22).E2E/2- 25- 2017 5- 11- 45 PM/Image 36.png,AMD Part1,train,70c301b5d299d3108e0d11aa82a6c67ef474fa7b2fe4ddb260dc0f7c49729535,b05aa6ca3e5ade86e80ee89609cc46719e64fe656004e93c155973c8fe9dbaee,bdf4c9f30649e2a8b2b5d4959fd5e1f63527897dd104980f3b0e9b5291c79c58
AMD Part1/AMD (13).E2E/2- 25- 2017 4- 48- 43 PM/Image 19,/kaggle/input/aether-oct5k-pilot/Images/Images_Manual/AMD Part1/AMD (13).E2E/2- 25- 2017 4- 48- 43 PM/Image 19.png,/kaggle/input/aether-oct5k-pilot/Masks/Masks_Manual/Grading_1/AMD Part1/AMD (13).E2E/2- 25- 2017 4- 48- 43 PM/Image 19.png,AMD Part1,train,3cb7acddc8630a1c08e108e2bb6626d66a52c1748e3ce1ce20d92dffa81caad7,bda74588f8ddbf02952618ebc98eb3fd93da40b64cb2b11501fd3f61893fe658,8cc047858fdd316011edf44fd338016b92d72a7871a133505fc2bc482fb75a29
AMD Part1/AMD (24).E2E/2- 25- 2017 5- 17- 27 PM/Image 37,/kaggle/input/aether-oct5k-pilot/Images/Images_Manual/AMD Part1/AMD (24).E2E/2- 25- 2017 5- 17- 27 PM/Image 37.png,/kaggle/input/aether-oct5k-pilot/Masks/Masks_Manual/Grading_1/AMD Part1/AMD (24).E2E/2- 25- 2017 5- 17- 27 PM/Image 37.png,AMD Part1,train,305f69ec24b1e524ff524320ef826c9f855d990e7a8c0318f6fe9d9fe225c774,a9639ac2e76307bbdc6faa3bd5122df7188e077426871083e48416d4f68b8c97,46e55c066b327e7376c409c842f33778077af2e0c73e8089e3001f36e4b7f4ec
AMD Part2/AMD (48).E2E/2- 25- 2017 4- 42- 21 PM/Image 8,/kaggle/input/aether-oct5k-pilot/Images/Images_Manual/AMD Part2/AMD (48).E2E/2- 25- 2017 4- 42- 21 PM/Image 8.png,/kaggle/input/aether-oct5k-pilot/Masks/Masks_Manual/Grading_1/AMD Part2/AMD (48).E2E/2- 25- 2017 4- 42- 21 PM/Image 8.png,AMD Part2,train,12922e6c980245ce1bad20618050ba648909a491957dd25d3b62b81f4831e700,32d97ca423bf4c48bd2d5cd2abaddd9ccacece48ed859b8a4d1aaf057371e2c3,4ddd12759282a37c3f7c72af1762c069c777941a3533a22972055cb65b0026ae
AMD Part1/AMD (26).E2E/2- 25- 2017 5- 23- 01 PM/Image 57,/kaggle/input/aether-oct5k-pilot/Images/Images_Manual/AMD Part1/AMD (26).E2E/2- 25- 2017 5- 23- 01 PM/Image 57.png,/kaggle/input/aether-oct5k-pilot/Masks/Masks_Manual/Grading_1/AMD Part1/AMD (26).E2E/2- 25- 2017 5- 23- 01 PM/Image 57.png,AMD Part1,train,634c7cf39cbb97ab0a79eefc6cb604068a2f2e22d776dbe8d0ca073fdb80a307,c0cae67b5effead6f612c8e22b129c643f639a9696bd744bcf49701214568b14,3644fdda21b55f1e2e7395f23b9a92893f2beafe7add8f9205e51339c645c2c6
DME/DME (9).E2E/2- 25- 2017 9- 45- 28 PM/Image 21,/kaggle/input/aether-oct5k-pilot/Images/Images_Manual/DME/DME (9).E2E/2- 25- 2017 9- 45- 28 PM/Image 21.png,/kaggle/input/aether-oct5k-pilot/Masks/Masks_Manual/Grading_1/DME/DME (9).E2E/2- 25- 2017 9- 45- 28 PM/Image 21.png,DME,train,e697ca95753f076ee632d484d458f765f8abc8b8f2a5db89c9f6e525a486d78f,7aaee50dd8a92b002c6e090c0f9da3572d2a94c89eaf8f620f1a87329efe1ffa,1cdee89be8a47d77196d949444cf52112291ccd52aa8341d7752ce9b1f20035a
DME/DME (9).E2E/2- 25- 2017 9- 45- 28 PM/Image 38,/kaggle/input/aether-oct5k-pilot/Images/Images_Manual/DME/DME (9).E2E/2- 25- 2017 9- 45- 28 PM/Image 38.png,/kaggle/input/aether-oct5k-pilot/Masks/Masks_Manual/Grading_1/DME/DME (9).E2E/2- 25- 2017 9- 45- 28 PM/Image 38.png,DME,train,aeb443d80118817b3492690fc055ccf11b11dd2810deecc9a27cac2b42c61cf8,750ed5810549bd5da4c8e5809dd316808b4a345a09e78ae52c183f641bd2ad69,ba421abf39b37b050d5a7cfdf2f15987ffba273be5aa5e50308929b52f010cde
Normal Part1/Normal (6).E2E/2- 26- 2017 9- 12- 11 AM/Image 13,/kaggle/input/aether-oct5k-pilot/Images/Images_Manual/Normal Part1/Normal (6).E2E/2- 26- 2017 9- 12- 11 AM/Image 13.png,/kaggle/input/aether-oct5k-pilot/Masks/Masks_Manual/Grading_1/Normal Part1/Normal (6).E2E/2- 26- 2017 9- 12- 11 AM/Image 13.png,Normal Part1,train,259aea3fa08370cdce77b4979a550525ed98140432c487746fe9292a2e16d745,79249a8c396ffec19e0c68995a420c40f4e8a285ecb83294ab60059b007063db,e7a8052d68427f07da012a5a0c81f85a2b3c755acf254f440c717f151c607bbc
Normal Part2/Normal (37).E2E/2- 26- 2017 10- 05- 11 AM/Image 22,/kaggle/input/aether-oct5k-pilot/Images/Images_Manual/Normal Part2/Normal (37).E2E/2- 26- 2017 10- 05- 11 AM/Image 22.png,/kaggle/input/aether-oct5k-pilot/Masks/Masks_Manual/Grading_1/Normal Part2/Normal (37).E2E/2- 26- 2017 10- 05- 11 AM/Image 22.png,Normal Part2,train,35b32d6425794ffa1705125d046f3118b67f68ad454b2c424ce8de7bbe219987,08a6c78af939ae4ef833221d5b11e16e9e20ec89a4b18904c0a7325dc984a049,375c2f0d0be2e9740f3341f1192cf889b0af97ef58021247dfdcf3c60b13fb58
DME/DME (37).E2E/2- 25- 2017 10- 26- 30 PM/Image 9,/kaggle/input/aether-oct5k-pilot/Images/Images_Manual/DME/DME (37).E2E/2- 25- 2017 10- 26- 30 PM/Image 9.png,/kaggle/input/aether-oct5k-pilot/Masks/Masks_Manual/Grading_1/DME/DME (37).E2E/2- 25- 2017 10- 26- 30 PM/Image 9.png,DME,train,104e14e79b6c35b048195075077f775f7b7246f09db31db4a152367e44802316,7f96dba5b89e373b1e2855279b9f74b5acca18398ade2c1c62878020990be6f1,d77b588e93a3671c2eeaf9ef33148d12364f440018daa16c63af1c9fb1fdaeb5
DME/DME (15).E2E/2- 25- 2017 9- 53- 19 PM/Image 5,/kaggle/input/aether-oct5k-pilot/Images/Images_Manual/DME/DME (15).E2E/2- 25- 2017 9- 53- 19 PM/Image 5.png,/kaggle/input/aether-oct5k-pilot/Masks/Masks_Manual/Grading_1/DME/DME (15).E2E/2- 25- 2017 9- 53- 19 PM/Image 5.png,DME,train,2e0d3724cd6e2367779be251d137555fef63459db7eb6023d1ba1571d4fe0b66,0795ba152f5c03275e4974ba73c67939985ada592e46db68d6d2bd0ac8b2931c,62f9cbc200b84d9b9ace792f06c2483426eafd4395169bad8672d8fbd8850cc5
DME/DME (26).E2E/2- 25- 2017 10- 10- 17 PM/Image 9,/kaggle/input/aether-oct5k-pilot/Images/Images_Manual/DME/DME (26).E2E/2- 25- 2017 10- 10- 17 PM/Image 9.png,/kaggle/input/aether-oct5k-pilot/Masks/Masks_Manual/Grading_1/DME/DME (26).E2E/2- 25- 2017 10- 10- 17 PM/Image 9.png,DME,train,4cb7c123890d52b8a41bdf0863d2aebec3b721cf7be2461801fd1c2801f2afeb,81ca42efdb5e883a110f23c85bf6f6b2c2eec7ef80c89a9e52431c7ce43075f4,1d1ec671d4558f4e2d26659dfed13c7f65c068c3dfd87e45bceafe67d9191fa7
AMD Part1/AMD (31).E2E/2- 25- 2017 8- 43- 15 PM/Image 10,/kaggle/input/aether-oct5k-pilot/Images/Images_Manual/AMD Part1/AMD (31).E2E/2- 25- 2017 8- 43- 15 PM/Image 10.png,/kaggle/input/aether-oct5k-pilot/Masks/Masks_Manual/Grading_1/AMD Part1/AMD (31).E2E/2- 25- 2017 8- 43- 15 PM/Image 10.png,AMD Part1,train,dcefd2406c8ea1a28b8bb2107bcc136a0a210c2ee1dc6ef9e0a6ee798025c378,12cdb7dd119fff2a8d44f3d5432fd39c6dbc302ec0f5ec4d7544ff4819b2e04f,aa2adb97b636749ce97812de6511f1763822006a12f4abf417ef6e935b74af7d
DME/DME (29).E2E/2- 25- 2017 10- 15- 35 PM/Image 4,/kaggle/input/aether-oct5k-pilot/Images/Images_Manual/DME/DME (29).E2E/2- 25- 2017 10- 15- 35 PM/Image 4.png,/kaggle/input/aether-oct5k-pilot/Masks/Masks_Manual/Grading_1/DME/DME (29).E2E/2- 25- 2017 10- 15- 35 PM/Image 4.png,DME,train,06ff4a81ab8f9908b1e2a84ecba499223d45afe5325a7552a8ebfae128ed91fd,d2287cb4de599ee3f241c1cb474d7755d39f2c0f313478d0debc63cabf4d226c,e3e3f13cedde8fccb9f021a270a89e35c15d10cab6813c781cda23b4bfd86a6d
Normal Part2/Normal (38).E2E/2- 26- 2017 10- 06- 02 AM/Image 14,/kaggle/input/aether-oct5k-pilot/Images/Images_Manual/Normal Part2/Normal (38).E2E/2- 26- 2017 10- 06- 02 AM/Image 14.png,/kaggle/input/aether-oct5k-pilot/Masks/Masks_Manual/Grading_1/Normal Part2/Normal (38).E2E/2- 26- 2017 10- 06- 02 AM/Image 14.png,Normal Part2,train,a1340bb8671acc54aa7c31a2541a098f2e70eaaab0bf1630c7069d763f81aebe,7360c276714f4b78186850a2e1b99c936b55b882d67a4582b5cfb993917b52cc,4ba671a117f66ec20b2f8849608ed659161bfbf66c34831202117490740c8a93
AMD Part1/AMD (35).E2E/2- 25- 2017 9- 00- 52 PM/Image 31,/kaggle/input/aether-oct5k-pilot/Images/Images_Manual/AMD Part1/AMD (35).E2E/2- 25- 2017 9- 00- 52 PM/Image 31.png,/kaggle/input/aether-oct5k-pilot/Masks/Masks_Manual/Grading_1/AMD Part1/AMD (35).E2E/2- 25- 2017 9- 00- 52 PM/Image 31.png,AMD Part1,train,861cbd2af345945978278c139b97d788217b050c9a6e3474bb6efaa9001b40bd,a4dec4493907b06f0c71bd8ab02f387c69b7e98dab9aa21a0e29975465df3af0,d9d3db88e112ab3052a4022b20e1824bfc33afed8907706a2e972be3ba642b69
Normal Part1/Normal (7).E2E/2- 26- 2017 9- 14- 12 AM/Image 3,/kaggle/input/aether-oct5k-pilot/Images/Images_Manual/Normal Part1/Normal (7).E2E/2- 26- 2017 9- 14- 12 AM/Image 3.png,/kaggle/input/aether-oct5k-pilot/Masks/Masks_Manual/Grading_1/Normal Part1/Normal (7).E2E/2- 26- 2017 9- 14- 12 AM/Image 3.png,Normal Part1,train,6e0f1b36ab7dd946d74ef4b5188b4dfc1cd2ef4779f156050226f65da9f1ada1,6d208dff8b05c54987e65d93887035601e0d614310aa5524bab2c3b976fc0f42,dcd82681c87c5b9021ddd50839dea01a98d35a927e5c630ac69f2a45651543d7
Normal Part1/Normal (26).E2E/2- 26- 2017 9- 44- 13 AM/Image 5,/kaggle/input/aether-oct5k-pilot/Images/Images_Manual/Normal Part1/Normal (26).E2E/2- 26- 2017 9- 44- 13 AM/Image 5.png,/kaggle/input/aether-oct5k-pilot/Masks/Masks_Manual/Grading_1/Normal Part1/Normal (26).E2E/2- 26- 2017 9- 44- 13 AM/Image 5.png,Normal Part1,train,2a9aa83b3e353dfb54969c166c587a7b9ce7165224998f8983024455fb9fad7f,eb6cc7346063a87edeeb0061e1ce2c47896de5c961de88c3ddba800cf0d90fe6,98db79f57fbaecfc0f9b9afc2f5202f83d0c837c27d8e9954a5823e8626f4775
DME/DME (33).E2E/2- 25- 2017 10- 21- 00 PM/Image 8,/kaggle/input/aether-oct5k-pilot/Images/Images_Manual/DME/DME (33).E2E/2- 25- 2017 10- 21- 00 PM/Image 8.png,/kaggle/input/aether-oct5k-pilot/Masks/Masks_Manual/Grading_1/DME/DME (33).E2E/2- 25- 2017 10- 21- 00 PM/Image 8.png,DME,train,d4ca206c26990813c8cc9c70d527125fc28dfba843f7f5966bd769ec0e6ecfe6,b766de926ae32e30c03fb05ae55b074c02960413f5bc62253e9332b23032ddf1,c044f0aef94c9510e900c703ae17c2f6fb96b202ec398e02c213cce88ad5f39a
Normal Part1/Normal (12).E2E/2- 26- 2017 9- 23- 28 AM/Image 19,/kaggle/input/aether-oct5k-pilot/Images/Images_Manual/Normal Part1/Normal (12).E2E/2- 26- 2017 9- 23- 28 AM/Image 19.png,/kaggle/input/aether-oct5k-pilot/Masks/Masks_Manual/Grading_1/Normal Part1/Normal (12).E2E/2- 26- 2017 9- 23- 28 AM/Image 19.png,Normal Part1,train,c28f605ba38085380d0d2b02190e886a64d1eb35b3bc62051550666039132736,e55c37f13e687cae96bf774c7d6d76f26645fd659bd15cd9ab5265bb1cb75194,35068b2efdbc81c9658e5cf31184ce51d7fb3ad7dc4e3e3570b3df36345cc56a
Normal Part1/Normal (26).E2E/2- 26- 2017 9- 44- 13 AM/Image 23,/kaggle/input/aether-oct5k-pilot/Images/Images_Manual/Normal Part1/Normal (26).E2E/2- 26- 2017 9- 44- 13 AM/Image 23.png,/kaggle/input/aether-oct5k-pilot/Masks/Masks_Manual/Grading_1/Normal Part1/Normal (26).E2E/2- 26- 2017 9- 44- 13 AM/Image 23.png,Normal Part1,train,91e895b51163602779989853c2ec4adac7a477fb600f9dd4f99662d155b33f8a,4a5e544b09b59eddb26afd3c5a0825474af85b28f299d2312e53b6f1690b303a,08c6935f4b309f213247b8a437e293ff707c48930d7418f5a6baf2d9e09b4cfe
Normal Part1/Normal (25).E2E/2- 26- 2017 9- 42- 47 AM/Image 56,/kaggle/input/aether-oct5k-pilot/Images/Images_Manual/Normal Part1/Normal (25).E2E/2- 26- 2017 9- 42- 47 AM/Image 56.png,/kaggle/input/aether-oct5k-pilot/Masks/Masks_Manual/Grading_1/Normal Part1/Normal (25).E2E/2- 26- 2017 9- 42- 47 AM/Image 56.png,Normal Part1,train,ca56ec4f9af25015ef5e0d5710f9f65838ec47a68931ba1c25f3243bc38ba253,e5b26119134a9c055116437064b6b55ee7ad1d43d8645e61f4e698133725a971,2d487bcd35a803004689b371e67ac9dbe08bbb20829e045f22c13ae7008937d8
AMD Part1/AMD (28).E2E/2- 25- 2017 8- 37- 13 PM/Image 1,/kaggle/input/aether-oct5k-pilot/Images/Images_Manual/AMD Part1/AMD (28).E2E/2- 25- 2017 8- 37- 13 PM/Image 1.png,/kaggle/input/aether-oct5k-pilot/Masks/Masks_Manual/Grading_1/AMD Part1/AMD (28).E2E/2- 25- 2017 8- 37- 13 PM/Image 1.png,AMD Part1,train,2151cc9988de833c13ef18d3a657f81a0f3d2491410bc6bf11fe03cf8bcd394f,fb64ff53b64313e3da361532994381c5114ae5391ab0d3be9d8eb6705539f69b,a33feb6c175c0bc858468a052a6bdfac9e13eff31e6e5537bc529f9ffc7fd354
DME/DME (22).E2E/2- 25- 2017 10- 03- 04 PM/Image 1,/kaggle/input/aether-oct5k-pilot/Images/Images_Manual/DME/DME (22).E2E/2- 25- 2017 10- 03- 04 PM/Image 1.png,/kaggle/input/aether-oct5k-pilot/Masks/Masks_Manual/Grading_1/DME/DME (22).E2E/2- 25- 2017 10- 03- 04 PM/Image 1.png,DME,train,207532a2587faa1714e12e2a131baf60b13612b1f275f959f671a94a092e30bd,2a69fd9a25dd61d4c6b9242548f2a950535bbc32eda288f4f864716a32b0fb70,9bf67ccdb51b71711b58fc42ed2d5403ab9cf72cd6e10ae2da3f4e0af0e39333
Normal Part1/Normal (27).E2E/2- 26- 2017 9- 46- 33 AM/Image 14,/kaggle/input/aether-oct5k-pilot/Images/Images_Manual/Normal Part1/Normal (27).E2E/2- 26- 2017 9- 46- 33 AM/Image 14.png,/kaggle/input/aether-oct5k-pilot/Masks/Masks_Manual/Grading_1/Normal Part1/Normal (27).E2E/2- 26- 2017 9- 46- 33 AM/Image 14.png,Normal Part1,train,9dae69740e89fbe34f1353aff6b4831891b68809844d7def2cbc2b68565cf548,09efe7b355e2ad7697b8f80bbbb8b44aad5b7439ec642dad1b97d15cd4064eb3,3c386d8774034c149a962ab169594951441368b3af11789c970a640dcfd3491f
DME/DME (19).E2E/2- 25- 2017 9- 58- 33 PM/Image 11,/kaggle/input/aether-oct5k-pilot/Images/Images_Manual/DME/DME (19).E2E/2- 25- 2017 9- 58- 33 PM/Image 11.png,/kaggle/input/aether-oct5k-pilot/Masks/Masks_Manual/Grading_1/DME/DME (19).E2E/2- 25- 2017 9- 58- 33 PM/Image 11.png,DME,train,438590231618347630b112535097f03f6e8a264ac7648ab6784a5da48f447747,4ea3bd405ab31f13f19403e14083665eb35f8cc8daee971eefd41912c6fb730e,fd38ab2f580766b5820cd95c74e2cc2f99d2dea8657154f7c6dec1d35df02703
AMD Part1/AMD (23).E2E/2- 25- 2017 5- 14- 57 PM/Image 46,/kaggle/input/aether-oct5k-pilot/Images/Images_Manual/AMD Part1/AMD (23).E2E/2- 25- 2017 5- 14- 57 PM/Image 46.png,/kaggle/input/aether-oct5k-pilot/Masks/Masks_Manual/Grading_1/AMD Part1/AMD (23).E2E/2- 25- 2017 5- 14- 57 PM/Image 46.png,AMD Part1,train,a12247a0b5707be1de5b179f29e30b0908225b6ce215df2ddaa9fc04fca1acab,c50e781b4e54acef6d565066dcf81f686f11b5e53909b11f7a52d7a2fa8f31b2,8a01a40ddf250b81dbba73c684800d4bbe0210a676c64bd7526ba5f3768aed0b
Normal Part2/Normal (35).E2E/2- 26- 2017 10- 03- 02 AM/Image 10,/kaggle/input/aether-oct5k-pilot/Images/Images_Manual/Normal Part2/Normal (35).E2E/2- 26- 2017 10- 03- 02 AM/Image 10.png,/kaggle/input/aether-oct5k-pilot/Masks/Masks_Manual/Grading_1/Normal Part2/Normal (35).E2E/2- 26- 2017 10- 03- 02 AM/Image 10.png,Normal Part2,train,124f0b8999fb8ec544876a2e997b0d75eece5fbfbe95f728cfd757a2de925204,d3694460af71a0505331ad252d5988bf13e32cf1e1836efb2c7985d712bb5f0a,4c1fb7de918ad77e507f1d6c2cf9369eab757427a50870348dbbcfcc67764d14
DME/DME (6).E2E/2- 25- 2017 9- 40- 56 PM/Image 18,/kaggle/input/aether-oct5k-pilot/Images/Images_Manual/DME/DME (6).E2E/2- 25- 2017 9- 40- 56 PM/Image 18.png,/kaggle/input/aether-oct5k-pilot/Masks/Masks_Manual/Grading_1/DME/DME (6).E2E/2- 25- 2017 9- 40- 56 PM/Image 18.png,DME,train,7d6ccec7dc758fa1b67b558b454de0ae326ab5840df1e137a509deaf147ee0a5,7eca90d19eb008164106ab083be99886651e510a018b1b1b0e191d76cc4f7613,9a71a580b0af2ae3303ea1176f153058f6d925207ea6495b33e72dc45479f4ec
AMD Part1/AMD (3).E2E/2- 25- 2017 9- 13- 55 PM/Image 54,/kaggle/input/aether-oct5k-pilot/Images/Images_Manual/AMD Part1/AMD (3).E2E/2- 25- 2017 9- 13- 55 PM/Image 54.png,/kaggle/input/aether-oct5k-pilot/Masks/Masks_Manual/Grading_1/AMD Part1/AMD (3).E2E/2- 25- 2017 9- 13- 55 PM/Image 54.png,AMD Part1,train,d633af4c636659b569b961a75d574b99d66ff6fdcc501cd873f104e487f079b3,86eb4d8218918b2f5b16bbda5d26f8fdaf284bed410fb0061f7947b18dae54a7,a0e7eb15beaa4cee82098eddc2bb0fd754a39b8bbe1473aea3051a3d2a1fb2e3
Normal Part2/Normal (47).E2E/2- 26- 2017 10- 21- 43 AM/Image 20,/kaggle/input/aether-oct5k-pilot/Images/Images_Manual/Normal Part2/Normal (47).E2E/2- 26- 2017 10- 21- 43 AM/Image 20.png,/kaggle/input/aether-oct5k-pilot/Masks/Masks_Manual/Grading_1/Normal Part2/Normal (47).E2E/2- 26- 2017 10- 21- 43 AM/Image 20.png,Normal Part2,train,bd4f1a6dfcf7da97aa1cdba64afb15fb06b4d7d03304c082dbcb981f7794fa07,7dcee5712a0a2ccfed6ba9babc55733ebd3227124b7f2e1b90cd4315be499df6,dceb858660863439cda263f03b5472c9def540967085b12ede3cf0b9ec101bf5
AMD Part1/AMD (22).E2E/2- 25- 2017 5- 11- 45 PM/Image 2,/kaggle/input/aether-oct5k-pilot/Images/Images_Manual/AMD Part1/AMD (22).E2E/2- 25- 2017 5- 11- 45 PM/Image 2.png,/kaggle/input/aether-oct5k-pilot/Masks/Masks_Manual/Grading_1/AMD Part1/AMD (22).E2E/2- 25- 2017 5- 11- 45 PM/Image 2.png,AMD Part1,train,1077486c7128b5fcd2602c7219d827b77b0b9e143527e75c684cf87243d0487a,48a90704ed6338a3894561ca3fa25371f04c6368e06fe44b90014b0752e5922a,484f1126c2ee5a9f090bb68181a5357ec038982d78de8252375c266fc767b64e
AMD Part1/AMD (26).E2E/2- 25- 2017 5- 23- 01 PM/Image 43,/kaggle/input/aether-oct5k-pilot/Images/Images_Manual/AMD Part1/AMD (26).E2E/2- 25- 2017 5- 23- 01 PM/Image 43.png,/kaggle/input/aether-oct5k-pilot/Masks/Masks_Manual/Grading_1/AMD Part1/AMD (26).E2E/2- 25- 2017 5- 23- 01 PM/Image 43.png,AMD Part1,train,12fb01013f1603230a301d360bc6c2ef756fc020b53a565d64aeb44d248a0929,22b0a4ad8bb1329fad8b302bca81d1c607977cc1389d2021aa89fdbbff9d5b1b,3657c99b31af8357b5a6e6885518a3e69efe75a47099cdea8f957d117a120d4d
Normal Part2/Normal (34).E2E/2- 26- 2017 10- 01- 13 AM/Image 9,/kaggle/input/aether-oct5k-pilot/Images/Images_Manual/Normal Part2/Normal (34).E2E/2- 26- 2017 10- 01- 13 AM/Image 9.png,/kaggle/input/aether-oct5k-pilot/Masks/Masks_Manual/Grading_1/Normal Part2/Normal (34).E2E/2- 26- 2017 10- 01- 13 AM/Image 9.png,Normal Part2,train,61f0510aaab8c51f7efa86caaa43e92891211a77a03edee1cec1bc11dafb57bd,e02f64c70db40a1eadbdabd08c4539b653ba10fb4b8266cc735b0fb1cedb6413,4b69495a456a23b31b5dd3e750c589cf621af3c2ffd3d64ba038c8c16dee83a2
Normal Part2/Normal (35).E2E/2- 26- 2017 10- 03- 02 AM/Image 14,/kaggle/input/aether-oct5k-pilot/Images/Images_Manual/Normal Part2/Normal (35).E2E/2- 26- 2017 10- 03- 02 AM/Image 14.png,/kaggle/input/aether-oct5k-pilot/Masks/Masks_Manual/Grading_1/Normal Part2/Normal (35).E2E/2- 26- 2017 10- 03- 02 AM/Image 14.png,Normal Part2,train,2207d7a1caa1c5a276c487a71d0d420ab72a0d43242ce6a9df2951e9a0a150a3,5163ae352500da1e83f66bcb5ae966b885474af4d3b18a8f42b3031fe0968cfe,d9092f43e8dd5f256ed26439308bd3df69bf717a19d0b28575c344fa7df68150
AMD Part1/AMD (13).E2E/2- 25- 2017 4- 48- 43 PM/Image 58,/kaggle/input/aether-oct5k-pilot/Images/Images_Manual/AMD Part1/AMD (13).E2E/2- 25- 2017 4- 48- 43 PM/Image 58.png,/kaggle/input/aether-oct5k-pilot/Masks/Masks_Manual/Grading_1/AMD Part1/AMD (13).E2E/2- 25- 2017 4- 48- 43 PM/Image 58.png,AMD Part1,train,9e520072766287243ec4ac9e8afe706cd07cd8b21f8d7a68358f5ca97be40aca,feefab9ca7f10b42ae3b1cd45533df39c25f3a46a37a5943bed7cfc6d8b5cc18,a8a65304fa8c27f6902f943d61ce0f33c7f5fa23f5e8df51a793372902cc62ec
Normal Part1/Normal (25).E2E/2- 26- 2017 9- 42- 47 AM/Image 9,/kaggle/input/aether-oct5k-pilot/Images/Images_Manual/Normal Part1/Normal (25).E2E/2- 26- 2017 9- 42- 47 AM/Image 9.png,/kaggle/input/aether-oct5k-pilot/Masks/Masks_Manual/Grading_1/Normal Part1/Normal (25).E2E/2- 26- 2017 9- 42- 47 AM/Image 9.png,Normal Part1,train,5831a0818e5322bd77a598911585ec93d211a8d6dc3d209ae778ba6044b58a8a,dd4ed61d7e250afcdf73b19490fa3aed4cbcddfdf46dc541146d117d45644402,de62da176fc28f070ae072d1bac6a689a6c2f5099d0c3cda00ac622cc27ca117
Normal Part1/Normal (15).E2E/2- 26- 2017 9- 28- 04 AM/Image 15,/kaggle/input/aether-oct5k-pilot/Images/Images_Manual/Normal Part1/Normal (15).E2E/2- 26- 2017 9- 28- 04 AM/Image 15.png,/kaggle/input/aether-oct5k-pilot/Masks/Masks_Manual/Grading_1/Normal Part1/Normal (15).E2E/2- 26- 2017 9- 28- 04 AM/Image 15.png,Normal Part1,train,1a050ca9419d52f2a3dc6269506b343e52718be173259fa8981721ce516622f0,7002a8b9aa7e6252f94d11955eae8ea3ca5e4acae35108131fc507dad7032256,a86c843c60a0a15cb966592c98dddd637f4c982cc34ed35208cbd7de3a50229d
DME/DME (31).E2E/2- 25- 2017 10- 17- 51 PM/Image 2,/kaggle/input/aether-oct5k-pilot/Images/Images_Manual/DME/DME (31).E2E/2- 25- 2017 10- 17- 51 PM/Image 2.png,/kaggle/input/aether-oct5k-pilot/Masks/Masks_Manual/Grading_1/DME/DME (31).E2E/2- 25- 2017 10- 17- 51 PM/Image 2.png,DME,train,f36292d625c52e76c2855b2e54cac07d58bae6c489f8a15285c0926c771b1bbc,2beb16876e9df0cdabfb119fc94c4e94e70babfc3dca0f24d686763bf716f820,a5e831236c97f3fc199bddd66aba71f58d5ea229e9eaa8c5fa767acf21d7c4c2
AMD Part1/AMD (26).E2E/2- 25- 2017 5- 23- 01 PM/Image 61,/kaggle/input/aether-oct5k-pilot/Images/Images_Manual/AMD Part1/AMD (26).E2E/2- 25- 2017 5- 23- 01 PM/Image 61.png,/kaggle/input/aether-oct5k-pilot/Masks/Masks_Manual/Grading_1/AMD Part1/AMD (26).E2E/2- 25- 2017 5- 23- 01 PM/Image 61.png,AMD Part1,train,460cc4608779a4f94e3f33fdfdc841a0d51ec3be430cd9278a17830c8b68e8ee,b3340d8f948246585639dd7bd90a6686c9740a8e21390ed321d9a00e411f04bf,4ef97ffcf48aabac8fecaec32e8165f9a8fbb3af7ada55380bb27bcdcaa5292f
DME/DME (9).E2E/2- 25- 2017 9- 45- 28 PM/Image 34,/kaggle/input/aether-oct5k-pilot/Images/Images_Manual/DME/DME (9).E2E/2- 25- 2017 9- 45- 28 PM/Image 34.png,/kaggle/input/aether-oct5k-pilot/Masks/Masks_Manual/Grading_1/DME/DME (9).E2E/2- 25- 2017 9- 45- 28 PM/Image 34.png,DME,train,c4a39b7a9c938f696188c3e64dadf6e9505174551276c870e2a1e5c390eacb5b,8b8f99e3cdc1671948568cf790080b78143e1e989285053a993296032b540938,1d858e153584b3d2701c46ccaf68a6eef65c2f2b5828e14169a68e4188a5d24a
AMD Part1/AMD (35).E2E/2- 25- 2017 9- 00- 52 PM/Image 5,/kaggle/input/aether-oct5k-pilot/Images/Images_Manual/AMD Part1/AMD (35).E2E/2- 25- 2017 9- 00- 52 PM/Image 5.png,/kaggle/input/aether-oct5k-pilot/Masks/Masks_Manual/Grading_1/AMD Part1/AMD (35).E2E/2- 25- 2017 9- 00- 52 PM/Image 5.png,AMD Part1,train,8740a2d7fd65faaa8757e97479eb1edd8dbf384c19abd4ea7a465d1fa2dd2eec,7fdc108a078e9082647e740018e4ddd69fdeb495b34f2de7c01eefc248357c89,e83fce824cd44d05f0acd060815f55251c2503e54038cf5c7af81e2c1bab1c61
Normal Part1/Normal (13).E2E/2- 26- 2017 9- 25- 04 AM/Image 13,/kaggle/input/aether-oct5k-pilot/Images/Images_Manual/Normal Part1/Normal (13).E2E/2- 26- 2017 9- 25- 04 AM/Image 13.png,/kaggle/input/aether-oct5k-pilot/Masks/Masks_Manual/Grading_1/Normal Part1/Normal (13).E2E/2- 26- 2017 9- 25- 04 AM/Image 13.png,Normal Part1,train,0e1b59f24afd127dd1e19fc5dd6f6fb5b84317c26b8644dc47dbb1c135397bfc,713dfaca0152e28703b2a7fdc56d994bc1c3ac8360174a465568636ee38b6f87,5fcbd6e76e58149db2232cbd452f375726915b8c9ca95317aa057c4bff739850
AMD Part1/AMD (3).E2E/2- 25- 2017 9- 13- 55 PM/Image 56,/kaggle/input/aether-oct5k-pilot/Images/Images_Manual/AMD Part1/AMD (3).E2E/2- 25- 2017 9- 13- 55 PM/Image 56.png,/kaggle/input/aether-oct5k-pilot/Masks/Masks_Manual/Grading_1/AMD Part1/AMD (3).E2E/2- 25- 2017 9- 13- 55 PM/Image 56.png,AMD Part1,train,1058776be1c4e69495a2da7ab1db0450c4eb45464ca32b25e327106afd0b8d61,8ac8b6ac3de55bbb97388b04aa863c0db8ae806ff03423ca6f7f3795c0add5b4,42e48e5c6e9f5d058d51c2e668f6de319dbbdc31a552e3c2ae144c6485982046
AMD Part2/AMD (48).E2E/2- 25- 2017 4- 42- 21 PM/Image 4,/kaggle/input/aether-oct5k-pilot/Images/Images_Manual/AMD Part2/AMD (48).E2E/2- 25- 2017 4- 42- 21 PM/Image 4.png,/kaggle/input/aether-oct5k-pilot/Masks/Masks_Manual/Grading_1/AMD Part2/AMD (48).E2E/2- 25- 2017 4- 42- 21 PM/Image 4.png,AMD Part2,train,fa7eaa4207725c6841bf219ffd1ecf791c8eee16d2cbd202964de3fd26f526fe,fedd777516f918d109f8485face7bff5f30a228c11487e93e6b1cbd1adeba0bd,095088ef9d787bdf912a9700770039d652160fc6498a1edd55ece5924382fb0d
DME/DME (28).E2E/2- 25- 2017 10- 12- 57 PM/Image 4,/kaggle/input/aether-oct5k-pilot/Images/Images_Manual/DME/DME (28).E2E/2- 25- 2017 10- 12- 57 PM/Image 4.png,/kaggle/input/aether-oct5k-pilot/Masks/Masks_Manual/Grading_1/DME/DME (28).E2E/2- 25- 2017 10- 12- 57 PM/Image 4.png,DME,train,8acc7c05d3dc2138ce0e08f3d8e5d00c42511760cb65736da1b5b10117c73e45,1fbc7bd0cd699d7ede926a7c582527b6567e2b004cb72838d12e0d52ee169590,0bf1ab9110ae24b1fcc4afa951789196a7f09f0ccbf254675e2be5ce291928b6
DME/DME (7).E2E/2- 25- 2017 9- 42- 34 PM/Image 12,/kaggle/input/aether-oct5k-pilot/Images/Images_Manual/DME/DME (7).E2E/2- 25- 2017 9- 42- 34 PM/Image 12.png,/kaggle/input/aether-oct5k-pilot/Masks/Masks_Manual/Grading_1/DME/DME (7).E2E/2- 25- 2017 9- 42- 34 PM/Image 12.png,DME,train,8df503d73ee25d3664bb622c2a080a9aabd18dc960a37e889a2bc1cdbbc500cd,54d4910d4eac96fa241906f8e211fbaf4c393018d4230dc78f05d1bc1dff28eb,8f4871cdd48dce771cbdfc67cea6fd815f050554ba403855c199ff12797f742f
AMD Part1/AMD (23).E2E/2- 25- 2017 5- 14- 57 PM/Image 10,/kaggle/input/aether-oct5k-pilot/Images/Images_Manual/AMD Part1/AMD (23).E2E/2- 25- 2017 5- 14- 57 PM/Image 10.png,/kaggle/input/aether-oct5k-pilot/Masks/Masks_Manual/Grading_1/AMD Part1/AMD (23).E2E/2- 25- 2017 5- 14- 57 PM/Image 10.png,AMD Part1,train,ba19f91442f7065d8acad19136ce719397c1611e8b661852134e8a3ebdaf2359,adf328b5c195ac1ce251a12102db6d2d36b8b2b70b49d5e16b3f60b155729cdb,7d479ef8245822e6d0f516749a0dec7c507e93fd8af9e92c618ee09785d99b04
AMD Part1/AMD (23).E2E/2- 25- 2017 5- 14- 57 PM/Image 24,/kaggle/input/aether-oct5k-pilot/Images/Images_Manual/AMD Part1/AMD (23).E2E/2- 25- 2017 5- 14- 57 PM/Image 24.png,/kaggle/input/aether-oct5k-pilot/Masks/Masks_Manual/Grading_1/AMD Part1/AMD (23).E2E/2- 25- 2017 5- 14- 57 PM/Image 24.png,AMD Part1,train,904bf8743a7b95d6c5dbfc8ab5ab2f028a29274cbc17211476fef6a853a655db,86eaf9d49b59734acacbea55d3fc6d62c48d130c2637bc82408934d2c2ef8d35,8d21a0c237804e902d0cb9dc2fe082319b7e0687cdf5ef45d220a02568d30d73
AMD Part1/AMD (23).E2E/2- 25- 2017 5- 14- 57 PM/Image 7,/kaggle/input/aether-oct5k-pilot/Images/Images_Manual/AMD Part1/AMD (23).E2E/2- 25- 2017 5- 14- 57 PM/Image 7.png,/kaggle/input/aether-oct5k-pilot/Masks/Masks_Manual/Grading_1/AMD Part1/AMD (23).E2E/2- 25- 2017 5- 14- 57 PM/Image 7.png,AMD Part1,train,121c079f68fe58259a537f00e20a76fe5866e549029b277acdd21219fe5ad3e2,679f0ea5438db6fd0cb1f3f2b0ed9f737feeb15031b536024db981f5a3c61afb,ac9ccf86158d74e3e028dcfd8b3f09648a79386ab7ddddc71e60e33ee7a20027
Normal Part1/Normal (15).E2E/2- 26- 2017 9- 28- 04 AM/Image 9,/kaggle/input/aether-oct5k-pilot/Images/Images_Manual/Normal Part1/Normal (15).E2E/2- 26- 2017 9- 28- 04 AM/Image 9.png,/kaggle/input/aether-oct5k-pilot/Masks/Masks_Manual/Grading_1/Normal Part1/Normal (15).E2E/2- 26- 2017 9- 28- 04 AM/Image 9.png,Normal Part1,train,f5b376e45fede26a96fe3ece150f9941f9821389064e3852a7c32cfd6f675934,569dad8b86ffc3a1299bddfc1513685f98549367172f2c0a6ae4c8652c5212df,b1f6ccb292d41fda443ab21817ea2bfba1011f1e9a08d94343b16418557bb8e1
DME/DME (7).E2E/2- 25- 2017 9- 42- 34 PM/Image 8,/kaggle/input/aether-oct5k-pilot/Images/Images_Manual/DME/DME (7).E2E/2- 25- 2017 9- 42- 34 PM/Image 8.png,/kaggle/input/aether-oct5k-pilot/Masks/Masks_Manual/Grading_1/DME/DME (7).E2E/2- 25- 2017 9- 42- 34 PM/Image 8.png,DME,train,b5a2c570f0e5ed6dd0905976b8b7fce29ab9b1202088ca25723075ec05c05ecd,5540f82d000034f60892d641f6fe7a7cc251de0eed3cb32b803c24982c1a33b2,7ee82cc3f8551f4de5b3a8302b39cb517055e52da957f554df030bdf465db4e0
Normal Part2/Normal (34).E2E/2- 26- 2017 10- 01- 13 AM/Image 13,/kaggle/input/aether-oct5k-pilot/Images/Images_Manual/Normal Part2/Normal (34).E2E/2- 26- 2017 10- 01- 13 AM/Image 13.png,/kaggle/input/aether-oct5k-pilot/Masks/Masks_Manual/Grading_1/Normal Part2/Normal (34).E2E/2- 26- 2017 10- 01- 13 AM/Image 13.png,Normal Part2,train,b0a5a47e05220093fd089d7983233670827888dd37dd331f20babf3537e12368,14869c5a9abe7f121f5a9dc76d1319294ca1032c247e4d5b6d3f6206d14153d3,6f6d97a1931990aedbd40552283b24bfcbce6c4d2bab1c7c5cd23536f6d93617
AMD Part1/AMD (31).E2E/2- 25- 2017 8- 43- 15 PM/Image 17,/kaggle/input/aether-oct5k-pilot/Images/Images_Manual/AMD Part1/AMD (31).E2E/2- 25- 2017 8- 43- 15 PM/Image 17.png,/kaggle/input/aether-oct5k-pilot/Masks/Masks_Manual/Grading_1/AMD Part1/AMD (31).E2E/2- 25- 2017 8- 43- 15 PM/Image 17.png,AMD Part1,train,4f14a3dc7e508de67a06853686d496ba2506c2c39caf7e8e12409a83eecf637e,b9a67bfaa6f85ff4b5c3db56581d388aaef248ebe65d9a07b1f1ec9f08b8fd6e,8f9a71c5505e7d6a45f2e24d1d4af591d217b5b75b5d22ec3ac1e9b826d4195f
DME/DME (26).E2E/2- 25- 2017 10- 10- 17 PM/Image 3,/kaggle/input/aether-oct5k-pilot/Images/Images_Manual/DME/DME (26).E2E/2- 25- 2017 10- 10- 17 PM/Image 3.png,/kaggle/input/aether-oct5k-pilot/Masks/Masks_Manual/Grading_1/DME/DME (26).E2E/2- 25- 2017 10- 10- 17 PM/Image 3.png,DME,train,210e5ffcb9e950bf3a0c097751f107132304d95cc25682bc76483847baae6a73,ce8902832cc25ac72c26c0ac60242494bf4f6faad8359e2ff7c75b97cc91fef4,6bcec366f26ed86a5275d2967371f68837f35ff49347660ba488e6e7c07ab5c7
DME/DME (33).E2E/2- 25- 2017 10- 21- 00 PM/Image 19,/kaggle/input/aether-oct5k-pilot/Images/Images_Manual/DME/DME (33).E2E/2- 25- 2017 10- 21- 00 PM/Image 19.png,/kaggle/input/aether-oct5k-pilot/Masks/Masks_Manual/Grading_1/DME/DME (33).E2E/2- 25- 2017 10- 21- 00 PM/Image 19.png,DME,train,33adf62a81582fae26f8452f70d0ecdddaf938d97c10e5da0d4cfbe67f310473,6b31b89e9a6d5a4b77212f220e90907486263a457e3eb230df1cecda705bca7d,b29610b9ab20414e4803916e05f73d8ab527e8deed42cb0bae8278fdff47c802
DME/DME (15).E2E/2- 25- 2017 9- 53- 19 PM/Image 14,/kaggle/input/aether-oct5k-pilot/Images/Images_Manual/DME/DME (15).E2E/2- 25- 2017 9- 53- 19 PM/Image 14.png,/kaggle/input/aether-oct5k-pilot/Masks/Masks_Manual/Grading_1/DME/DME (15).E2E/2- 25- 2017 9- 53- 19 PM/Image 14.png,DME,train,a1166f80fdb8c9d8767aa463acbcbc59d8392221b0cd42479ed96c4c35ad98ad,720775d6d6c93bc9d66c115ec393b23f658c440bfb5b9bc2e4a5aaa9ad9c4c2f,1d5e991d9a6fab08672cc9ed35fae5ad658192ec9857158d7f2d92d6e8537ae8
AMD Part1/AMD (23).E2E/2- 25- 2017 5- 14- 57 PM/Image 18,/kaggle/input/aether-oct5k-pilot/Images/Images_Manual/AMD Part1/AMD (23).E2E/2- 25- 2017 5- 14- 57 PM/Image 18.png,/kaggle/input/aether-oct5k-pilot/Masks/Masks_Manual/Grading_1/AMD Part1/AMD (23).E2E/2- 25- 2017 5- 14- 57 PM/Image 18.png,AMD Part1,train,f054eb652ba0aed35339892d2c4781e58c89dc265d52a6a9126c5118f771769a,56f1ebca82ad5cd0c739298e08cffc0975e3f906e6ffe33f5781595186a3eb88,f4e1c684a535af7481bebc0be65d30b3021da3cb112ec14d4d36f7fca4ee70a6
AMD Part1/AMD (22).E2E/2- 25- 2017 5- 11- 45 PM/Image 34,/kaggle/input/aether-oct5k-pilot/Images/Images_Manual/AMD Part1/AMD (22).E2E/2- 25- 2017 5- 11- 45 PM/Image 34.png,/kaggle/input/aether-oct5k-pilot/Masks/Masks_Manual/Grading_1/AMD Part1/AMD (22).E2E/2- 25- 2017 5- 11- 45 PM/Image 34.png,AMD Part1,train,79f693c8650e0b165ca37a2ef28ae9e3f302ea04e39861e8e81d3e0aa77dff12,35e95fd1e6989abe5ce7067815813d41cbbf5e9263c3979033aa780aa056a0cc,fa583db80ce56e7e80c6662ff3133d015994e63502d8be9fcaaad23d86ad0f57
AMD Part1/AMD (2).E2E/2- 25- 2017 9- 12- 39 PM/Image 2,/kaggle/input/aether-oct5k-pilot/Images/Images_Manual/AMD Part1/AMD (2).E2E/2- 25- 2017 9- 12- 39 PM/Image 2.png,/kaggle/input/aether-oct5k-pilot/Masks/Masks_Manual/Grading_1/AMD Part1/AMD (2).E2E/2- 25- 2017 9- 12- 39 PM/Image 2.png,AMD Part1,train,04076ba7769caeddecca62f5a57074757dfd7d60f656537353008e24cf4d1822,c7bd05c6c70e77cb069a435755e0e7b44f0476c08da0b980c3072afa377c5fa7,a7fef438c04b0b60ccae959fc82428f4787b40498cd7b98105b1eb8088ef2c65
AMD Part1/AMD (26).E2E/2- 25- 2017 5- 23- 01 PM/Image 24,/kaggle/input/aether-oct5k-pilot/Images/Images_Manual/AMD Part1/AMD (26).E2E/2- 25- 2017 5- 23- 01 PM/Image 24.png,/kaggle/input/aether-oct5k-pilot/Masks/Masks_Manual/Grading_1/AMD Part1/AMD (26).E2E/2- 25- 2017 5- 23- 01 PM/Image 24.png,AMD Part1,train,444225887da15a26d950158e6c9f3af13769724b6ed0f693b469f61bf9ab5561,8af0e041a460497a2255793dde19115dbd14912c08d739fbf4b3290cbfb5bd1b,22ba966f149c6864f2ee0692af6b59cf96e7d39a3c688fe13c79f2bbf7ea3ad1
DME/DME (22).E2E/2- 25- 2017 10- 03- 04 PM/Image 5,/kaggle/input/aether-oct5k-pilot/Images/Images_Manual/DME/DME (22).E2E/2- 25- 2017 10- 03- 04 PM/Image 5.png,/kaggle/input/aether-oct5k-pilot/Masks/Masks_Manual/Grading_1/DME/DME (22).E2E/2- 25- 2017 10- 03- 04 PM/Image 5.png,DME,train,8407fa452d38c71fa7a61bc2cb0ec7e8d212f68841b526406ae37d36cb2de043,e363c32e56247603b4ded5c1601d90f9f77611c43ddb0b1313925cc3d543fa99,c855a1650607dcec868d113462d8fb4762d897f6a4fd038ee9ee9d35d19de480
AMD Part1/AMD (24).E2E/2- 25- 2017 5- 17- 27 PM/Image 36,/kaggle/input/aether-oct5k-pilot/Images/Images_Manual/AMD Part1/AMD (24).E2E/2- 25- 2017 5- 17- 27 PM/Image 36.png,/kaggle/input/aether-oct5k-pilot/Masks/Masks_Manual/Grading_1/AMD Part1/AMD (24).E2E/2- 25- 2017 5- 17- 27 PM/Image 36.png,AMD Part1,train,bc44527c3388d4d17fedee79178851b687bdc6010cb748f03b7e5d11f25b9e6b,040b4ff3e5657db3d523a59157f5ab67891ad16cc27370dd619b1f5496589e14,89faf4207c26bddc7f4afe32fc55befe10b0adc24941b9c0f8055f374b2035f3
DME/DME (9).E2E/2- 25- 2017 9- 45- 28 PM/Image 44,/kaggle/input/aether-oct5k-pilot/Images/Images_Manual/DME/DME (9).E2E/2- 25- 2017 9- 45- 28 PM/Image 44.png,/kaggle/input/aether-oct5k-pilot/Masks/Masks_Manual/Grading_1/DME/DME (9).E2E/2- 25- 2017 9- 45- 28 PM/Image 44.png,DME,train,f5a070496cbd2263ada36661a932325e03bd1884ef0d8b354280ae63d73b4c32,4b0b9f552f2193afdeb60ee6b97d1506a6957b13bf9815bb6c03b5cbf7de2001,952d6ebd4c95bbd74b454106c0e468540826b936edbc24880e66ad7085f4d0e8
Normal Part1/Normal (25).E2E/2- 26- 2017 9- 42- 47 AM/Image 33,/kaggle/input/aether-oct5k-pilot/Images/Images_Manual/Normal Part1/Normal (25).E2E/2- 26- 2017 9- 42- 47 AM/Image 33.png,/kaggle/input/aether-oct5k-pilot/Masks/Masks_Manual/Grading_1/Normal Part1/Normal (25).E2E/2- 26- 2017 9- 42- 47 AM/Image 33.png,Normal Part1,train,da4e640ef003535597fd6150c6adad812c4856fcc48a57ca0aba888499205667,ffc7e3bf3e2a9a911b2bc7839e500ac6203fcc6b4429bb6695f590074dbd9355,5652936985fc47ab4d24a5d880d92913cc72ee2cd515c2e1aa87e1bd4163611f
AMD Part1/AMD (24).E2E/2- 25- 2017 5- 17- 27 PM/Image 49,/kaggle/input/aether-oct5k-pilot/Images/Images_Manual/AMD Part1/AMD (24).E2E/2- 25- 2017 5- 17- 27 PM/Image 49.png,/kaggle/input/aether-oct5k-pilot/Masks/Masks_Manual/Grading_1/AMD Part1/AMD (24).E2E/2- 25- 2017 5- 17- 27 PM/Image 49.png,AMD Part1,train,c0e46e81fc4cb4bd6ef9389941a960159f8d6165441d08ea444be6996389b858,d73b7e2e67a3c91a5673bf057514bd4ba9235849b6d857c4ede83ac59d5465aa,7f1d20f2a6b3b0f64cdc39cd76783b1a69445052f4697e38fa49b5f3fb1a2e20
DME/DME (7).E2E/2- 25- 2017 9- 42- 34 PM/Image 18,/kaggle/input/aether-oct5k-pilot/Images/Images_Manual/DME/DME (7).E2E/2- 25- 2017 9- 42- 34 PM/Image 18.png,/kaggle/input/aether-oct5k-pilot/Masks/Masks_Manual/Grading_1/DME/DME (7).E2E/2- 25- 2017 9- 42- 34 PM/Image 18.png,DME,train,7266b0c8dd836ef574e500904b7d9149c13fe5653054a319ae29d60db86d2ce5,471b6fc6d02a27c085ca7759f9fd4a3bc96bd98162dd346c983df47a05f5dc8c,fb643728b0cee8ec5b75fd47ff354d5579cc65210de4df3637e6496183c194c5
DME/DME (9).E2E/2- 25- 2017 9- 45- 28 PM/Image 50,/kaggle/input/aether-oct5k-pilot/Images/Images_Manual/DME/DME (9).E2E/2- 25- 2017 9- 45- 28 PM/Image 50.png,/kaggle/input/aether-oct5k-pilot/Masks/Masks_Manual/Grading_1/DME/DME (9).E2E/2- 25- 2017 9- 45- 28 PM/Image 50.png,DME,train,3900a5736990ca03ec310e440af46afeae0ae4897d1b01dfde6caf0db9581ce4,bf42d1e99429ad31398697029183ced6912c0fe731b161ac541ae340230062a0,1e951f27d6eba0c069e0859a70050bbd882fb69ac835764649f516053a59d001
AMD Part1/AMD (13).E2E/2- 25- 2017 4- 48- 43 PM/Image 22,/kaggle/input/aether-oct5k-pilot/Images/Images_Manual/AMD Part1/AMD (13).E2E/2- 25- 2017 4- 48- 43 PM/Image 22.png,/kaggle/input/aether-oct5k-pilot/Masks/Masks_Manual/Grading_1/AMD Part1/AMD (13).E2E/2- 25- 2017 4- 48- 43 PM/Image 22.png,AMD Part1,train,1f62bcd926f47a8edfef34d1c244eeca9fdc9c71c6a45484f0d0a1a3cbb0c930,ab229d1fcc00851cedf9719af0f063841d12a58e9e88132c10ebcb06156c6b89,4453078e55716a440df2be2a7cf69d637b1aec25903f350051d719a24901e931
AMD Part1/AMD (24).E2E/2- 25- 2017 5- 17- 27 PM/Image 32,/kaggle/input/aether-oct5k-pilot/Images/Images_Manual/AMD Part1/AMD (24).E2E/2- 25- 2017 5- 17- 27 PM/Image 32.png,/kaggle/input/aether-oct5k-pilot/Masks/Masks_Manual/Grading_1/AMD Part1/AMD (24).E2E/2- 25- 2017 5- 17- 27 PM/Image 32.png,AMD Part1,train,aaf6c09f8c99515a422aa2d239151630b5741989acc8c38e31518e6c04551373,89e728c322f9648d4631b25730bb0d761d911e90f8b2594d379498a8d21b2f20,e7348b8768fb60e3a6f0483d5aab359fb3a94cd5789693c2d02c49ecfb58ce98
AMD Part1/AMD (22).E2E/2- 25- 2017 5- 11- 45 PM/Image 4,/kaggle/input/aether-oct5k-pilot/Images/Images_Manual/AMD Part1/AMD (22).E2E/2- 25- 2017 5- 11- 45 PM/Image 4.png,/kaggle/input/aether-oct5k-pilot/Masks/Masks_Manual/Grading_1/AMD Part1/AMD (22).E2E/2- 25- 2017 5- 11- 45 PM/Image 4.png,AMD Part1,train,00afd1ee96f173b4ddc3b5801ae475c97c9cc7d18687f48e85e1f0b2989a89da,07bf3fe09a70af2a57a96061b31377226c5074829ea5611092626a589770f036,31f6f1acca09a227ff5fcdd640fda9b4807ff77bde1955975549ed4d256be3e3
DME/DME (17).E2E/2- 25- 2017 9- 55- 34 PM/Image 12,/kaggle/input/aether-oct5k-pilot/Images/Images_Manual/DME/DME (17).E2E/2- 25- 2017 9- 55- 34 PM/Image 12.png,/kaggle/input/aether-oct5k-pilot/Masks/Masks_Manual/Grading_1/DME/DME (17).E2E/2- 25- 2017 9- 55- 34 PM/Image 12.png,DME,train,16a636a497f50c40c533ac42df390648bc1f49699643a1ca8fd49a18b318cca5,f04e57e87084b3d141f623cbbbc097f1c6073671759e236f925dad147283c5b0,30f2b6c100a16609d7bdeee4e5ee3ec5458f37339d75245e9155163706fe57a2
AMD Part1/AMD (24).E2E/2- 25- 2017 5- 17- 27 PM/Image 17,/kaggle/input/aether-oct5k-pilot/Images/Images_Manual/AMD Part1/AMD (24).E2E/2- 25- 2017 5- 17- 27 PM/Image 17.png,/kaggle/input/aether-oct5k-pilot/Masks/Masks_Manual/Grading_1/AMD Part1/AMD (24).E2E/2- 25- 2017 5- 17- 27 PM/Image 17.png,AMD Part1,train,5c6b84dc98e40031ae4d48ab605b18dbd39eaf66594d360fbcf2ac26f8c2cf97,fd1eaa511a9e8f14e21a55bc6def711a3f36fcedc8d6bb3534b53c96d14c33bc,1ffab96b21ebbc3dd322e9231e86a268dc900c2c24a32389355948a1ad1b6546
Normal Part1/Normal (15).E2E/2- 26- 2017 9- 28- 04 AM/Image 19,/kaggle/input/aether-oct5k-pilot/Images/Images_Manual/Normal Part1/Normal (15).E2E/2- 26- 2017 9- 28- 04 AM/Image 19.png,/kaggle/input/aether-oct5k-pilot/Masks/Masks_Manual/Grading_1/Normal Part1/Normal (15).E2E/2- 26- 2017 9- 28- 04 AM/Image 19.png,Normal Part1,train,34e38f72491c8d0fa88c793778acad3983607f53f1e4a6a4dc49b27f1eeea048,81d9d000ac24495c6f22f9d6fad940f82f76d4363483e59eac0bb68cac584364,060a799e95c2831e2caa7371a0e9e0508589df9d84ed34dea9917565d5ea5322
Normal Part1/Normal (15).E2E/2- 26- 2017 9- 28- 04 AM/Image 13,/kaggle/input/aether-oct5k-pilot/Images/Images_Manual/Normal Part1/Normal (15).E2E/2- 26- 2017 9- 28- 04 AM/Image 13.png,/kaggle/input/aether-oct5k-pilot/Masks/Masks_Manual/Grading_1/Normal Part1/Normal (15).E2E/2- 26- 2017 9- 28- 04 AM/Image 13.png,Normal Part1,train,ffb18c4840733b72f609add9eb5219076978fd8c821d068c06a50cd629b4b72b,6b426be459e481670eabaa0680496760bd5f9fb2209e9ca0e6e2f458be3e69e2,297c5d30fa09502ad267c47e1bf0d91dc9222d728fcc63debe3536a29bb9a423
Normal Part1/Normal (25).E2E/2- 26- 2017 9- 42- 47 AM/Image 61,/kaggle/input/aether-oct5k-pilot/Images/Images_Manual/Normal Part1/Normal (25).E2E/2- 26- 2017 9- 42- 47 AM/Image 61.png,/kaggle/input/aether-oct5k-pilot/Masks/Masks_Manual/Grading_1/Normal Part1/Normal (25).E2E/2- 26- 2017 9- 42- 47 AM/Image 61.png,Normal Part1,train,019128d9457d5d7416565c92f262784bc79b226fc1f2db82400d754a9666d9e7,9e7ce232cb9b1d7abf5a3bccb69a5e5a53f28bdcda4c2a9109df41096b7ae9c6,c9ab96d2406711dfc7884a469a403ea916616914448d5a41e0b3993828c8f395
Normal Part1/Normal (7).E2E/2- 26- 2017 9- 14- 12 AM/Image 16,/kaggle/input/aether-oct5k-pilot/Images/Images_Manual/Normal Part1/Normal (7).E2E/2- 26- 2017 9- 14- 12 AM/Image 16.png,/kaggle/input/aether-oct5k-pilot/Masks/Masks_Manual/Grading_1/Normal Part1/Normal (7).E2E/2- 26- 2017 9- 14- 12 AM/Image 16.png,Normal Part1,train,8faf9af49f51f8628539944aea486f177fcbb9c297fe22f479fa46d5f3133a5c,f14dbcccd45ce752b08e4aef30da95c34dfb748f50d01596659c56437522a44a,358e53f71574bdd627b10a6f371b7d0c7a7fd1d4b5d9df52ce99e701b8f096a0
DME/DME (30).E2E/2- 25- 2017 10- 16- 46 PM/Image 5,/kaggle/input/aether-oct5k-pilot/Images/Images_Manual/DME/DME (30).E2E/2- 25- 2017 10- 16- 46 PM/Image 5.png,/kaggle/input/aether-oct5k-pilot/Masks/Masks_Manual/Grading_1/DME/DME (30).E2E/2- 25- 2017 10- 16- 46 PM/Image 5.png,DME,train,8ef51fac209b8f08f717302ef0dc9d65c82bacd00a86a012dd2700e7e1e21784,322da403c9c2e6dd82a27ffb8503a66efbfc635ba30a0941f57660096b54fae1,670b3da614cf58c3a9b7ade7451d6d95a97fc446a4919f7d4e09494ea25d42c5
AMD Part1/AMD (34).E2E/2- 25- 2017 8- 59- 29 PM/Image 29,/kaggle/input/aether-oct5k-pilot/Images/Images_Manual/AMD Part1/AMD (34).E2E/2- 25- 2017 8- 59- 29 PM/Image 29.png,/kaggle/input/aether-oct5k-pilot/Masks/Masks_Manual/Grading_1/AMD Part1/AMD (34).E2E/2- 25- 2017 8- 59- 29 PM/Image 29.png,AMD Part1,train,95fa3a4aa8cf34b2fbbd4683fe12cfbddf01c9e32671ec79eb6a199cf284f289,871e09f900d77f21afe237b546f3b5606f28390815058d16027127180840fb7d,82a6dfec418c21d08e1a3de8e9459cd6e1942d158a3fb4ffffc6f94ab0ea560f
AMD Part1/AMD (24).E2E/2- 25- 2017 5- 17- 27 PM/Image 53,/kaggle/input/aether-oct5k-pilot/Images/Images_Manual/AMD Part1/AMD (24).E2E/2- 25- 2017 5- 17- 27 PM/Image 53.png,/kaggle/input/aether-oct5k-pilot/Masks/Masks_Manual/Grading_1/AMD Part1/AMD (24).E2E/2- 25- 2017 5- 17- 27 PM/Image 53.png,AMD Part1,train,d06b67b5065e3742fc96b25351e945bfd337d9a2b2f274b79bed07b6c83a39d0,300557375149acda7e58a5c6be6fe9f488ce534a3eda7301b0b32395fc71c5b9,a7b05ae1ce61ce05efdd71325e745cadbe75f06c4343b0bed356bd4a9cbfe8d6
AMD Part1/AMD (21).E2E/2- 25- 2017 5- 10- 29 PM/Image 29,/kaggle/input/aether-oct5k-pilot/Images/Images_Manual/AMD Part1/AMD (21).E2E/2- 25- 2017 5- 10- 29 PM/Image 29.png,/kaggle/input/aether-oct5k-pilot/Masks/Masks_Manual/Grading_1/AMD Part1/AMD (21).E2E/2- 25- 2017 5- 10- 29 PM/Image 29.png,AMD Part1,train,25ff09481c01c77f4c053a897adc05c53a2fb035c383e6f59a0d7eff690fd614,f811d106fdfebd53f9d9b88c8a4190059d0f606599bee20ed606ddfba66cd83b,23dd426b81507c0b3c829a1ba25f2cb3cbbddcab4dbf2372c334983a5fd805d3
Normal Part2/Normal (47).E2E/2- 26- 2017 10- 21- 43 AM/Image 24,/kaggle/input/aether-oct5k-pilot/Images/Images_Manual/Normal Part2/Normal (47).E2E/2- 26- 2017 10- 21- 43 AM/Image 24.png,/kaggle/input/aether-oct5k-pilot/Masks/Masks_Manual/Grading_1/Normal Part2/Normal (47).E2E/2- 26- 2017 10- 21- 43 AM/Image 24.png,Normal Part2,train,fc0c40fc85cc2e3d61ffb2ed42418581023be77a62e23f6ac7e17ba35ad13b9e,fae9b7ac797ce62da714a6bae274606070abead19e947dfba5d08de1d824f7d4,52f20884fb6efb01af29c6c768b14f403c875a90f5ca76c7c41dc9169f788f0d
Normal Part1/Normal (15).E2E/2- 26- 2017 9- 28- 04 AM/Image 17,/kaggle/input/aether-oct5k-pilot/Images/Images_Manual/Normal Part1/Normal (15).E2E/2- 26- 2017 9- 28- 04 AM/Image 17.png,/kaggle/input/aether-oct5k-pilot/Masks/Masks_Manual/Grading_1/Normal Part1/Normal (15).E2E/2- 26- 2017 9- 28- 04 AM/Image 17.png,Normal Part1,train,1f842434eb776939d7410137bd231251f841bf796ed097e2294b201c6223d49a,a4e6eefc3756cbadc00ae7bb092891a52c19594625bd0bcd7bd86aff8c54a9e4,ce4a24b9669d6e58c80a8bd7e81ed226744588918bcd4cae4b01bda17cab95c2
AMD Part1/AMD (22).E2E/2- 25- 2017 5- 11- 45 PM/Image 55,/kaggle/input/aether-oct5k-pilot/Images/Images_Manual/AMD Part1/AMD (22).E2E/2- 25- 2017 5- 11- 45 PM/Image 55.png,/kaggle/input/aether-oct5k-pilot/Masks/Masks_Manual/Grading_1/AMD Part1/AMD (22).E2E/2- 25- 2017 5- 11- 45 PM/Image 55.png,AMD Part1,train,4d1fd76c762fbd37928e529bdc199853a8ac208e24678091188d504672c1d4fb,41ff5d511c307bf852c595eca48eccae997078325b8d0074f22ec987fc4af38a,4a6e024a3f275288e4e60863424008dfdca1dc957001e8dc1511097b59ad0eb8
DME/DME (35).E2E/2- 25- 2017 10- 23- 21 PM/Image 6,/kaggle/input/aether-oct5k-pilot/Images/Images_Manual/DME/DME (35).E2E/2- 25- 2017 10- 23- 21 PM/Image 6.png,/kaggle/input/aether-oct5k-pilot/Masks/Masks_Manual/Grading_1/DME/DME (35).E2E/2- 25- 2017 10- 23- 21 PM/Image 6.png,DME,train,4cba09fba04f94c8c02e08ef36a24ca2a07436cba89043b83777c8198d81788b,fa16f8df5fcd534cf35791ff4a0daf81612a2b2e5995fdf40ef47aa57189480f,e5892ac3ba43f459e3c90fd68cfedc3ae93ab33986170029e2276526cb6dbf78
AMD Part1/AMD (22).E2E/2- 25- 2017 5- 11- 45 PM/Image 15,/kaggle/input/aether-oct5k-pilot/Images/Images_Manual/AMD Part1/AMD (22).E2E/2- 25- 2017 5- 11- 45 PM/Image 15.png,/kaggle/input/aether-oct5k-pilot/Masks/Masks_Manual/Grading_1/AMD Part1/AMD (22).E2E/2- 25- 2017 5- 11- 45 PM/Image 15.png,AMD Part1,train,3549513c52c5d09cca5de3aab54a60f3c77dc65f54fda3636d2e00c144c40cb3,360a1576f7008a8abce7bdd0da0628e6a8a8c48c91a5da537c9134fc2d32c49b,13711ad7b950294c7042ccf4ab329214ca9f1717ab63d012c06694b2133ffe3f
Normal Part1/Normal (10).E2E/2- 26- 2017 9- 18- 14 AM/Image 13,/kaggle/input/aether-oct5k-pilot/Images/Images_Manual/Normal Part1/Normal (10).E2E/2- 26- 2017 9- 18- 14 AM/Image 13.png,/kaggle/input/aether-oct5k-pilot/Masks/Masks_Manual/Grading_1/Normal Part1/Normal (10).E2E/2- 26- 2017 9- 18- 14 AM/Image 13.png,Normal Part1,train,d0df302e80ec61382ff270abaaf274ff0b158857b0b7642f93f10e0a62e0756b,55f0d6971be5d4911788be364bcee06f5cded15a22c6bf47d7734dad61f82ff1,1bf8275e8b406f7f5d16bf34e17ab9c175d93a3b171e10223167ac3ca2268143
AMD Part1/AMD (26).E2E/2- 25- 2017 5- 23- 01 PM/Image 10,/kaggle/input/aether-oct5k-pilot/Images/Images_Manual/AMD Part1/AMD (26).E2E/2- 25- 2017 5- 23- 01 PM/Image 10.png,/kaggle/input/aether-oct5k-pilot/Masks/Masks_Manual/Grading_1/AMD Part1/AMD (26).E2E/2- 25- 2017 5- 23- 01 PM/Image 10.png,AMD Part1,train,24f6446575ba6c004bb7a3ffc1f1fd33120167dbe716b61213d650f1a58dd4b8,42bb7ea8180a91699c4d47a273092336e56d0ebae44dd7d612a97a10887ecd84,7e145194ab24b5f1cdb7fcf69f5543a101fbc84372edd7f204e54a5ecb5b1930
DME/DME (6).E2E/2- 25- 2017 9- 40- 56 PM/Image 3,/kaggle/input/aether-oct5k-pilot/Images/Images_Manual/DME/DME (6).E2E/2- 25- 2017 9- 40- 56 PM/Image 3.png,/kaggle/input/aether-oct5k-pilot/Masks/Masks_Manual/Grading_1/DME/DME (6).E2E/2- 25- 2017 9- 40- 56 PM/Image 3.png,DME,train,5316b152125bd1c3a77284b489499ca0d081d9c5668a3802bd56685ba5538975,9e188b939c49681b46e8050df5461a41e98229d0a0c0757f51a3df93caace3cf,dd6a1954f014768bc31311dfec7ee99fcaf891face939918f52c22819ce222a9
DME/DME (11).E2E/2- 25- 2017 9- 47- 31 PM/Image 10,/kaggle/input/aether-oct5k-pilot/Images/Images_Manual/DME/DME (11).E2E/2- 25- 2017 9- 47- 31 PM/Image 10.png,/kaggle/input/aether-oct5k-pilot/Masks/Masks_Manual/Grading_1/DME/DME (11).E2E/2- 25- 2017 9- 47- 31 PM/Image 10.png,DME,train,3d06ba09aed5e04f001c27d0f5f6078759266ad180e0b49ac281e0b08130477b,c45832b98f2004236d13993fcf71c28220d1fe42cced5c66c485e1749b1b8b05,1bf0f0b0765b2fc64a7f191f9535977e30a3c430ab2fb2e8ccd29848cb876fb0
AMD Part1/AMD (11).E2E/2- 25- 2017 4- 44- 26 PM/Image 16,/kaggle/input/aether-oct5k-pilot/Images/Images_Manual/AMD Part1/AMD (11).E2E/2- 25- 2017 4- 44- 26 PM/Image 16.png,/kaggle/input/aether-oct5k-pilot/Masks/Masks_Manual/Grading_1/AMD Part1/AMD (11).E2E/2- 25- 2017 4- 44- 26 PM/Image 16.png,AMD Part1,train,b57fad6ab89112921b59857f42baf5b4a5f9df5c4707d61173cb9d3291441431,4afdca1b95c99c31974c558ce1aed6e8c66781f4eaa0e31e82e693e354f75b31,1609717dd80cae9192efc3200355ae7ecff902d2960448da44a24c56dafc30c1
Normal Part2/Normal (35).E2E/2- 26- 2017 10- 03- 02 AM/Image 3,/kaggle/input/aether-oct5k-pilot/Images/Images_Manual/Normal Part2/Normal (35).E2E/2- 26- 2017 10- 03- 02 AM/Image 3.png,/kaggle/input/aether-oct5k-pilot/Masks/Masks_Manual/Grading_1/Normal Part2/Normal (35).E2E/2- 26- 2017 10- 03- 02 AM/Image 3.png,Normal Part2,train,c5fd6042882640871fe3a095f5f954eef7c97a9e8595ebd5f843ac8683984722,027fd1a9c235b3886e6e5d251f156e1cae02febcb8fe4134c665b8c874acd6af,36a27b00ad9739296750b1ead95580db635f438aa6b5e5d14f0e86e79aa23f4d
AMD Part1/AMD (8).E2E/2- 25- 2017 9- 21- 50 PM/Image 11,/kaggle/input/aether-oct5k-pilot/Images/Images_Manual/AMD Part1/AMD (8).E2E/2- 25- 2017 9- 21- 50 PM/Image 11.png,/kaggle/input/aether-oct5k-pilot/Masks/Masks_Manual/Grading_1/AMD Part1/AMD (8).E2E/2- 25- 2017 9- 21- 50 PM/Image 11.png,AMD Part1,train,175343304c62597d4fe0f57721c3cef3ba4f55afecdb5ac4a45cae8b0b6599d2,24a1922b64e9214880ef3247d77a19e3f94c56cd3e4ce4f2be56665ecb681858,04352564857f84400f70e8dafe35d93a43368f715707b755f6362ccbbd9f6245
DME/DME (26).E2E/2- 25- 2017 10- 10- 17 PM/Image 16,/kaggle/input/aether-oct5k-pilot/Images/Images_Manual/DME/DME (26).E2E/2- 25- 2017 10- 10- 17 PM/Image 16.png,/kaggle/input/aether-oct5k-pilot/Masks/Masks_Manual/Grading_1/DME/DME (26).E2E/2- 25- 2017 10- 10- 17 PM/Image 16.png,DME,train,65841bbf8c395aa24eb8926826622614c28ecaf47b8fbab4271013daeeb8820a,11174b004fe31cff6bfd769777d0b42b616656b694a89222ef57f9409e49b4e1,96a25647dc1fe72ad90d66bb1ce97029e6748d51797eb3d89e62b0e2b0acf296
Normal Part1/Normal (7).E2E/2- 26- 2017 9- 14- 12 AM/Image 17,/kaggle/input/aether-oct5k-pilot/Images/Images_Manual/Normal Part1/Normal (7).E2E/2- 26- 2017 9- 14- 12 AM/Image 17.png,/kaggle/input/aether-oct5k-pilot/Masks/Masks_Manual/Grading_1/Normal Part1/Normal (7).E2E/2- 26- 2017 9- 14- 12 AM/Image 17.png,Normal Part1,train,10149f81471689a9fb81d599b05f682a08563f02d85129e7b49ad948562391b9,1628f5fdc4c6a0b9b5087c1ed7176132a4f13be7bdeb29f321e4cbff5a48baa5,69226c4e2e23d7e921bf20908bbfb285f06b9327d46e6dfbb79054521dcd18d6
AMD Part1/AMD (22).E2E/2- 25- 2017 5- 11- 45 PM/Image 59,/kaggle/input/aether-oct5k-pilot/Images/Images_Manual/AMD Part1/AMD (22).E2E/2- 25- 2017 5- 11- 45 PM/Image 59.png,/kaggle/input/aether-oct5k-pilot/Masks/Masks_Manual/Grading_1/AMD Part1/AMD (22).E2E/2- 25- 2017 5- 11- 45 PM/Image 59.png,AMD Part1,train,3406f43078df036ca90bab33f3807321db08575ff71694733b9d944ca9678637,16e4ee9a42ba641ca33ac9526e8156df2bb13b988d2b5e0412ebc0d74a5023a7,bc9723598a1d5123a01cabc6649b0ee409912f8d4f7431b5373a08c703d2c2f8
AMD Part1/AMD (22).E2E/2- 25- 2017 5- 11- 45 PM/Image 53,/kaggle/input/aether-oct5k-pilot/Images/Images_Manual/AMD Part1/AMD (22).E2E/2- 25- 2017 5- 11- 45 PM/Image 53.png,/kaggle/input/aether-oct5k-pilot/Masks/Masks_Manual/Grading_1/AMD Part1/AMD (22).E2E/2- 25- 2017 5- 11- 45 PM/Image 53.png,AMD Part1,train,39e4aac1a52054e0505b3e671acbcf50397732ebfda2dbc2bd22deca4456fef2,a127a9c87813edcba15e9420a00aebea6a3f77f2209c4c9987f18080227e398f,413f61c65814856a550c1bb646d5a0e1fdb12c8fb133e7ec3fed3b0c2edbb941
AMD Part1/AMD (1).E2E/2- 25- 2017 9- 10- 42 PM/Image 12,/kaggle/input/aether-oct5k-pilot/Images/Images_Manual/AMD Part1/AMD (1).E2E/2- 25- 2017 9- 10- 42 PM/Image 12.png,/kaggle/input/aether-oct5k-pilot/Masks/Masks_Manual/Grading_1/AMD Part1/AMD (1).E2E/2- 25- 2017 9- 10- 42 PM/Image 12.png,AMD Part1,train,f38da3254505d2b3c1dcc2648185eb86ad352d9ab1a300f3d78ffd4934bbcfcb,c7d9bd66b1347acaba42fea5e2bd3af876ca4684afdaa3620ec40dbb69f5e750,3f0a16171fba9c90bf3a3f35e8e4eb7a5869004414fa48ca83fcf3786cdae70b
Normal Part1/Normal (12).E2E/2- 26- 2017 9- 23- 28 AM/Image 5,/kaggle/input/aether-oct5k-pilot/Images/Images_Manual/Normal Part1/Normal (12).E2E/2- 26- 2017 9- 23- 28 AM/Image 5.png,/kaggle/input/aether-oct5k-pilot/Masks/Masks_Manual/Grading_1/Normal Part1/Normal (12).E2E/2- 26- 2017 9- 23- 28 AM/Image 5.png,Normal Part1,train,c8494e39d846546afb2cf06dc9484992e2b098a106b57c9f344c0ef057cc83b5,7017f7009abb251ca130cae009cc56984822c50c94da48a29e5971578ee52635,69f5facfcccefb5038c8a5b3329d69d367f91f57b889345fafeb239f6e813b37
AMD Part1/AMD (26).E2E/2- 25- 2017 5- 23- 01 PM/Image 23,/kaggle/input/aether-oct5k-pilot/Images/Images_Manual/AMD Part1/AMD (26).E2E/2- 25- 2017 5- 23- 01 PM/Image 23.png,/kaggle/input/aether-oct5k-pilot/Masks/Masks_Manual/Grading_1/AMD Part1/AMD (26).E2E/2- 25- 2017 5- 23- 01 PM/Image 23.png,AMD Part1,train,e7fdfbb06e3a0d1d1b10686103c5cd8276bedae3d8a8249412777b863f707275,00bf2312ca1ebfbba4664251d2d03901e70936f90e6e1e1eaeb0c9de065c658c,2ccae1836742d2984a2ccfb11edcc2e46597375e3a79ff5a4281d3d471a93832
AMD Part1/AMD (34).E2E/2- 25- 2017 8- 59- 29 PM/Image 5,/kaggle/input/aether-oct5k-pilot/Images/Images_Manual/AMD Part1/AMD (34).E2E/2- 25- 2017 8- 59- 29 PM/Image 5.png,/kaggle/input/aether-oct5k-pilot/Masks/Masks_Manual/Grading_1/AMD Part1/AMD (34).E2E/2- 25- 2017 8- 59- 29 PM/Image 5.png,AMD Part1,train,69ac3c3ed732057b39c9ed44eab98e27bfda50ea28e3c81faa60de513b0e02ad,138a9a4076e1f5b1b9f42d33c49cf64db562eda3be54935ea1e2e5f7246e4183,c156bec24bec8b27d86d2a008d194405095d401ed8fb395568e9aa7a8bed8cec
DME/DME (17).E2E/2- 25- 2017 9- 55- 34 PM/Image 1,/kaggle/input/aether-oct5k-pilot/Images/Images_Manual/DME/DME (17).E2E/2- 25- 2017 9- 55- 34 PM/Image 1.png,/kaggle/input/aether-oct5k-pilot/Masks/Masks_Manual/Grading_1/DME/DME (17).E2E/2- 25- 2017 9- 55- 34 PM/Image 1.png,DME,train,33fbe208351b1c30c7d0bb1f4972b0880e98a0d810ad8fc7a3c7da0713e2e367,a7b36203e3bdb2f553d5e402883c66c10279c1bdbbdd3cd824ae8ff4137744f0,f75bad3fe648d5dc04c0bdb369e1aafb2fd75b3868ee8f56f7942caec1a80557
DME/DME (14).E2E/2- 25- 2017 9- 51- 49 PM/Image 8,/kaggle/input/aether-oct5k-pilot/Images/Images_Manual/DME/DME (14).E2E/2- 25- 2017 9- 51- 49 PM/Image 8.png,/kaggle/input/aether-oct5k-pilot/Masks/Masks_Manual/Grading_1/DME/DME (14).E2E/2- 25- 2017 9- 51- 49 PM/Image 8.png,DME,train,ac749e9178290edcde2c315f2b06534a6aa9f560b76eaf43c2dc851b4ef96b6f,ac002c6368e6edae81bce8d096ea3826d9ab77ff99894b26d1da6be8ac28f007,6f24a91b8f7cdabafd4d49a9701c0d7d450b60ed1f23be5a2ea2c135bd017756
Normal Part1/Normal (15).E2E/2- 26- 2017 9- 28- 04 AM/Image 1,/kaggle/input/aether-oct5k-pilot/Images/Images_Manual/Normal Part1/Normal (15).E2E/2- 26- 2017 9- 28- 04 AM/Image 1.png,/kaggle/input/aether-oct5k-pilot/Masks/Masks_Manual/Grading_1/Normal Part1/Normal (15).E2E/2- 26- 2017 9- 28- 04 AM/Image 1.png,Normal Part1,train,37cb8c52f06a326694d29b77322894b6533ebd0b9dba1de44b31d0173e098544,01aa4b5ae1f2395165945db106a7452a93faee7da79a8e4f8e07e5c8c94af0a1,2dad667329ad28b509466f5bad612be404a02aca1bd35b47e3057a3e586c3e98
AMD Part1/AMD (10).E2E/2- 25- 2017 9- 27- 53 PM/Image 16,/kaggle/input/aether-oct5k-pilot/Images/Images_Manual/AMD Part1/AMD (10).E2E/2- 25- 2017 9- 27- 53 PM/Image 16.png,/kaggle/input/aether-oct5k-pilot/Masks/Masks_Manual/Grading_1/AMD Part1/AMD (10).E2E/2- 25- 2017 9- 27- 53 PM/Image 16.png,AMD Part1,train,df1de1cbd7945083f1fd188146bfa7a5382ae6452e549ca8875941d6858cf037,9558a742b1a35ac02c05d81f1e6570b69a38ced47d518e8123ddaa86316afae7,62cc1c031bea941e80947989545c9421cc642214a82a34489a2d2c06486773b8
Normal Part1/Normal (12).E2E/2- 26- 2017 9- 23- 28 AM/Image 14,/kaggle/input/aether-oct5k-pilot/Images/Images_Manual/Normal Part1/Normal (12).E2E/2- 26- 2017 9- 23- 28 AM/Image 14.png,/kaggle/input/aether-oct5k-pilot/Masks/Masks_Manual/Grading_1/Normal Part1/Normal (12).E2E/2- 26- 2017 9- 23- 28 AM/Image 14.png,Normal Part1,train,84a018ef7799528401ba27b92d5f121b6ed14325a0cddfd5fbc2e362d4f1eeb0,060ab423561ebe60e9462cb3c52936fa4a4601ed07e94b2645df5a3f2598b5b2,d5f0351f31e5ced70cadf9fe68f96e099175d6dc52d4103d096e872c08477a9a
Normal Part1/Normal (25).E2E/2- 26- 2017 9- 42- 47 AM/Image 57,/kaggle/input/aether-oct5k-pilot/Images/Images_Manual/Normal Part1/Normal (25).E2E/2- 26- 2017 9- 42- 47 AM/Image 57.png,/kaggle/input/aether-oct5k-pilot/Masks/Masks_Manual/Grading_1/Normal Part1/Normal (25).E2E/2- 26- 2017 9- 42- 47 AM/Image 57.png,Normal Part1,train,a562da2514aca660e66df65c128f202d1fc5c7b7d858e14f82ba10b0f0d24ed9,f18ab1bf2eb7f62e1a19596b9826287b23a4bcad4a0e9dbe6f30574e48749ca1,574b20b3dac66ebc86f8eade3e926983603bca6f563f1f7bcff75f5879cab9a3
AMD Part1/AMD (3).E2E/2- 25- 2017 9- 13- 55 PM/Image 10,/kaggle/input/aether-oct5k-pilot/Images/Images_Manual/AMD Part1/AMD (3).E2E/2- 25- 2017 9- 13- 55 PM/Image 10.png,/kaggle/input/aether-oct5k-pilot/Masks/Masks_Manual/Grading_1/AMD Part1/AMD (3).E2E/2- 25- 2017 9- 13- 55 PM/Image 10.png,AMD Part1,train,9af173e74fb97d4d1db5c77b62d73919d123d7ace5edb549972eb3c58e6eae24,c181c14d042c1d4f6d42ec6a2e6a852e22eaff96fcbd50336102162199affdc1,cc303af99784de44c254ebc4de64f40495645a459ca8f285909ab11232cde0d1
Normal Part1/Normal (26).E2E/2- 26- 2017 9- 44- 13 AM/Image 29,/kaggle/input/aether-oct5k-pilot/Images/Images_Manual/Normal Part1/Normal (26).E2E/2- 26- 2017 9- 44- 13 AM/Image 29.png,/kaggle/input/aether-oct5k-pilot/Masks/Masks_Manual/Grading_1/Normal Part1/Normal (26).E2E/2- 26- 2017 9- 44- 13 AM/Image 29.png,Normal Part1,train,8d73aabd9fbf3156307ff0c3052f895833c8774c9e4ddda33a0ce063a474ff72,8ee709339682927da21ae42930630022056e84b44c628ae1543245ad52d22f7f,6c36ab28e3285e9bbb9a95f5c03b52d94065f0f8a46f8e1bacc4826a1411bba6
Normal Part2/Normal (39).E2E/2- 26- 2017 10- 08- 18 AM/Image 15,/kaggle/input/aether-oct5k-pilot/Images/Images_Manual/Normal Part2/Normal (39).E2E/2- 26- 2017 10- 08- 18 AM/Image 15.png,/kaggle/input/aether-oct5k-pilot/Masks/Masks_Manual/Grading_1/Normal Part2/Normal (39).E2E/2- 26- 2017 10- 08- 18 AM/Image 15.png,Normal Part2,train,51717727e725bd5d3ac2a935680c9c52b818724961d0c99f2c7c84819e44a204,1797679308670de02a5cf1af79e8d972f4f870029f8cf89e27db36b0a8c3f4cd,34ed083611b363540cb1b4bcd554481c07a160dfab5a5e490ffe67f8f9066546
DME/DME (30).E2E/2- 25- 2017 10- 16- 46 PM/Image 3,/kaggle/input/aether-oct5k-pilot/Images/Images_Manual/DME/DME (30).E2E/2- 25- 2017 10- 16- 46 PM/Image 3.png,/kaggle/input/aether-oct5k-pilot/Masks/Masks_Manual/Grading_1/DME/DME (30).E2E/2- 25- 2017 10- 16- 46 PM/Image 3.png,DME,train,557fe96114b99f3b2402109dceef7632458b0f92513f5e0e69cb69eaa673d2b3,0adc87c023d3d7c8c45801f36432f2801be0a86e9d9866628de05ceb77a13491,c4aafe93569e3754c457e22b16e75b7230cdd75a7072e85dfdc9f0912700eea0
AMD Part1/AMD (23).E2E/2- 25- 2017 5- 14- 57 PM/Image 50,/kaggle/input/aether-oct5k-pilot/Images/Images_Manual/AMD Part1/AMD (23).E2E/2- 25- 2017 5- 14- 57 PM/Image 50.png,/kaggle/input/aether-oct5k-pilot/Masks/Masks_Manual/Grading_1/AMD Part1/AMD (23).E2E/2- 25- 2017 5- 14- 57 PM/Image 50.png,AMD Part1,train,f2aa6c442d2e0ff8ca460f3142023e7962f98c34bc68c68ddc0ead07b7c587ee,e79e0c23cc7dbe3cd55761105b3dc8e12b3d5d59e902d5fdad26f68704f1959a,7b03f3ee24638e642f344d9984217524416cca413898559c4f7390a8c27fb740
Normal Part2/Normal (47).E2E/2- 26- 2017 10- 21- 43 AM/Image 22,/kaggle/input/aether-oct5k-pilot/Images/Images_Manual/Normal Part2/Normal (47).E2E/2- 26- 2017 10- 21- 43 AM/Image 22.png,/kaggle/input/aether-oct5k-pilot/Masks/Masks_Manual/Grading_1/Normal Part2/Normal (47).E2E/2- 26- 2017 10- 21- 43 AM/Image 22.png,Normal Part2,train,8bd383c09ed499155b4db264d9b99514e637fb9d663442afee6556fe1b60b669,6c9921fe539cb351faea759e47797cd1d31df55987de9bf8cfa3d515af08fe2a,f86b88c571b5f1b600cea9669d0dd9cea64bf772cd1f8c2e8ee641a1905513a6
Normal Part2/Normal (35).E2E/2- 26- 2017 10- 03- 02 AM/Image 5,/kaggle/input/aether-oct5k-pilot/Images/Images_Manual/Normal Part2/Normal (35).E2E/2- 26- 2017 10- 03- 02 AM/Image 5.png,/kaggle/input/aether-oct5k-pilot/Masks/Masks_Manual/Grading_1/Normal Part2/Normal (35).E2E/2- 26- 2017 10- 03- 02 AM/Image 5.png,Normal Part2,train,4ef8679f31442d3be655cab210687d7b46551b65b88149bf0f7d921e853eaf5b,47276508d5637c87d6314e1bd9f1a2995ff96c04d504e321a4a6b19e28c41a0b,f03ac7674558a26b8ab2a0d8c52029a535d7abdd442c0c8707fa21fdf8c7d164
AMD Part1/AMD (26).E2E/2- 25- 2017 5- 23- 01 PM/Image 9,/kaggle/input/aether-oct5k-pilot/Images/Images_Manual/AMD Part1/AMD (26).E2E/2- 25- 2017 5- 23- 01 PM/Image 9.png,/kaggle/input/aether-oct5k-pilot/Masks/Masks_Manual/Grading_1/AMD Part1/AMD (26).E2E/2- 25- 2017 5- 23- 01 PM/Image 9.png,AMD Part1,train,2fd4ce428f1f1dd36c9c411f136cdee0d6c5eaf7904bb5938d8741f084990a48,ee7bfa93b485e811da5a8df0f05b0a5361554c649e966cb65a59652b7abe4f6f,bf03fd316d57f4cbbb596746d1b56328529f291ee0299a6b225ee4a806e86d91
AMD Part1/AMD (22).E2E/2- 25- 2017 5- 11- 45 PM/Image 58,/kaggle/input/aether-oct5k-pilot/Images/Images_Manual/AMD Part1/AMD (22).E2E/2- 25- 2017 5- 11- 45 PM/Image 58.png,/kaggle/input/aether-oct5k-pilot/Masks/Masks_Manual/Grading_1/AMD Part1/AMD (22).E2E/2- 25- 2017 5- 11- 45 PM/Image 58.png,AMD Part1,train,95f3f46e1d0272f67e97280ffffa610d554002aee847644220c13c79bd8b1715,928f47384825444a1d5887769807113a00022d326c51bf6296f6e6c6273d9b36,8af6c72b0246e20b84f0cdb6278a91a3dcf7102aa37ca87c681399a51b5ba517
AMD Part1/AMD (29).E2E/2- 25- 2017 8- 39- 05 PM/Image 18,/kaggle/input/aether-oct5k-pilot/Images/Images_Manual/AMD Part1/AMD (29).E2E/2- 25- 2017 8- 39- 05 PM/Image 18.png,/kaggle/input/aether-oct5k-pilot/Masks/Masks_Manual/Grading_1/AMD Part1/AMD (29).E2E/2- 25- 2017 8- 39- 05 PM/Image 18.png,AMD Part1,train,af1b84b4a4d82fda0fce0a9ae9058d5e1ef390a48ed2cee2e69880561e51efba,b314b78de47cc8d2410e37b2d20c2113ed395754a66951d7fe509fec8a3c306a,bf2d764d590c399cc2a83b96ca1722d1eb5c195b91cde56b690d6e509e3b9c0c
AMD Part1/AMD (28).E2E/2- 25- 2017 8- 37- 13 PM/Image 4,/kaggle/input/aether-oct5k-pilot/Images/Images_Manual/AMD Part1/AMD (28).E2E/2- 25- 2017 8- 37- 13 PM/Image 4.png,/kaggle/input/aether-oct5k-pilot/Masks/Masks_Manual/Grading_1/AMD Part1/AMD (28).E2E/2- 25- 2017 8- 37- 13 PM/Image 4.png,AMD Part1,train,513ec9b58a66e0e9bafab294d1ab59bd9257f059faff9cef7dfa79863d318109,2fe6cfca8239aa6fda00ada99cac891dc6fc89a5d7d6e8e67b9648118741ed9a,de8d354295759e7a59686cc87bb230949beee8842351de7ce61a8dbe82891daf
AMD Part1/AMD (10).E2E/2- 25- 2017 9- 27- 53 PM/Image 2,/kaggle/input/aether-oct5k-pilot/Images/Images_Manual/AMD Part1/AMD (10).E2E/2- 25- 2017 9- 27- 53 PM/Image 2.png,/kaggle/input/aether-oct5k-pilot/Masks/Masks_Manual/Grading_1/AMD Part1/AMD (10).E2E/2- 25- 2017 9- 27- 53 PM/Image 2.png,AMD Part1,train,2afd9bc33336300b70e75f62b6984a6a1bb9aa1a2cd45ad3cd6beb44d62b649b,42ad7662d565580c58bd735ea83c5e874762b59e47969f1b8a91cf6dd64668ae,6617b2e7fc34f088b8efb1614c5f0a2d62e0fb7975c1ecc3939f06574d80292c
Normal Part2/Normal (35).E2E/2- 26- 2017 10- 03- 02 AM/Image 1,/kaggle/input/aether-oct5k-pilot/Images/Images_Manual/Normal Part2/Normal (35).E2E/2- 26- 2017 10- 03- 02 AM/Image 1.png,/kaggle/input/aether-oct5k-pilot/Masks/Masks_Manual/Grading_1/Normal Part2/Normal (35).E2E/2- 26- 2017 10- 03- 02 AM/Image 1.png,Normal Part2,train,3318495de5bef3e06368ad82851148528adbb49cbb1103542f2cbcc50e21ec95,54d103a347aaf166366b16dba29c778a9df6e483c8c5c49e4e9d4e3eb7b7f3f3,848bd592636f47e2c8dc54316f79a77f0fb2f33902d85f7c1c14e636775981b2
DME/DME (31).E2E/2- 25- 2017 10- 17- 51 PM/Image 15,/kaggle/input/aether-oct5k-pilot/Images/Images_Manual/DME/DME (31).E2E/2- 25- 2017 10- 17- 51 PM/Image 15.png,/kaggle/input/aether-oct5k-pilot/Masks/Masks_Manual/Grading_1/DME/DME (31).E2E/2- 25- 2017 10- 17- 51 PM/Image 15.png,DME,train,ec032fce49bc36834e3280e84a5a009d64ff825a735965241c18b6f02b68167e,5b8dc58cdb073b56260b20a9cf5ad78bcab96e681a2416ba9efaf371a192b8fa,afb206b12d0385bc04972d7b2bf6fb56ffaa04da88791298d225bfd209b20aa2
Normal Part1/Normal (9).E2E/2- 26- 2017 9- 15- 48 AM/Image 29,/kaggle/input/aether-oct5k-pilot/Images/Images_Manual/Normal Part1/Normal (9).E2E/2- 26- 2017 9- 15- 48 AM/Image 29.png,/kaggle/input/aether-oct5k-pilot/Masks/Masks_Manual/Grading_1/Normal Part1/Normal (9).E2E/2- 26- 2017 9- 15- 48 AM/Image 29.png,Normal Part1,train,0d1f328f15d4f04d588742d38191cb2d71aa6b8715a852adae879770af43b334,4faff034aebe72c2b6d74de4d97bbc4c037a945785e20948b9b8afe327de5862,f71257d19b68f3eeca2d749b4049b70d8baa14a3601e71bac151244ffd09956a
AMD Part1/AMD (3).E2E/2- 25- 2017 9- 13- 55 PM/Image 60,/kaggle/input/aether-oct5k-pilot/Images/Images_Manual/AMD Part1/AMD (3).E2E/2- 25- 2017 9- 13- 55 PM/Image 60.png,/kaggle/input/aether-oct5k-pilot/Masks/Masks_Manual/Grading_1/AMD Part1/AMD (3).E2E/2- 25- 2017 9- 13- 55 PM/Image 60.png,AMD Part1,train,2910d49532fe9b14cafe722343a7d99b768e34596d96a907a6e9a356e9fa964d,c745a8e870fc7ac056766de4d7c812f555f7f8cf781d8c21a90b19fcdea78262,71490519efed603dfabf2d1da8a428a949e29ec73b47c0df8f71a2d6b051a381
Normal Part1/Normal (25).E2E/2- 26- 2017 9- 42- 47 AM/Image 59,/kaggle/input/aether-oct5k-pilot/Images/Images_Manual/Normal Part1/Normal (25).E2E/2- 26- 2017 9- 42- 47 AM/Image 59.png,/kaggle/input/aether-oct5k-pilot/Masks/Masks_Manual/Grading_1/Normal Part1/Normal (25).E2E/2- 26- 2017 9- 42- 47 AM/Image 59.png,Normal Part1,train,0ebe6a43bd093b16199f6cb4a4c078cc78cd1fcbe4c4a588f622c2cec0b77998,63f12bc4bb3058b821c3ccded4efd1dba2f78730748733465b852d8baa286b48,30e4483e1d6604e2f770ee2c517b8f5a01dac26ba1f85fd6a84bbf04c281a9db
DME/DME (37).E2E/2- 25- 2017 10- 26- 30 PM/Image 3,/kaggle/input/aether-oct5k-pilot/Images/Images_Manual/DME/DME (37).E2E/2- 25- 2017 10- 26- 30 PM/Image 3.png,/kaggle/input/aether-oct5k-pilot/Masks/Masks_Manual/Grading_1/DME/DME (37).E2E/2- 25- 2017 10- 26- 30 PM/Image 3.png,DME,train,22fdb4c9ed1087229ca14552d8218bd42960ebd9dfb0d1cb5f4bfd565e8a4728,f5b8ff4b325363496ce895b8600d0bebae46d39d8e0b4b0171033c90299bd04d,f23f1b9fc46b5827c3a1a56bcb5e6a171f6be7bd76f955b1b4d07ad834fec974
DME/DME (19).E2E/2- 25- 2017 9- 58- 33 PM/Image 10,/kaggle/input/aether-oct5k-pilot/Images/Images_Manual/DME/DME (19).E2E/2- 25- 2017 9- 58- 33 PM/Image 10.png,/kaggle/input/aether-oct5k-pilot/Masks/Masks_Manual/Grading_1/DME/DME (19).E2E/2- 25- 2017 9- 58- 33 PM/Image 10.png,DME,train,8994669acef657b1abaca80fca8b575a242990513cc89c4ec479692bccf4f93d,a48786ef3cdb87d6d9cc85a2f7f015aef68d37fc2e4fecb21c720b858b8c7bfc,b65cc7b76c1f52de225b82888acfd8d4d1dac7c3bf1b59df4f6c72a28645c00b
DME/DME (11).E2E/2- 25- 2017 9- 47- 31 PM/Image 3,/kaggle/input/aether-oct5k-pilot/Images/Images_Manual/DME/DME (11).E2E/2- 25- 2017 9- 47- 31 PM/Image 3.png,/kaggle/input/aether-oct5k-pilot/Masks/Masks_Manual/Grading_1/DME/DME (11).E2E/2- 25- 2017 9- 47- 31 PM/Image 3.png,DME,train,8ad4d59e87c62c9df7a1b7854df3d6d6a244dff3a596de87a21f64122d6c8d12,6d579ca89ba382e33eb93a4dfaf8d6213063e764b533be5014336a71af3b7d01,b0668dd43b269c11a5ca21356da58777d0822e68227607d3f214791c34e1741d
Normal Part2/Normal (37).E2E/2- 26- 2017 10- 05- 11 AM/Image 25,/kaggle/input/aether-oct5k-pilot/Images/Images_Manual/Normal Part2/Normal (37).E2E/2- 26- 2017 10- 05- 11 AM/Image 25.png,/kaggle/input/aether-oct5k-pilot/Masks/Masks_Manual/Grading_1/Normal Part2/Normal (37).E2E/2- 26- 2017 10- 05- 11 AM/Image 25.png,Normal Part2,train,8eb8f183e12527f90cbff60a480e0806584fbfae5cc8cd0bbc34ac9bc24058e7,a6a8ca842524240ef19bcb844ebfcb11aeced8ac0974b82517fd7eb386c4d707,241627528c51c36952a36bba574cd321961cac646468c59e8fe8aa59ef430c2d
Normal Part1/Normal (10).E2E/2- 26- 2017 9- 18- 14 AM/Image 6,/kaggle/input/aether-oct5k-pilot/Images/Images_Manual/Normal Part1/Normal (10).E2E/2- 26- 2017 9- 18- 14 AM/Image 6.png,/kaggle/input/aether-oct5k-pilot/Masks/Masks_Manual/Grading_1/Normal Part1/Normal (10).E2E/2- 26- 2017 9- 18- 14 AM/Image 6.png,Normal Part1,train,c7aeb0e9b937f6929038ad25970144c490b08900bbebc6117b89b74d35dbe21b,05ced781f3a02eff056b16b962a65c998850fff2313b04ca60f8acef56d1393c,5d93015b373568e1376cfb7cce25acfb1fbaf3ba12c0ab460c304e0d9dc323a0
AMD Part1/AMD (34).E2E/2- 25- 2017 8- 59- 29 PM/Image 8,/kaggle/input/aether-oct5k-pilot/Images/Images_Manual/AMD Part1/AMD (34).E2E/2- 25- 2017 8- 59- 29 PM/Image 8.png,/kaggle/input/aether-oct5k-pilot/Masks/Masks_Manual/Grading_1/AMD Part1/AMD (34).E2E/2- 25- 2017 8- 59- 29 PM/Image 8.png,AMD Part1,train,da3f8449b854f4f5f7af395a2f39c71edb6baf9af3474f31b5ef3f516759e9d5,c3daa199d2ee9602ec18f1dc3d7fe6bfcd9e037e88f78ba3ec98917f53dcbb81,429e15f95dd1da65225af38804dd1c1af6e99acfde27e0cdc0ac390d4ced4cbf
AMD Part1/AMD (26).E2E/2- 25- 2017 5- 23- 01 PM/Image 55,/kaggle/input/aether-oct5k-pilot/Images/Images_Manual/AMD Part1/AMD (26).E2E/2- 25- 2017 5- 23- 01 PM/Image 55.png,/kaggle/input/aether-oct5k-pilot/Masks/Masks_Manual/Grading_1/AMD Part1/AMD (26).E2E/2- 25- 2017 5- 23- 01 PM/Image 55.png,AMD Part1,train,ce14451ca4b83ea38d01208342a680cc39b155b89a021548ffd92d509bc96d09,0cd8547849071b6cb62f1fedf73a9c14c7f3872c9c188f1e3aa5aab010f25bb8,70b62e25c79c7be9ea9e3f03b6c1bab439022a71dc74c7880ac9b6b76a2c9dc4
Normal Part2/Normal (47).E2E/2- 26- 2017 10- 21- 43 AM/Image 19,/kaggle/input/aether-oct5k-pilot/Images/Images_Manual/Normal Part2/Normal (47).E2E/2- 26- 2017 10- 21- 43 AM/Image 19.png,/kaggle/input/aether-oct5k-pilot/Masks/Masks_Manual/Grading_1/Normal Part2/Normal (47).E2E/2- 26- 2017 10- 21- 43 AM/Image 19.png,Normal Part2,train,cbf1612ffd45e338d8252bd9bcb4532da2ea6025083be72d406ffd41cbb8e9af,d1753ffd3e46603cc8a32e262c73360787c19f85707ac966282a1ec92207345c,9bfb8e068c5f70c93bf3df8bd3c7b2c534a00b6a311a7272a4a892febef05856
Normal Part1/Normal (26).E2E/2- 26- 2017 9- 44- 13 AM/Image 27,/kaggle/input/aether-oct5k-pilot/Images/Images_Manual/Normal Part1/Normal (26).E2E/2- 26- 2017 9- 44- 13 AM/Image 27.png,/kaggle/input/aether-oct5k-pilot/Masks/Masks_Manual/Grading_1/Normal Part1/Normal (26).E2E/2- 26- 2017 9- 44- 13 AM/Image 27.png,Normal Part1,train,81892c19527afa03774ca04bc3869d34a0ac1b148ea05e79acfbcf3d5f0eaeb4,825f6b7d3f7c098e4409f9bd628e4870097bf397ba33d5c962d6b6bc2b379046,5f0c0a2125a71855b97e03668574ac8ddb90e4239f01e97f172b4ad0d14794c9
Normal Part2/Normal (49).E2E/2- 26- 2017 10- 23- 58 AM/Image 3,/kaggle/input/aether-oct5k-pilot/Images/Images_Manual/Normal Part2/Normal (49).E2E/2- 26- 2017 10- 23- 58 AM/Image 3.png,/kaggle/input/aether-oct5k-pilot/Masks/Masks_Manual/Grading_1/Normal Part2/Normal (49).E2E/2- 26- 2017 10- 23- 58 AM/Image 3.png,Normal Part2,train,f7d841cdce1ec1bd340b613342a0c29967866ed01e5eef5a866da42f24d4f208,ce5fbea42c220490299a8fb8a4f236ada5ccf22e380c75357e3ae05a2bd0a917,ac87b2795ca1c5dea7b937beb271417a60ef833be21e4d98e550095e6af823d5
DME/DME (26).E2E/2- 25- 2017 10- 10- 17 PM/Image 18,/kaggle/input/aether-oct5k-pilot/Images/Images_Manual/DME/DME (26).E2E/2- 25- 2017 10- 10- 17 PM/Image 18.png,/kaggle/input/aether-oct5k-pilot/Masks/Masks_Manual/Grading_1/DME/DME (26).E2E/2- 25- 2017 10- 10- 17 PM/Image 18.png,DME,train,98fe6591f97e74585416e159944dab3c26fe337b72a946bf814edd224b21198a,04f72fbfa0d1386d19209ca9e41adcdc9d4785b7a1f4fcff0499df827240ed29,1e2cd54a04998df64dd4b8e4db669ac2a028411f5da8990d31d7f838358de781
AMD Part1/AMD (22).E2E/2- 25- 2017 5- 11- 45 PM/Image 44,/kaggle/input/aether-oct5k-pilot/Images/Images_Manual/AMD Part1/AMD (22).E2E/2- 25- 2017 5- 11- 45 PM/Image 44.png,/kaggle/input/aether-oct5k-pilot/Masks/Masks_Manual/Grading_1/AMD Part1/AMD (22).E2E/2- 25- 2017 5- 11- 45 PM/Image 44.png,AMD Part1,train,5fa83024957197bbb1cbded9300a87b7861eb1b96423f82643c5326b5cd06f8a,7f8476ca66c29e5fc49ac9c973d09db78428adf7359ac0c9c9ed9762c3e8a80e,969d8ead7e0a304933a0726ba5c795fa763230f693d36aaabfd02bc5fa60e0f3
AMD Part1/AMD (27).E2E/2- 25- 2017 8- 35- 28 PM/Image 19,/kaggle/input/aether-oct5k-pilot/Images/Images_Manual/AMD Part1/AMD (27).E2E/2- 25- 2017 8- 35- 28 PM/Image 19.png,/kaggle/input/aether-oct5k-pilot/Masks/Masks_Manual/Grading_1/AMD Part1/AMD (27).E2E/2- 25- 2017 8- 35- 28 PM/Image 19.png,AMD Part1,train,2008c185b9ffbd8fee8921807cd68f58372308b0760b26cf51bba530db1f7eb4,3d89f9decaad23199110bea29ab9f8983bd7005c4fae91e7e8fb7d09e2c0c0ac,8b57890ade926bfafeb061f70c3cb6e05ddf0c07250eea1124778babd4a326ec
Normal Part2/Normal (40).E2E/2- 26- 2017 10- 10- 37 AM/Image 9,/kaggle/input/aether-oct5k-pilot/Images/Images_Manual/Normal Part2/Normal (40).E2E/2- 26- 2017 10- 10- 37 AM/Image 9.png,/kaggle/input/aether-oct5k-pilot/Masks/Masks_Manual/Grading_1/Normal Part2/Normal (40).E2E/2- 26- 2017 10- 10- 37 AM/Image 9.png,Normal Part2,train,7433a021bcea1286d09864d431168bb53647811e351719640f6f7c5ade806715,3c8e7f120db31acb32b4a200c2e643548cd5d2c8a603e46a06b4b3f34dfb65cd,42c09b69d10813b8b50a75dd593eca465caf6fc33e9a24f74e2d006a1eea197d
Normal Part2/Normal (47).E2E/2- 26- 2017 10- 21- 43 AM/Image 59,/kaggle/input/aether-oct5k-pilot/Images/Images_Manual/Normal Part2/Normal (47).E2E/2- 26- 2017 10- 21- 43 AM/Image 59.png,/kaggle/input/aether-oct5k-pilot/Masks/Masks_Manual/Grading_1/Normal Part2/Normal (47).E2E/2- 26- 2017 10- 21- 43 AM/Image 59.png,Normal Part2,train,7cd5f545cb25e484670eb8bbc274d2afa4fe24ce4098bce40b6f9ecf67bdbbdc,d1ea7d990fc7cfa09dc3b583b5df9af960683d29ee60f57318606fac3b7cc537,2fe88bc0d7326ba30b6b21a28e586f089e4f9725d30ddf335261dee30c445bab
Normal Part2/Normal (38).E2E/2- 26- 2017 10- 06- 02 AM/Image 16,/kaggle/input/aether-oct5k-pilot/Images/Images_Manual/Normal Part2/Normal (38).E2E/2- 26- 2017 10- 06- 02 AM/Image 16.png,/kaggle/input/aether-oct5k-pilot/Masks/Masks_Manual/Grading_1/Normal Part2/Normal (38).E2E/2- 26- 2017 10- 06- 02 AM/Image 16.png,Normal Part2,train,5e4ffcbabf33b52a5ed7be899d9213c44b7f1dfcde06eebdc4f23071d6528d21,3c9562436df0fbd2502c5274cda47c4ac3f583305fec7c362c123e1039ad9fd9,b6f79b4e5c15a8638d62b96e2762260d6eb2ca9a2fc6ba7b18a5d057df06f62f
Normal Part2/Normal (40).E2E/2- 26- 2017 10- 10- 37 AM/Image 5,/kaggle/input/aether-oct5k-pilot/Images/Images_Manual/Normal Part2/Normal (40).E2E/2- 26- 2017 10- 10- 37 AM/Image 5.png,/kaggle/input/aether-oct5k-pilot/Masks/Masks_Manual/Grading_1/Normal Part2/Normal (40).E2E/2- 26- 2017 10- 10- 37 AM/Image 5.png,Normal Part2,train,9f8fc87ff1845509ab873c53a94f4b3b1018b1e424599e93b95a5aaac19f9524,d7172f7ca523276270e12adf6787d482c0abad07ab1902ea9553e16b65f7685c,8f42e5622b7f6887917b6129808d66c4946534b740aee090cac90813ad29cd3b
Normal Part2/Normal (49).E2E/2- 26- 2017 10- 23- 58 AM/Image 11,/kaggle/input/aether-oct5k-pilot/Images/Images_Manual/Normal Part2/Normal (49).E2E/2- 26- 2017 10- 23- 58 AM/Image 11.png,/kaggle/input/aether-oct5k-pilot/Masks/Masks_Manual/Grading_1/Normal Part2/Normal (49).E2E/2- 26- 2017 10- 23- 58 AM/Image 11.png,Normal Part2,train,fac0f59ed80dfb61492883f53901741463608b2912aee35f04c957c9cd090e50,ce045d41c3c8972540efd88ad889b9f10bc04726acc11f58790af7522bfb4abe,84a437b73db1f0ac2d5fc0e1df8af596bf88aa3bc18f648a4793469d1ea29c5c
Normal Part2/Normal (35).E2E/2- 26- 2017 10- 03- 02 AM/Image 4,/kaggle/input/aether-oct5k-pilot/Images/Images_Manual/Normal Part2/Normal (35).E2E/2- 26- 2017 10- 03- 02 AM/Image 4.png,/kaggle/input/aether-oct5k-pilot/Masks/Masks_Manual/Grading_1/Normal Part2/Normal (35).E2E/2- 26- 2017 10- 03- 02 AM/Image 4.png,Normal Part2,train,119eb3ca1a138a3deec2b09d278ced9519db7ffdf2cae025329f66500e2b2021,1cb9e4382a74cedb3669138bf080c62170a448c8b8e9d1dc1c81f24530040a19,07d6f821ac3fe0977415c98048b4d24e54df5d588dd935890a59a62d0d73a696
Normal Part2/Normal (36).E2E/2- 26- 2017 10- 04- 18 AM/Image 6,/kaggle/input/aether-oct5k-pilot/Images/Images_Manual/Normal Part2/Normal (36).E2E/2- 26- 2017 10- 04- 18 AM/Image 6.png,/kaggle/input/aether-oct5k-pilot/Masks/Masks_Manual/Grading_1/Normal Part2/Normal (36).E2E/2- 26- 2017 10- 04- 18 AM/Image 6.png,Normal Part2,train,3b54fee4cb1c5d0541ce50e08770abb5afda98e2f22cb867277464164868f4bd,cb726a6b29d3f14e6540b224fe1c4b64f4a4b5e708235e4dcb67cbb3396c04d5,8899fcc2e452db03effd3a15da5b78b78bc4beaf3721c8fa98002c4ddceb8565
AMD Part1/AMD (29).E2E/2- 25- 2017 8- 39- 05 PM/Image 5,/kaggle/input/aether-oct5k-pilot/Images/Images_Manual/AMD Part1/AMD (29).E2E/2- 25- 2017 8- 39- 05 PM/Image 5.png,/kaggle/input/aether-oct5k-pilot/Masks/Masks_Manual/Grading_1/AMD Part1/AMD (29).E2E/2- 25- 2017 8- 39- 05 PM/Image 5.png,AMD Part1,train,8f2d8a7de3edb48c27babfb2ea6ca386d90e1e64892bfc9671d77090730669cd,884390a86e84e31c1e3c500b0ccb0254e1409e58ac23968e7b90641bc3f54227,2347093c415296e1f5b54a27600efa2d7e805ee60cfb8707d7c7a84a6b86af22
DME/DME (7).E2E/2- 25- 2017 9- 42- 34 PM/Image 16,/kaggle/input/aether-oct5k-pilot/Images/Images_Manual/DME/DME (7).E2E/2- 25- 2017 9- 42- 34 PM/Image 16.png,/kaggle/input/aether-oct5k-pilot/Masks/Masks_Manual/Grading_1/DME/DME (7).E2E/2- 25- 2017 9- 42- 34 PM/Image 16.png,DME,train,6a81d1f47fca5239ab8044c45b9ceca782b8e4031f27189c7abe02756b341397,ad85f25f1dd24e4d42bd82b0c77d954081a081e53795ac0e678df8fd887b78b2,d402f7590154bc88dd742e4ab05d8f08b9f6e5b4f30e31f53fc032c908d17f8a
AMD Part1/AMD (8).E2E/2- 25- 2017 9- 21- 50 PM/Image 15,/kaggle/input/aether-oct5k-pilot/Images/Images_Manual/AMD Part1/AMD (8).E2E/2- 25- 2017 9- 21- 50 PM/Image 15.png,/kaggle/input/aether-oct5k-pilot/Masks/Masks_Manual/Grading_1/AMD Part1/AMD (8).E2E/2- 25- 2017 9- 21- 50 PM/Image 15.png,AMD Part1,train,ebc35783a1aece9879a5d0c481a80b6563c66a4085d561c6a8793abdf066f7c1,d456d74adf1982b7057c6dd0413f865baadc79b0660f539681a477549a2a14e9,4c2310380c39e91df1381d0484a0896972a6197b22581d52a8488e09ed781e03
Normal Part1/Normal (9).E2E/2- 26- 2017 9- 15- 48 AM/Image 20,/kaggle/input/aether-oct5k-pilot/Images/Images_Manual/Normal Part1/Normal (9).E2E/2- 26- 2017 9- 15- 48 AM/Image 20.png,/kaggle/input/aether-oct5k-pilot/Masks/Masks_Manual/Grading_1/Normal Part1/Normal (9).E2E/2- 26- 2017 9- 15- 48 AM/Image 20.png,Normal Part1,train,8a11cfe3167f2d4fd8ec54476afa6a15f53460614fe188b934b60e7d52af34a9,a76ec16a942b200e4f78b4acf0133fdf8ee278c7d8494aead1bf691071705af1,c5bee2d0a8701d3219e1f4588980dff56ad1a39c93206a8da3a44499335c0f54
DME/DME (17).E2E/2- 25- 2017 9- 55- 34 PM/Image 2,/kaggle/input/aether-oct5k-pilot/Images/Images_Manual/DME/DME (17).E2E/2- 25- 2017 9- 55- 34 PM/Image 2.png,/kaggle/input/aether-oct5k-pilot/Masks/Masks_Manual/Grading_1/DME/DME (17).E2E/2- 25- 2017 9- 55- 34 PM/Image 2.png,DME,train,46ad733fb2d3da8de3e9e4b14e6387d932e17ff93b36a89ce1cff770394ef56e,f382f6529b17de267b92703f710bad627ef5824d6720b0824d58a32410b08756,ed4c62124dc6f1814525ca6d8e8eefafad55450438daf58f1f5beff46c68f6ec
DME/DME (31).E2E/2- 25- 2017 10- 17- 51 PM/Image 13,/kaggle/input/aether-oct5k-pilot/Images/Images_Manual/DME/DME (31).E2E/2- 25- 2017 10- 17- 51 PM/Image 13.png,/kaggle/input/aether-oct5k-pilot/Masks/Masks_Manual/Grading_1/DME/DME (31).E2E/2- 25- 2017 10- 17- 51 PM/Image 13.png,DME,train,9a8204cf2a29906ff92575a193906920277ff65542f653802b2c41b796251814,1126b58d73cfd4e9905c82cbc68933561b9484b5c52c3f8817e930922ceb1bd7,2acc8b72686340c8b909d83d3bfc0f970ffaea000989597f8a4b2f87d465279e
AMD Part1/AMD (21).E2E/2- 25- 2017 5- 10- 29 PM/Image 4,/kaggle/input/aether-oct5k-pilot/Images/Images_Manual/AMD Part1/AMD (21).E2E/2- 25- 2017 5- 10- 29 PM/Image 4.png,/kaggle/input/aether-oct5k-pilot/Masks/Masks_Manual/Grading_1/AMD Part1/AMD (21).E2E/2- 25- 2017 5- 10- 29 PM/Image 4.png,AMD Part1,train,36766289e7c63f9fbc049f5eb982139c4daee38ebbf725a3ae174dea657cd8ca,83b788ebf08870fbfa103d794e109bf321f1db807ba936b5d8cbfd3b0088116d,98b49764593167e9ac84ddb72bf9b207c5ec7f50ca4ce76126d1db793fa63176
Normal Part2/Normal (47).E2E/2- 26- 2017 10- 21- 43 AM/Image 37,/kaggle/input/aether-oct5k-pilot/Images/Images_Manual/Normal Part2/Normal (47).E2E/2- 26- 2017 10- 21- 43 AM/Image 37.png,/kaggle/input/aether-oct5k-pilot/Masks/Masks_Manual/Grading_1/Normal Part2/Normal (47).E2E/2- 26- 2017 10- 21- 43 AM/Image 37.png,Normal Part2,train,b3b4adb998e556ef04fbaba9bde3347aaa9c8839bfb29d4242d3266568ae021c,093301be84bd9a677f2b2cd75c86f65f9b15bb08cce8a116110408a8acfdfff5,d6d86d0c2f49ba6e9d71c04df9b339c0d8a82cb6e1a268db27912721e8b00504
AMD Part1/AMD (22).E2E/2- 25- 2017 5- 11- 45 PM/Image 21,/kaggle/input/aether-oct5k-pilot/Images/Images_Manual/AMD Part1/AMD (22).E2E/2- 25- 2017 5- 11- 45 PM/Image 21.png,/kaggle/input/aether-oct5k-pilot/Masks/Masks_Manual/Grading_1/AMD Part1/AMD (22).E2E/2- 25- 2017 5- 11- 45 PM/Image 21.png,AMD Part1,train,6a83f974616e2ad83808c4d092c82cff8e41b2cba87c71efd221418a042c4ae5,68b170acb5d6910f812ddbf0d0428c996783f2f842c89046a0ba0abafb6228b3,a6bf27f787e1f670cdd2a905f5ee83856e6737326ea9412bbb099fda324f1713
Normal Part1/Normal (13).E2E/2- 26- 2017 9- 25- 04 AM/Image 8,/kaggle/input/aether-oct5k-pilot/Images/Images_Manual/Normal Part1/Normal (13).E2E/2- 26- 2017 9- 25- 04 AM/Image 8.png,/kaggle/input/aether-oct5k-pilot/Masks/Masks_Manual/Grading_1/Normal Part1/Normal (13).E2E/2- 26- 2017 9- 25- 04 AM/Image 8.png,Normal Part1,train,5307faa2c0ccaa5a48c3a7be77367723e440cd928d7737a4413e8cf82d7ae757,510c57767fc9c6208cec825879991addfedc35372c1ed87f893178d972139dd1,dbad7219b421bab8d4dcd5f252a162482e34a0fd06f88114e8243dc301cfc081
AMD Part1/AMD (22).E2E/2- 25- 2017 5- 11- 45 PM/Image 9,/kaggle/input/aether-oct5k-pilot/Images/Images_Manual/AMD Part1/AMD (22).E2E/2- 25- 2017 5- 11- 45 PM/Image 9.png,/kaggle/input/aether-oct5k-pilot/Masks/Masks_Manual/Grading_1/AMD Part1/AMD (22).E2E/2- 25- 2017 5- 11- 45 PM/Image 9.png,AMD Part1,train,6612071b1718055b87b9d5e2c36b0803c5d7ed5277b3510e35b4141391a87e56,defb0e8a9bfa28f150c8fd5737673234e0abe1bcc04f9ccbecd31cfa07f31481,0c74d411cda72d3b2696a236f3f4248233619bfb9e00962082159ab24a8a69c6
AMD Part1/AMD (24).E2E/2- 25- 2017 5- 17- 27 PM/Image 4,/kaggle/input/aether-oct5k-pilot/Images/Images_Manual/AMD Part1/AMD (24).E2E/2- 25- 2017 5- 17- 27 PM/Image 4.png,/kaggle/input/aether-oct5k-pilot/Masks/Masks_Manual/Grading_1/AMD Part1/AMD (24).E2E/2- 25- 2017 5- 17- 27 PM/Image 4.png,AMD Part1,train,e8946bedc8cb39e8b274cb9b700051f488dce1348250f15fc6cdf89b76ea59df,210d4c0f7302ee8f7270a380165f611eecd49b02dbdc5c405b150c20b9aa10e2,41b53aa1e4f0a1c81abc51e2e5c849811b292d01c54f3768fadbded11c1e6151
AMD Part1/AMD (13).E2E/2- 25- 2017 4- 48- 43 PM/Image 1,/kaggle/input/aether-oct5k-pilot/Images/Images_Manual/AMD Part1/AMD (13).E2E/2- 25- 2017 4- 48- 43 PM/Image 1.png,/kaggle/input/aether-oct5k-pilot/Masks/Masks_Manual/Grading_1/AMD Part1/AMD (13).E2E/2- 25- 2017 4- 48- 43 PM/Image 1.png,AMD Part1,train,064e250b7ecb0f3af9f0be11abac70d5605133a1d7addffeab4f593304e78500,246926d1ea503a44fede6f89f0d74b272ad39512be1184aa6af6d0d5cb56bd70,cc0c2258ae5a72ae8717d2d79386b63cb8ccb5426f1e26d548ce4c3e8e8cfc65
AMD Part1/AMD (31).E2E/2- 25- 2017 8- 43- 15 PM/Image 12,/kaggle/input/aether-oct5k-pilot/Images/Images_Manual/AMD Part1/AMD (31).E2E/2- 25- 2017 8- 43- 15 PM/Image 12.png,/kaggle/input/aether-oct5k-pilot/Masks/Masks_Manual/Grading_1/AMD Part1/AMD (31).E2E/2- 25- 2017 8- 43- 15 PM/Image 12.png,AMD Part1,train,67f2645689db8c316713ef34e0b905b6913751b154f8e4e65db89e90d1a7ad60,0a3be7e825ad230ef7e43465611d14e47cf2a3d87b7f8db92bfc20e8ddd78463,1037de912de5455eacf5bc267c6e1a40ba4df9d901ab2b60d38cb19383e232b9
AMD Part1/AMD (1).E2E/2- 25- 2017 9- 10- 42 PM/Image 2,/kaggle/input/aether-oct5k-pilot/Images/Images_Manual/AMD Part1/AMD (1).E2E/2- 25- 2017 9- 10- 42 PM/Image 2.png,/kaggle/input/aether-oct5k-pilot/Masks/Masks_Manual/Grading_1/AMD Part1/AMD (1).E2E/2- 25- 2017 9- 10- 42 PM/Image 2.png,AMD Part1,train,67c2e87c0933cc6b0ac91f92a1b2c64aaa152d3b11fc61e966cf564d095bcdcc,55f3e3e3d9dd32a6ec8c602ec1adf47d37d29987b92422df8e1ea65abec08248,fcfc0cbf96909cd8e11d906295634634854e8ade7fd27cec036265aecd0e8866
AMD Part1/AMD (26).E2E/2- 25- 2017 5- 23- 01 PM/Image 28,/kaggle/input/aether-oct5k-pilot/Images/Images_Manual/AMD Part1/AMD (26).E2E/2- 25- 2017 5- 23- 01 PM/Image 28.png,/kaggle/input/aether-oct5k-pilot/Masks/Masks_Manual/Grading_1/AMD Part1/AMD (26).E2E/2- 25- 2017 5- 23- 01 PM/Image 28.png,AMD Part1,train,33ac8bbdcfc0ee54eb0c567ef49a9185a544e73b836ba5195652a3fd69036fc9,7f02c6aacaa8d3622f4c4be72432d9f372eefb41464ab2e23ee67b9af1ba25ea,3f97a95d315a60d74c4443730cd498924ceb6cdb39d3fd5515e06c882ca7ddb3
Normal Part2/Normal (38).E2E/2- 26- 2017 10- 06- 02 AM/Image 20,/kaggle/input/aether-oct5k-pilot/Images/Images_Manual/Normal Part2/Normal (38).E2E/2- 26- 2017 10- 06- 02 AM/Image 20.png,/kaggle/input/aether-oct5k-pilot/Masks/Masks_Manual/Grading_1/Normal Part2/Normal (38).E2E/2- 26- 2017 10- 06- 02 AM/Image 20.png,Normal Part2,train,35ed8eae340a8d4b05d5d75832ef8e85cec29e0043a3234cc5b32ef3318d9639,df1db5c8fad51416ea452a4140d1f6e99f768825a2264ee339ca9f408e929250,4d8be9cdbedb7d9245efc1c0253a6e23f34b0dbbf318027af9ac0f65b9888c86
DME/DME (7).E2E/2- 25- 2017 9- 42- 34 PM/Image 11,/kaggle/input/aether-oct5k-pilot/Images/Images_Manual/DME/DME (7).E2E/2- 25- 2017 9- 42- 34 PM/Image 11.png,/kaggle/input/aether-oct5k-pilot/Masks/Masks_Manual/Grading_1/DME/DME (7).E2E/2- 25- 2017 9- 42- 34 PM/Image 11.png,DME,train,7e451bbb87fb03ecc5f8dcade204446eb378971e580965fbbe1dfeb96bfef413,b246378196bb2ab39e824ff233bc35ec2aa46c0785095d6320922386b643b6e9,22fbf7f32bad4cbf650418e4e3a78ac1ca4956dbc0d071e3266d7f98cca3e1b3
Normal Part2/Normal (47).E2E/2- 26- 2017 10- 21- 43 AM/Image 50,/kaggle/input/aether-oct5k-pilot/Images/Images_Manual/Normal Part2/Normal (47).E2E/2- 26- 2017 10- 21- 43 AM/Image 50.png,/kaggle/input/aether-oct5k-pilot/Masks/Masks_Manual/Grading_1/Normal Part2/Normal (47).E2E/2- 26- 2017 10- 21- 43 AM/Image 50.png,Normal Part2,train,6d523df91962ce6025e436dd825815d6d3a00a330146d79d1ea5872e1031ec68,bd614e1424767c02129437e22808724e21a8004d2c5a236be0548acb9ba5de7a,9cabb05efdcfc2f5e2bb7f3bdd11fdd6bc3633c03c878d0e1ba3b32314a94ae3
AMD Part1/AMD (26).E2E/2- 25- 2017 5- 23- 01 PM/Image 49,/kaggle/input/aether-oct5k-pilot/Images/Images_Manual/AMD Part1/AMD (26).E2E/2- 25- 2017 5- 23- 01 PM/Image 49.png,/kaggle/input/aether-oct5k-pilot/Masks/Masks_Manual/Grading_1/AMD Part1/AMD (26).E2E/2- 25- 2017 5- 23- 01 PM/Image 49.png,AMD Part1,train,3f5e7c4ee27cf5f5656ff696337bdc0e24c8bddbe82604bf2fabb1a25e21db7f,221431dccf46b1cd09a6ad53ec4bf35b0b3b283c0e6af3059ab374191027e288,0f196ef5254967f2d37f5515cc6173841a7b9ff7b352ea334fe18d85b49a698f
DME/DME (7).E2E/2- 25- 2017 9- 42- 34 PM/Image 17,/kaggle/input/aether-oct5k-pilot/Images/Images_Manual/DME/DME (7).E2E/2- 25- 2017 9- 42- 34 PM/Image 17.png,/kaggle/input/aether-oct5k-pilot/Masks/Masks_Manual/Grading_1/DME/DME (7).E2E/2- 25- 2017 9- 42- 34 PM/Image 17.png,DME,train,dd694fbabba77326d0daa9b224b60018f0a85db4c7e253374f1a516e3ebe146f,a611f2dba524b2f799a7aa70b4a8cd2b73637026a35f303e458a0957f03915c3,15c844e5e3aa3cb978027f3da55f383841be4e050ba9de205a809d6dc43e1646
Normal Part1/Normal (26).E2E/2- 26- 2017 9- 44- 13 AM/Image 18,/kaggle/input/aether-oct5k-pilot/Images/Images_Manual/Normal Part1/Normal (26).E2E/2- 26- 2017 9- 44- 13 AM/Image 18.png,/kaggle/input/aether-oct5k-pilot/Masks/Masks_Manual/Grading_1/Normal Part1/Normal (26).E2E/2- 26- 2017 9- 44- 13 AM/Image 18.png,Normal Part1,train,9f032f9ab3eb392441e07bc6c0211634f771296bc8ee7a048496d527a0843413,54846d175e5f11edf55d47b02f9fa8c39704b975ea42c9ce4bd7bbed30690259,41e156fe96ec06cf1f30f311fe52fe30a99840ec439323fea51f08d0e839197a
AMD Part1/AMD (29).E2E/2- 25- 2017 8- 39- 05 PM/Image 1,/kaggle/input/aether-oct5k-pilot/Images/Images_Manual/AMD Part1/AMD (29).E2E/2- 25- 2017 8- 39- 05 PM/Image 1.png,/kaggle/input/aether-oct5k-pilot/Masks/Masks_Manual/Grading_1/AMD Part1/AMD (29).E2E/2- 25- 2017 8- 39- 05 PM/Image 1.png,AMD Part1,train,c4c374779fb87f50114044e9c09013c1ece12fc26863d6ee54c1b8a42857e269,8ae4489b9f438ff4edfdb5c52d449f3549832f1a22d4d09895da8c51c4d3649a,dbc3b5c872eac2a02271196af21a3d374e2a567277a7eb2bab61b56d1aac7668
AMD Part2/AMD (48).E2E/2- 25- 2017 4- 42- 21 PM/Image 10,/kaggle/input/aether-oct5k-pilot/Images/Images_Manual/AMD Part2/AMD (48).E2E/2- 25- 2017 4- 42- 21 PM/Image 10.png,/kaggle/input/aether-oct5k-pilot/Masks/Masks_Manual/Grading_1/AMD Part2/AMD (48).E2E/2- 25- 2017 4- 42- 21 PM/Image 10.png,AMD Part2,train,91c0e4b77630f0af25fb0aa01b04c68adbab4f5afa5b8dff00dbd6d0a8f2e9ba,67b279e63a5a187d64232b0ff04f026ec977b3608e726a41c31ca52a1beac206,d7fcf83887a26c65a46b1b573157fae1f4d319bb81f62d89f0aef95d4a46f4a2
AMD Part1/AMD (21).E2E/2- 25- 2017 5- 10- 29 PM/Image 50,/kaggle/input/aether-oct5k-pilot/Images/Images_Manual/AMD Part1/AMD (21).E2E/2- 25- 2017 5- 10- 29 PM/Image 50.png,/kaggle/input/aether-oct5k-pilot/Masks/Masks_Manual/Grading_1/AMD Part1/AMD (21).E2E/2- 25- 2017 5- 10- 29 PM/Image 50.png,AMD Part1,train,3f2febab7b00b6bf3b98c0e239787a056ae682afa099e763e09f451626549981,62ddb11ef9c12d1773bd79b5ce31aa2d39bacc8f1cf9b8e32770668dcf4ab89f,7a8aaef48984e0841089f69d12718345ce2c305473dec4535b235c1592a19fd6
AMD Part1/AMD (34).E2E/2- 25- 2017 8- 59- 29 PM/Image 21,/kaggle/input/aether-oct5k-pilot/Images/Images_Manual/AMD Part1/AMD (34).E2E/2- 25- 2017 8- 59- 29 PM/Image 21.png,/kaggle/input/aether-oct5k-pilot/Masks/Masks_Manual/Grading_1/AMD Part1/AMD (34).E2E/2- 25- 2017 8- 59- 29 PM/Image 21.png,AMD Part1,train,8ceef76811ac16684ad6aee66f998ed58a4dc71a7229e3d9ab43d44af30e11d0,33f20775128b7a7bc40f220a1577b439782a0dd3f09914e5112693b66a5d1f3d,5f53219f3ba367b5edc459ac77109981a8a586bcac000f84df3e1bb2ef6e6fce
DME/DME (9).E2E/2- 25- 2017 9- 45- 28 PM/Image 13,/kaggle/input/aether-oct5k-pilot/Images/Images_Manual/DME/DME (9).E2E/2- 25- 2017 9- 45- 28 PM/Image 13.png,/kaggle/input/aether-oct5k-pilot/Masks/Masks_Manual/Grading_1/DME/DME (9).E2E/2- 25- 2017 9- 45- 28 PM/Image 13.png,DME,train,a182bc62dd3f223665f7eefb25ddebf17868f76804fe5ede75faa3d9d07bceac,c4f72e2b776cff26666ad9ad0e9da6e5ec18611e7a458d306b9d913f4f6569f3,5441cbac6ec18e3426e9c24aa2219984cb18ab404d101acc351c6145c419ffe8
AMD Part1/AMD (9).E2E/2- 25- 2017 9- 25- 22 PM/Image 12,/kaggle/input/aether-oct5k-pilot/Images/Images_Manual/AMD Part1/AMD (9).E2E/2- 25- 2017 9- 25- 22 PM/Image 12.png,/kaggle/input/aether-oct5k-pilot/Masks/Masks_Manual/Grading_1/AMD Part1/AMD (9).E2E/2- 25- 2017 9- 25- 22 PM/Image 12.png,AMD Part1,train,b5e87689b7eabc03ed4463607a20f23fa9537a532bb1f69118d517de6b40a99c,dfe8340b735448e6bbea094b55f5792159369d2f0fa372195a2f81074ee0e9c2,b064347c9386efaee74df729169a78e41e1ef11309e0cbfffc69aa94b6841422
AMD Part1/AMD (23).E2E/2- 25- 2017 5- 14- 57 PM/Image 26,/kaggle/input/aether-oct5k-pilot/Images/Images_Manual/AMD Part1/AMD (23).E2E/2- 25- 2017 5- 14- 57 PM/Image 26.png,/kaggle/input/aether-oct5k-pilot/Masks/Masks_Manual/Grading_1/AMD Part1/AMD (23).E2E/2- 25- 2017 5- 14- 57 PM/Image 26.png,AMD Part1,train,c4341bec282ef3fcb14c52a0092f6aeb4c52d8c1f1bece45cfad7e3060d01864,93038e6ec0e1aa3d8b774224db043f9c3b2f4d3270e07da576b45bc3e59eac23,2f80d13a01f9f4f20504f9264e5e63bfa0eace4883f45a44e3cbf26d5c7ec338
Normal Part2/Normal (34).E2E/2- 26- 2017 10- 01- 13 AM/Image 19,/kaggle/input/aether-oct5k-pilot/Images/Images_Manual/Normal Part2/Normal (34).E2E/2- 26- 2017 10- 01- 13 AM/Image 19.png,/kaggle/input/aether-oct5k-pilot/Masks/Masks_Manual/Grading_1/Normal Part2/Normal (34).E2E/2- 26- 2017 10- 01- 13 AM/Image 19.png,Normal Part2,train,dd3f472a3df8f691880e6c3fd276b404fcbc3d79f79f83b7c655f248cacbdabf,4ee7905e8e80c100a87af901daff12b2d484081ce8e0793338eeb44140e80401,426656da8f6228ff7237a0eab57444cbddf775f3232df23ce260c4c2f5f951c6
DME/DME (30).E2E/2- 25- 2017 10- 16- 46 PM/Image 16,/kaggle/input/aether-oct5k-pilot/Images/Images_Manual/DME/DME (30).E2E/2- 25- 2017 10- 16- 46 PM/Image 16.png,/kaggle/input/aether-oct5k-pilot/Masks/Masks_Manual/Grading_1/DME/DME (30).E2E/2- 25- 2017 10- 16- 46 PM/Image 16.png,DME,train,ae692908a46373da4af01e9f30bc68c0fb7d8b6e5fce3b3f0cc257c2eec32271,5472ea1284e3ca858b7e2071a63a286eac5179c0f08c3ce50b5157e158ad01cb,c945fe82fd047fec589d7a3a0aa69f919c0548b4f8104b6bc9b303eb75f103a1
AMD Part1/AMD (23).E2E/2- 25- 2017 5- 14- 57 PM/Image 61,/kaggle/input/aether-oct5k-pilot/Images/Images_Manual/AMD Part1/AMD (23).E2E/2- 25- 2017 5- 14- 57 PM/Image 61.png,/kaggle/input/aether-oct5k-pilot/Masks/Masks_Manual/Grading_1/AMD Part1/AMD (23).E2E/2- 25- 2017 5- 14- 57 PM/Image 61.png,AMD Part1,train,78187b147a8fdb69b7bb96b3370f2b338df443a8ba3ded4cbc6abb973035761a,b8df0c72e87afe58b8a402ac61c7a024fbb0ada75f0ef9678b0b222f3888f2f8,601238aa7a48547742f30d29d3b00b509217f1350283dffa2b457da382574a45
DME/DME (15).E2E/2- 25- 2017 9- 53- 19 PM/Image 9,/kaggle/input/aether-oct5k-pilot/Images/Images_Manual/DME/DME (15).E2E/2- 25- 2017 9- 53- 19 PM/Image 9.png,/kaggle/input/aether-oct5k-pilot/Masks/Masks_Manual/Grading_1/DME/DME (15).E2E/2- 25- 2017 9- 53- 19 PM/Image 9.png,DME,train,4c102fbe96c13b47437eb8d737d233fbba85595ff63ea1b87dc21795f6b1773e,09bfab4153670318b4b002bd6d111025690fca676657d80517da3e0544a68060,456efa30c0da789915dab5dac4cf680ea08cfce73566632f723c850050f77ec8
Normal Part1/Normal (6).E2E/2- 26- 2017 9- 12- 11 AM/Image 19,/kaggle/input/aether-oct5k-pilot/Images/Images_Manual/Normal Part1/Normal (6).E2E/2- 26- 2017 9- 12- 11 AM/Image 19.png,/kaggle/input/aether-oct5k-pilot/Masks/Masks_Manual/Grading_1/Normal Part1/Normal (6).E2E/2- 26- 2017 9- 12- 11 AM/Image 19.png,Normal Part1,train,7a28da77c24aef5dbe55018a38ea1fb77eb23482575a4030a9e8db83616387c7,e764ce80ccb588ef7e222dc93b07d8d00b9c74848969331a43eed89d74dcd2cb,da3db69f15ad5378399bf63c33efe8e5053405cf76e697b9bc9c7a5a16e50cb3
Normal Part2/Normal (38).E2E/2- 26- 2017 10- 06- 02 AM/Image 17,/kaggle/input/aether-oct5k-pilot/Images/Images_Manual/Normal Part2/Normal (38).E2E/2- 26- 2017 10- 06- 02 AM/Image 17.png,/kaggle/input/aether-oct5k-pilot/Masks/Masks_Manual/Grading_1/Normal Part2/Normal (38).E2E/2- 26- 2017 10- 06- 02 AM/Image 17.png,Normal Part2,train,f6f6b3ed548284f3310506e10bcf87ccecac4d174defe323789bbf7d89a0984e,df973dbd8212abb5a1f951c447a4a3322626a40912ceb34a1f99228af83ba457,1d8ebfbe5cadbe7e1f36f0bdf49044d4e7b8c4a8dd7a2f8cfad2e2881afd7cf2
AMD Part1/AMD (21).E2E/2- 25- 2017 5- 10- 29 PM/Image 52,/kaggle/input/aether-oct5k-pilot/Images/Images_Manual/AMD Part1/AMD (21).E2E/2- 25- 2017 5- 10- 29 PM/Image 52.png,/kaggle/input/aether-oct5k-pilot/Masks/Masks_Manual/Grading_1/AMD Part1/AMD (21).E2E/2- 25- 2017 5- 10- 29 PM/Image 52.png,AMD Part1,train,92f67dd1127cc8e482fc1d765838b28943866327dc3b244fa2774f2281538fbd,0bff8e1aad1644af3d1bcac097e70deaca70763a945a82dd7b3f5b49d4d571d5,418483d0fbf2cbba404e510c96722e6332e11e61ce4978b03dfc4bdf301e9b57
Normal Part2/Normal (49).E2E/2- 26- 2017 10- 23- 58 AM/Image 29,/kaggle/input/aether-oct5k-pilot/Images/Images_Manual/Normal Part2/Normal (49).E2E/2- 26- 2017 10- 23- 58 AM/Image 29.png,/kaggle/input/aether-oct5k-pilot/Masks/Masks_Manual/Grading_1/Normal Part2/Normal (49).E2E/2- 26- 2017 10- 23- 58 AM/Image 29.png,Normal Part2,train,55bb61476941058dd0cf80e0d403be5de5330912227b41459a2e88f882d9f752,0c04fa6ccd4955a040cb0887469e3efc3c95f93d3efdcf71373f9e7ba8cd57f8,bfc39a1971b17b07fdeec09b534e00aa9217ba377b0a6464cf17afb4ecdbedd6
AMD Part1/AMD (22).E2E/2- 25- 2017 5- 11- 45 PM/Image 7,/kaggle/input/aether-oct5k-pilot/Images/Images_Manual/AMD Part1/AMD (22).E2E/2- 25- 2017 5- 11- 45 PM/Image 7.png,/kaggle/input/aether-oct5k-pilot/Masks/Masks_Manual/Grading_1/AMD Part1/AMD (22).E2E/2- 25- 2017 5- 11- 45 PM/Image 7.png,AMD Part1,train,86eb0994ea0122b3a7308d627881fafda0e7dcd9c5e75690aeb55e105549b409,d89db0b9d5d8b6466244ec561cee523ca62e96d9f489264b7389200163a35b20,f90b5991b3ec247216abdb5a984ed424f186dc630ce5007502e8d25c643cbe7e
AMD Part1/AMD (9).E2E/2- 25- 2017 9- 25- 22 PM/Image 14,/kaggle/input/aether-oct5k-pilot/Images/Images_Manual/AMD Part1/AMD (9).E2E/2- 25- 2017 9- 25- 22 PM/Image 14.png,/kaggle/input/aether-oct5k-pilot/Masks/Masks_Manual/Grading_1/AMD Part1/AMD (9).E2E/2- 25- 2017 9- 25- 22 PM/Image 14.png,AMD Part1,train,b424eff636bbba2219b65fdc9577df4dbf009f8eb701753c9f52d8ea18b2fcc1,8e3085c1ad69b2620d33d288e9cb86cc797b8ac5106ed750205abd9a9c52a2ea,9e4d9134987633c66e1aa70d727dcf173337b9940a8960325687ac92035e9486
AMD Part1/AMD (13).E2E/2- 25- 2017 4- 48- 43 PM/Image 2,/kaggle/input/aether-oct5k-pilot/Images/Images_Manual/AMD Part1/AMD (13).E2E/2- 25- 2017 4- 48- 43 PM/Image 2.png,/kaggle/input/aether-oct5k-pilot/Masks/Masks_Manual/Grading_1/AMD Part1/AMD (13).E2E/2- 25- 2017 4- 48- 43 PM/Image 2.png,AMD Part1,train,9e99c1e535fe97b976db023de6a46a215133e79d0c82968ce031e8ab142d4dde,1e95eb001a0036b0e9e3b4fac88e039a6c424f4922120c7d2b7d65b865009b7c,66f758658ee366d706a4ca6f0f1ce293fe0ce4764943b41bdeb0991e635db41d
Normal Part2/Normal (47).E2E/2- 26- 2017 10- 21- 43 AM/Image 61,/kaggle/input/aether-oct5k-pilot/Images/Images_Manual/Normal Part2/Normal (47).E2E/2- 26- 2017 10- 21- 43 AM/Image 61.png,/kaggle/input/aether-oct5k-pilot/Masks/Masks_Manual/Grading_1/Normal Part2/Normal (47).E2E/2- 26- 2017 10- 21- 43 AM/Image 61.png,Normal Part2,train,24c0f0b28b547cc89ad9b368ab0dd5fcd73200eb8024830efb1c17900c2f0f0f,ab175048985f12c2b5260744f9e0b4568c9edea56a24086ec52a9768952277dd,96421b08f481420edcc3e0f1df71217f3c68aeae17be5f314c3970262e65875a
Normal Part2/Normal (49).E2E/2- 26- 2017 10- 23- 58 AM/Image 7,/kaggle/input/aether-oct5k-pilot/Images/Images_Manual/Normal Part2/Normal (49).E2E/2- 26- 2017 10- 23- 58 AM/Image 7.png,/kaggle/input/aether-oct5k-pilot/Masks/Masks_Manual/Grading_1/Normal Part2/Normal (49).E2E/2- 26- 2017 10- 23- 58 AM/Image 7.png,Normal Part2,train,e7e0ac4387375d0e52ebc47dc801aa4bf3064e42f413a2dff714c09a3c41c29b,8fdd82700b08d0e75976646a7cb04361f42dd17b4a96d72f325860773544ac20,a32c8673224fd74392efb5420b066aa162a388b593eada6ed16948303860a976
Normal Part2/Normal (39).E2E/2- 26- 2017 10- 08- 18 AM/Image 1,/kaggle/input/aether-oct5k-pilot/Images/Images_Manual/Normal Part2/Normal (39).E2E/2- 26- 2017 10- 08- 18 AM/Image 1.png,/kaggle/input/aether-oct5k-pilot/Masks/Masks_Manual/Grading_1/Normal Part2/Normal (39).E2E/2- 26- 2017 10- 08- 18 AM/Image 1.png,Normal Part2,train,59a26bbe4032b593d7a0efbff95a99da08db6198b0ae957025b8e257d202a647,238bf09eadb088460827c464e12ec4bb22ca8ce156965fcc046710b6ebececad,3b97f816af80a77342c594f3c7a832f879f037c93f15f4764de52c9758485219
AMD Part1/AMD (31).E2E/2- 25- 2017 8- 43- 15 PM/Image 8,/kaggle/input/aether-oct5k-pilot/Images/Images_Manual/AMD Part1/AMD (31).E2E/2- 25- 2017 8- 43- 15 PM/Image 8.png,/kaggle/input/aether-oct5k-pilot/Masks/Masks_Manual/Grading_1/AMD Part1/AMD (31).E2E/2- 25- 2017 8- 43- 15 PM/Image 8.png,AMD Part1,train,578a5f6b879800e16e88774feae0157a1c220810928a46cdb8f485cec9f7dd47,315be3eb0c2839d2173deb75f5e66d6c57541df597b6e02dd1ab7a79cb66ca0f,048413d0aeb508f2dff0f4b6a6cd804bbdaea6c2c91ece8de5ec3cd79b3d349c
AMD Part1/AMD (31).E2E/2- 25- 2017 8- 43- 15 PM/Image 6,/kaggle/input/aether-oct5k-pilot/Images/Images_Manual/AMD Part1/AMD (31).E2E/2- 25- 2017 8- 43- 15 PM/Image 6.png,/kaggle/input/aether-oct5k-pilot/Masks/Masks_Manual/Grading_1/AMD Part1/AMD (31).E2E/2- 25- 2017 8- 43- 15 PM/Image 6.png,AMD Part1,train,28775c5a5ac28dc20a9939012186ad10ebe1ca5f41a4c654cedb0d3263a8113f,d3c14221e2f09fcac1b35824bfd0bd502430e845c0313837b977f9081fe0ea14,837f883baff1674acc96e7fd438375f74f9abc0144e30089b980442d6158fe8d
DME/DME (30).E2E/2- 25- 2017 10- 16- 46 PM/Image 15,/kaggle/input/aether-oct5k-pilot/Images/Images_Manual/DME/DME (30).E2E/2- 25- 2017 10- 16- 46 PM/Image 15.png,/kaggle/input/aether-oct5k-pilot/Masks/Masks_Manual/Grading_1/DME/DME (30).E2E/2- 25- 2017 10- 16- 46 PM/Image 15.png,DME,train,678a50740a0478a64854a8894b3e56255f3885a5e02c17dff160a22fe36b3566,a945147c4f14b479cf1c4e2e76142a46127ffd77334bde19dc77655ab9e09635,858c6e1806662fdfc1fd4c65c94ce7ad282f9a04634c3354fa4fb2f917dd0c2f
AMD Part1/AMD (34).E2E/2- 25- 2017 8- 59- 29 PM/Image 4,/kaggle/input/aether-oct5k-pilot/Images/Images_Manual/AMD Part1/AMD (34).E2E/2- 25- 2017 8- 59- 29 PM/Image 4.png,/kaggle/input/aether-oct5k-pilot/Masks/Masks_Manual/Grading_1/AMD Part1/AMD (34).E2E/2- 25- 2017 8- 59- 29 PM/Image 4.png,AMD Part1,train,0d1bb1314d50ba089315be256e452bc7645cb7cff411dcf34a9d5afdf9b59265,922236c8ef256d4d64d80d37fec0f5495808d85730c66fd7d95959e8a4ea7480,c69b72d93a775602a71d6a117499c341188ac6a78d0a124281dcde6a6b9ff6f3
Normal Part1/Normal (10).E2E/2- 26- 2017 9- 18- 14 AM/Image 2,/kaggle/input/aether-oct5k-pilot/Images/Images_Manual/Normal Part1/Normal (10).E2E/2- 26- 2017 9- 18- 14 AM/Image 2.png,/kaggle/input/aether-oct5k-pilot/Masks/Masks_Manual/Grading_1/Normal Part1/Normal (10).E2E/2- 26- 2017 9- 18- 14 AM/Image 2.png,Normal Part1,train,2cd3a90612578867fc6386632adcf49a9bab86cab466e3d839ba72533a48cd33,e750f820d76946f9ac82836a8565bf472246c001aac75ed9420002387979f7d1,787cf17146f4b1b4c0bea94d983e8961937de130a14c00bf265dbfc28fbc8079
Normal Part2/Normal (36).E2E/2- 26- 2017 10- 04- 18 AM/Image 11,/kaggle/input/aether-oct5k-pilot/Images/Images_Manual/Normal Part2/Normal (36).E2E/2- 26- 2017 10- 04- 18 AM/Image 11.png,/kaggle/input/aether-oct5k-pilot/Masks/Masks_Manual/Grading_1/Normal Part2/Normal (36).E2E/2- 26- 2017 10- 04- 18 AM/Image 11.png,Normal Part2,train,5a7f96aee02f50d0916e2c0f816a6e410cf0faeeab288c49735aff6f92f96fad,afd15e4fa0272a9db10a505408a21ed5abfdcbec8f3e40f84b0a15c0929d3328,141d3a2857614ca693c0d72f6bd56b3fbcb8c850271fc2e7fbd827f1763bf41d
Normal Part1/Normal (10).E2E/2- 26- 2017 9- 18- 14 AM/Image 4,/kaggle/input/aether-oct5k-pilot/Images/Images_Manual/Normal Part1/Normal (10).E2E/2- 26- 2017 9- 18- 14 AM/Image 4.png,/kaggle/input/aether-oct5k-pilot/Masks/Masks_Manual/Grading_1/Normal Part1/Normal (10).E2E/2- 26- 2017 9- 18- 14 AM/Image 4.png,Normal Part1,train,6338a394a52c2b90c9afd42098efa2104c7c8e4d0a5acb41d814713813268ad1,740302da989ca2e891894a1a186b536c98cf54c03ec440db55dc23b5402951a1,9fa62554df2189e1c5db4f1cd76d17354f2c484450874d098a9d9687025c9db6
AMD Part1/AMD (35).E2E/2- 25- 2017 9- 00- 52 PM/Image 28,/kaggle/input/aether-oct5k-pilot/Images/Images_Manual/AMD Part1/AMD (35).E2E/2- 25- 2017 9- 00- 52 PM/Image 28.png,/kaggle/input/aether-oct5k-pilot/Masks/Masks_Manual/Grading_1/AMD Part1/AMD (35).E2E/2- 25- 2017 9- 00- 52 PM/Image 28.png,AMD Part1,train,101af1cd19cd9226ac26b30b389ff22c2e6d32049d505c6c8cda61e57e8a6e87,4879543629a8dce8b8a417b8199b25dc520f0251d428e00688045def829dd192,9c8e56c8f7d7433960c15ac33cbe27f6fadbdb8c96a8e4823dec629d978fbb60
AMD Part1/AMD (3).E2E/2- 25- 2017 9- 13- 55 PM/Image 3,/kaggle/input/aether-oct5k-pilot/Images/Images_Manual/AMD Part1/AMD (3).E2E/2- 25- 2017 9- 13- 55 PM/Image 3.png,/kaggle/input/aether-oct5k-pilot/Masks/Masks_Manual/Grading_1/AMD Part1/AMD (3).E2E/2- 25- 2017 9- 13- 55 PM/Image 3.png,AMD Part1,train,bfbe252b5f5f267ae7f769e43ffbfba52d4f87590ad24319b93130c2bf8a252b,cce7bbab1a1b7d6b5b19bd9036eaa9b0e36a2e371a45ca2e193811ccb09609cf,b58ad17a465b5baca4350630aecda420cdc6be487baa2ada0d56c81669b40b90
AMD Part1/AMD (27).E2E/2- 25- 2017 8- 35- 28 PM/Image 3,/kaggle/input/aether-oct5k-pilot/Images/Images_Manual/AMD Part1/AMD (27).E2E/2- 25- 2017 8- 35- 28 PM/Image 3.png,/kaggle/input/aether-oct5k-pilot/Masks/Masks_Manual/Grading_1/AMD Part1/AMD (27).E2E/2- 25- 2017 8- 35- 28 PM/Image 3.png,AMD Part1,train,de5dc39c630eab1f14413b770ae2af5127c0094b72a696bdad08461976040db0,29b6fbfbc3e8e89f5e25cc196e004bce2db5cbab7a32cae0f20769161b033d22,b4cab4907b7d9e446d3223ff435ad1e3598b4f46cc166338d1f871c8b184307b
DME/DME (6).E2E/2- 25- 2017 9- 40- 56 PM/Image 7,/kaggle/input/aether-oct5k-pilot/Images/Images_Manual/DME/DME (6).E2E/2- 25- 2017 9- 40- 56 PM/Image 7.png,/kaggle/input/aether-oct5k-pilot/Masks/Masks_Manual/Grading_1/DME/DME (6).E2E/2- 25- 2017 9- 40- 56 PM/Image 7.png,DME,train,2959f77b84507d73287cd3cef4da2571f4bbb421660684b940617bcf9f542327,052a022540a4c735dec4694b8c3685576b5c414f31244a6f9e3c594385b70721,e48cf279685867a66c7ce1c0f147adfe8eed85f90f889268f973c488b3785e3d
Normal Part1/Normal (25).E2E/2- 26- 2017 9- 42- 47 AM/Image 17,/kaggle/input/aether-oct5k-pilot/Images/Images_Manual/Normal Part1/Normal (25).E2E/2- 26- 2017 9- 42- 47 AM/Image 17.png,/kaggle/input/aether-oct5k-pilot/Masks/Masks_Manual/Grading_1/Normal Part1/Normal (25).E2E/2- 26- 2017 9- 42- 47 AM/Image 17.png,Normal Part1,train,d90fb8cbc9e8c6520aa4c2677fc682c24d50be5be29dfcad44986632bd823bcb,d9d9e79d7514212f123b36fab03dcb50b01e70cbb4d7e32f1c16b6d0b2d3583b,c9f92025fd30938b449da4947b3499292f5b7929526ceda387785080f1257751
AMD Part1/AMD (3).E2E/2- 25- 2017 9- 13- 55 PM/Image 50,/kaggle/input/aether-oct5k-pilot/Images/Images_Manual/AMD Part1/AMD (3).E2E/2- 25- 2017 9- 13- 55 PM/Image 50.png,/kaggle/input/aether-oct5k-pilot/Masks/Masks_Manual/Grading_1/AMD Part1/AMD (3).E2E/2- 25- 2017 9- 13- 55 PM/Image 50.png,AMD Part1,train,da8bfdf59245c0cb60ba85d7f8b7c52adad4e3e4e00fd670623b5910d3f399e6,4c9d288d50172c75ed5c91e507bdf9754f3cebf8297166954acf954f1744a18a,ca4fbd06653ddf9f5307a6d52217745a551eefcfcba999f6446615ec8cff2ee1
DME/DME (29).E2E/2- 25- 2017 10- 15- 35 PM/Image 9,/kaggle/input/aether-oct5k-pilot/Images/Images_Manual/DME/DME (29).E2E/2- 25- 2017 10- 15- 35 PM/Image 9.png,/kaggle/input/aether-oct5k-pilot/Masks/Masks_Manual/Grading_1/DME/DME (29).E2E/2- 25- 2017 10- 15- 35 PM/Image 9.png,DME,train,6c4bc41f6e35a00a8cc2f760ab93562860fe4fc24ab939541cfc370e5a5e2a26,e199f19260f111a0e0e42713ccbb4547311c33ff341b85e6deb8ae4f32a3d9dc,b03699fb42325f92eef3e7a3416073f3da80b5c88017f1eb3aed7880d6d736a5
AMD Part1/AMD (27).E2E/2- 25- 2017 8- 35- 28 PM/Image 22,/kaggle/input/aether-oct5k-pilot/Images/Images_Manual/AMD Part1/AMD (27).E2E/2- 25- 2017 8- 35- 28 PM/Image 22.png,/kaggle/input/aether-oct5k-pilot/Masks/Masks_Manual/Grading_1/AMD Part1/AMD (27).E2E/2- 25- 2017 8- 35- 28 PM/Image 22.png,AMD Part1,train,aa59ae7844561e8fb9f62650019ee7d616526980cfbb87404b4ce9670419cf97,289be9fc810f73d8649264465b8c0296ab7732b0faff58f5abff81839c7acd4e,14c58c42d6c2cbc7f7027898a7c0b5b0e9ea2552412c321251bedd9620fc31dd
AMD Part2/AMD (40).E2E/2- 25- 2017 9- 08- 13 PM/Image 15,/kaggle/input/aether-oct5k-pilot/Images/Images_Manual/AMD Part2/AMD (40).E2E/2- 25- 2017 9- 08- 13 PM/Image 15.png,/kaggle/input/aether-oct5k-pilot/Masks/Masks_Manual/Grading_1/AMD Part2/AMD (40).E2E/2- 25- 2017 9- 08- 13 PM/Image 15.png,AMD Part2,train,4127795212d9d432588ed689f7b00d514649a52dd1707b0065dcb32b365aed38,f175a0d2f98dabc4d939c6632bd36918a07d12ab7dcd40d7bca3847fdd878017,317c4a0ee9a746a6bf5a283c75ae23273f56eea5f3b4c3aca2e795509242ed30
AMD Part1/AMD (29).E2E/2- 25- 2017 8- 39- 05 PM/Image 16,/kaggle/input/aether-oct5k-pilot/Images/Images_Manual/AMD Part1/AMD (29).E2E/2- 25- 2017 8- 39- 05 PM/Image 16.png,/kaggle/input/aether-oct5k-pilot/Masks/Masks_Manual/Grading_1/AMD Part1/AMD (29).E2E/2- 25- 2017 8- 39- 05 PM/Image 16.png,AMD Part1,train,2db689eb66e5271b7cda5979ab3515f61ed8a7aa435e9a7179cf7c74a103fdb9,aeb126bfa2509cb3de3730cd165e2c81dd90e55b560ecb5e1acaea1a3c88becc,f330fb4251c93bc1f125e84b3b2202cd3fff28c01c5212e8db64d2644a6a2e97
DME/DME (35).E2E/2- 25- 2017 10- 23- 21 PM/Image 18,/kaggle/input/aether-oct5k-pilot/Images/Images_Manual/DME/DME (35).E2E/2- 25- 2017 10- 23- 21 PM/Image 18.png,/kaggle/input/aether-oct5k-pilot/Masks/Masks_Manual/Grading_1/DME/DME (35).E2E/2- 25- 2017 10- 23- 21 PM/Image 18.png,DME,train,7d8e7947eefb9f56e9fce1e26b5b7d4f560ecb4cac74e515c4334e00ae0cb01b,9dfebde410c754d0230890cb007fa5e127d991b9aec02ca2ed50aa13048adb02,9192a1e640d808fb2796c9f3310e2da97a2cad1ee088cc4bd45bea159273cc83
AMD Part1/AMD (21).E2E/2- 25- 2017 5- 10- 29 PM/Image 3,/kaggle/input/aether-oct5k-pilot/Images/Images_Manual/AMD Part1/AMD (21).E2E/2- 25- 2017 5- 10- 29 PM/Image 3.png,/kaggle/input/aether-oct5k-pilot/Masks/Masks_Manual/Grading_1/AMD Part1/AMD (21).E2E/2- 25- 2017 5- 10- 29 PM/Image 3.png,AMD Part1,train,029ce779ac6a31e829c4da1ad62623f88e9a27676d0002f066a0a49589adb324,ad136b74f1f1e83ac84f7f455a0906b5945a441b9570a1d0d3cb955f6c05d022,5eac7537abc82bc877fedfee2b0ee44cead4b70e3dd14c61f5e15746bbf51fa0
AMD Part1/AMD (21).E2E/2- 25- 2017 5- 10- 29 PM/Image 7,/kaggle/input/aether-oct5k-pilot/Images/Images_Manual/AMD Part1/AMD (21).E2E/2- 25- 2017 5- 10- 29 PM/Image 7.png,/kaggle/input/aether-oct5k-pilot/Masks/Masks_Manual/Grading_1/AMD Part1/AMD (21).E2E/2- 25- 2017 5- 10- 29 PM/Image 7.png,AMD Part1,train,a00c40374aa1708e4f27db42c0f350b4edf671d2eb5be264d1a7e5ee0f23f2b1,2da6999f05355df02f9d804c35edd380d5a44d8a016c9d488efd778f2eb7818c,1ddbe5ed13c6c4d5b59302c3cd2e8c499f3c58f95b8e5495466e634cc0fe17ea
DME/DME (9).E2E/2- 25- 2017 9- 45- 28 PM/Image 53,/kaggle/input/aether-oct5k-pilot/Images/Images_Manual/DME/DME (9).E2E/2- 25- 2017 9- 45- 28 PM/Image 53.png,/kaggle/input/aether-oct5k-pilot/Masks/Masks_Manual/Grading_1/DME/DME (9).E2E/2- 25- 2017 9- 45- 28 PM/Image 53.png,DME,train,a24f020efdd41e3331ff416cc2dddca94144b239b3b0c22a43fb30265be9eae9,211fbe87cc432fc2d4db86bd60105e186073b65f6c0e7981833d2b7626dafefa,a589f577a83605f46c761560717b97c8e928142402343ec1a42430f4c02610c4
AMD Part2/AMD (48).E2E/2- 25- 2017 4- 42- 21 PM/Image 17,/kaggle/input/aether-oct5k-pilot/Images/Images_Manual/AMD Part2/AMD (48).E2E/2- 25- 2017 4- 42- 21 PM/Image 17.png,/kaggle/input/aether-oct5k-pilot/Masks/Masks_Manual/Grading_1/AMD Part2/AMD (48).E2E/2- 25- 2017 4- 42- 21 PM/Image 17.png,AMD Part2,train,ef372eca852823cb9a4d72bf821e63a7c10c313029ae8ee0aeffa9f010ab8913,3c77201ab5424b8066db0a4517779f3a5782c86479f3c935496270c8ec4e42ea,888e027700f1dd0ee6723f5a48807dbbd5f17aa22616b90da72ee3ba235599ac
AMD Part1/AMD (23).E2E/2- 25- 2017 5- 14- 57 PM/Image 2,/kaggle/input/aether-oct5k-pilot/Images/Images_Manual/AMD Part1/AMD (23).E2E/2- 25- 2017 5- 14- 57 PM/Image 2.png,/kaggle/input/aether-oct5k-pilot/Masks/Masks_Manual/Grading_1/AMD Part1/AMD (23).E2E/2- 25- 2017 5- 14- 57 PM/Image 2.png,AMD Part1,train,31854725b5ed161b0d3f50b65dc663db23691712a5904437ce423cdd269e7003,ce9aeb2a2effe556978cd0dbf987145bcb1df4ae852520c46fd609ca246d21bb,aa1fff5f2ec6a3c856bda12c6a2ec53030ead0d7d647cc722a404d03b8d9fe57
AMD Part1/AMD (21).E2E/2- 25- 2017 5- 10- 29 PM/Image 9,/kaggle/input/aether-oct5k-pilot/Images/Images_Manual/AMD Part1/AMD (21).E2E/2- 25- 2017 5- 10- 29 PM/Image 9.png,/kaggle/input/aether-oct5k-pilot/Masks/Masks_Manual/Grading_1/AMD Part1/AMD (21).E2E/2- 25- 2017 5- 10- 29 PM/Image 9.png,AMD Part1,train,761af18cfac08a3078b2e4b2e69c75dfa993128689342d3782e388d8d282daeb,c60a9f403f70be97b5264fd7f560b1a3e8193284f2ded69ca28d0db24c86520a,1bccc1f12a6a3a2031af0bef97f911782035b6bcf54ac16bf180ddedd4fc3665
Normal Part1/Normal (9).E2E/2- 26- 2017 9- 15- 48 AM/Image 2,/kaggle/input/aether-oct5k-pilot/Images/Images_Manual/Normal Part1/Normal (9).E2E/2- 26- 2017 9- 15- 48 AM/Image 2.png,/kaggle/input/aether-oct5k-pilot/Masks/Masks_Manual/Grading_1/Normal Part1/Normal (9).E2E/2- 26- 2017 9- 15- 48 AM/Image 2.png,Normal Part1,train,1cf255ca94ff31d868f8414f6a1074c0f87d98963798d61a22afacb4410bdbaf,ffe47d06309a221b7ec6bc718b14de48c97b330a864a0109e4f0870c73b5689b,0ed25dbe09859ddffb3de848d0cff74e53cbb8642120aa6849a5e7b586995632
Normal Part2/Normal (38).E2E/2- 26- 2017 10- 06- 02 AM/Image 13,/kaggle/input/aether-oct5k-pilot/Images/Images_Manual/Normal Part2/Normal (38).E2E/2- 26- 2017 10- 06- 02 AM/Image 13.png,/kaggle/input/aether-oct5k-pilot/Masks/Masks_Manual/Grading_1/Normal Part2/Normal (38).E2E/2- 26- 2017 10- 06- 02 AM/Image 13.png,Normal Part2,train,19cb93e26ad51fde6cf7ecee39f96202bd5ea16e8177c9d21c3ea9d88c9c4dd0,dfa73b4e8a63fa968940fa73ca90ff5d41f7b681ab28c5848c7be217b5391c54,083e6b0d528917c541482e9bcbcf90234e784c069f119e584d5f5858e01735fa
AMD Part1/AMD (23).E2E/2- 25- 2017 5- 14- 57 PM/Image 51,/kaggle/input/aether-oct5k-pilot/Images/Images_Manual/AMD Part1/AMD (23).E2E/2- 25- 2017 5- 14- 57 PM/Image 51.png,/kaggle/input/aether-oct5k-pilot/Masks/Masks_Manual/Grading_1/AMD Part1/AMD (23).E2E/2- 25- 2017 5- 14- 57 PM/Image 51.png,AMD Part1,train,eff7bec2f8017dbc8feadbc0c867bebd0c6798e8e1f80feafd2f3515f8dfe0e1,3462d4cc6c22ced295a3e4c94ea248bde4a67f8591c228ce313295c46e0371f6,787a56a912fa20939b2e885c117c58658c17818a6e24a11238bfac40ff282ab4
DME/DME (11).E2E/2- 25- 2017 9- 47- 31 PM/Image 16,/kaggle/input/aether-oct5k-pilot/Images/Images_Manual/DME/DME (11).E2E/2- 25- 2017 9- 47- 31 PM/Image 16.png,/kaggle/input/aether-oct5k-pilot/Masks/Masks_Manual/Grading_1/DME/DME (11).E2E/2- 25- 2017 9- 47- 31 PM/Image 16.png,DME,train,7895f9d3b3bf65f2bce7d7d0c2e44587aa1ed4cd1815a71fd36facf4632cb73a,298f75c7a94a454360d82b7bc9ed8a9738aae91689e0755a69c778254056f77f,36ab0ab1823a7f1e6f18cfa369118c91dfdc2107c41c332619bb5135ff2719c8
DME/DME (30).E2E/2- 25- 2017 10- 16- 46 PM/Image 18,/kaggle/input/aether-oct5k-pilot/Images/Images_Manual/DME/DME (30).E2E/2- 25- 2017 10- 16- 46 PM/Image 18.png,/kaggle/input/aether-oct5k-pilot/Masks/Masks_Manual/Grading_1/DME/DME (30).E2E/2- 25- 2017 10- 16- 46 PM/Image 18.png,DME,train,47f547f6cae0865d8c2fa09d99d3c05c666f9f5f27f0e488d7d63216af5f4364,3d7643d24b0924f5f1a49d7f9cdce5ac2a064b7b11fa6cf6daa935afab7024b3,46487d62e0c660ca353a7c7334433d519346b01c382572189381bb611da9c45d
AMD Part1/AMD (8).E2E/2- 25- 2017 9- 21- 50 PM/Image 13,/kaggle/input/aether-oct5k-pilot/Images/Images_Manual/AMD Part1/AMD (8).E2E/2- 25- 2017 9- 21- 50 PM/Image 13.png,/kaggle/input/aether-oct5k-pilot/Masks/Masks_Manual/Grading_1/AMD Part1/AMD (8).E2E/2- 25- 2017 9- 21- 50 PM/Image 13.png,AMD Part1,train,dadf640a2006988473e3522fc20706a67509ed54f9c9c853d1405d084b650ff5,2c45d600da61006c121a9b360fd3915da0312e9bedfac313edc653468f4f8807,fe65b1150cdd6314feca890f11c93fde555c0278d2dfc7eea663f1dc6cc6e70b
Normal Part2/Normal (39).E2E/2- 26- 2017 10- 08- 18 AM/Image 14,/kaggle/input/aether-oct5k-pilot/Images/Images_Manual/Normal Part2/Normal (39).E2E/2- 26- 2017 10- 08- 18 AM/Image 14.png,/kaggle/input/aether-oct5k-pilot/Masks/Masks_Manual/Grading_1/Normal Part2/Normal (39).E2E/2- 26- 2017 10- 08- 18 AM/Image 14.png,Normal Part2,train,82ff065bb87ca41dd60ce9e8759ce435816350303171391fecc1369d48f03e35,b6ef7bc280ea51e337b2082b1d67a446af999bad9c31b60d49584fdb7afdfa5b,44bd15d0dd682c4d1396f7aa34a1b14f62f8355bdd666940f92f947b3f9fa7b4
Normal Part2/Normal (40).E2E/2- 26- 2017 10- 10- 37 AM/Image 8,/kaggle/input/aether-oct5k-pilot/Images/Images_Manual/Normal Part2/Normal (40).E2E/2- 26- 2017 10- 10- 37 AM/Image 8.png,/kaggle/input/aether-oct5k-pilot/Masks/Masks_Manual/Grading_1/Normal Part2/Normal (40).E2E/2- 26- 2017 10- 10- 37 AM/Image 8.png,Normal Part2,train,af856f010904796eb89d79c6cb21e2e5951fbeade1df98979f03287e0b3ddc1d,57f65674c980c35ba9c6e7bcae0dbc008c3e69ce261e4549d872ee72769c55c4,64d7b12148596cc00b7fd218be78888eed6c4347979bb99ce0a6454c77661e67
AMD Part1/AMD (1).E2E/2- 25- 2017 9- 10- 42 PM/Image 20,/kaggle/input/aether-oct5k-pilot/Images/Images_Manual/AMD Part1/AMD (1).E2E/2- 25- 2017 9- 10- 42 PM/Image 20.png,/kaggle/input/aether-oct5k-pilot/Masks/Masks_Manual/Grading_1/AMD Part1/AMD (1).E2E/2- 25- 2017 9- 10- 42 PM/Image 20.png,AMD Part1,train,ffc8360cfd7dbb158b263c8e91aae01a63913bef2a8fafc9f09ce3ff45eb2fed,34d6449b6b301d3bec85ee2a80d8a82c5f825726b55eca5ea86129aea92a658d,961b68620c220c0cc18d38968041335026cb36da14ded9ebfa1a92954e3599cc
DME/DME (29).E2E/2- 25- 2017 10- 15- 35 PM/Image 17,/kaggle/input/aether-oct5k-pilot/Images/Images_Manual/DME/DME (29).E2E/2- 25- 2017 10- 15- 35 PM/Image 17.png,/kaggle/input/aether-oct5k-pilot/Masks/Masks_Manual/Grading_1/DME/DME (29).E2E/2- 25- 2017 10- 15- 35 PM/Image 17.png,DME,train,7247aff9abf1d8b36c3024594177839b9d061838fb986384989bd01656e2ab85,6121536b50e6cad61d1af86eac99a8bd1fdd8ff1af3fdb68cabc8632437c6169,11aef4bc78158fca0c8fb5f1aae92b44ae82c1f5eee48a59955efca15198c007
AMD Part1/AMD (28).E2E/2- 25- 2017 8- 37- 13 PM/Image 2,/kaggle/input/aether-oct5k-pilot/Images/Images_Manual/AMD Part1/AMD (28).E2E/2- 25- 2017 8- 37- 13 PM/Image 2.png,/kaggle/input/aether-oct5k-pilot/Masks/Masks_Manual/Grading_1/AMD Part1/AMD (28).E2E/2- 25- 2017 8- 37- 13 PM/Image 2.png,AMD Part1,train,81cb04b7b57f9caaff63a545c995e7eb22f4a3458075aade89e61df21d504eab,14f5d1f5fcddf20152d8d5336fd6462a6c4b4fee3143423d2076c4116775d9e0,c296b565b880bd7d3eef2b27d384e713e6cb68e78ffd997fcd500e8d8a658d2e
AMD Part1/AMD (23).E2E/2- 25- 2017 5- 14- 57 PM/Image 19,/kaggle/input/aether-oct5k-pilot/Images/Images_Manual/AMD Part1/AMD (23).E2E/2- 25- 2017 5- 14- 57 PM/Image 19.png,/kaggle/input/aether-oct5k-pilot/Masks/Masks_Manual/Grading_1/AMD Part1/AMD (23).E2E/2- 25- 2017 5- 14- 57 PM/Image 19.png,AMD Part1,train,0c07f424cdc6b1981c2d5acb8dc8aa4c329c3e68804ef943e6094e7cc7796c69,d53171ce066e9d66e53aca97a6ed437fb8aff77ca3ea8bd4c1258c1d1e9e77fe,8e9b87b0e59ce4566705ab39cd5c60ae858b4b9fa54187fd5a051fb8cd0f8cde
AMD Part1/AMD (10).E2E/2- 25- 2017 9- 27- 53 PM/Image 10,/kaggle/input/aether-oct5k-pilot/Images/Images_Manual/AMD Part1/AMD (10).E2E/2- 25- 2017 9- 27- 53 PM/Image 10.png,/kaggle/input/aether-oct5k-pilot/Masks/Masks_Manual/Grading_1/AMD Part1/AMD (10).E2E/2- 25- 2017 9- 27- 53 PM/Image 10.png,AMD Part1,train,dfaa12b6cdd5458d5d72dcb8f737a4fdcca920503d1cc32b2c270e7e732855d7,28a3ceb271ea794ce0bef648c557e0738d8bf72dee8487c910aea7a5548e06e5,2f03186aee5781f6fe04cdc26078433c8c55895034866f627c697221bb57ed02
Normal Part2/Normal (47).E2E/2- 26- 2017 10- 21- 43 AM/Image 33,/kaggle/input/aether-oct5k-pilot/Images/Images_Manual/Normal Part2/Normal (47).E2E/2- 26- 2017 10- 21- 43 AM/Image 33.png,/kaggle/input/aether-oct5k-pilot/Masks/Masks_Manual/Grading_1/Normal Part2/Normal (47).E2E/2- 26- 2017 10- 21- 43 AM/Image 33.png,Normal Part2,train,9ba36d6fd450af93105c66c6dc199e4d0ce45b8c3b4688cc0c6b5ac4ea5517a8,7d2c7ca3020ed117c39ebc0d4a091a84121c34a60ac9efb3123a0eaa3f5e8926,f93ad1fd05a519d85ea1a957aff03669e067714ab951020570564eacf0544e76
Normal Part2/Normal (40).E2E/2- 26- 2017 10- 10- 37 AM/Image 6,/kaggle/input/aether-oct5k-pilot/Images/Images_Manual/Normal Part2/Normal (40).E2E/2- 26- 2017 10- 10- 37 AM/Image 6.png,/kaggle/input/aether-oct5k-pilot/Masks/Masks_Manual/Grading_1/Normal Part2/Normal (40).E2E/2- 26- 2017 10- 10- 37 AM/Image 6.png,Normal Part2,train,09903c559ffefd69df3cf45deb2c32a40828d35d7a544d6102b6551246bcb0d6,180e2298cf1254ccb89b0c93727030949ed6b7507f5eda79963f6d6a871c9132,8d14fa860026f900fdf7731b18d73a32d8e25e17cafe72a28e40e6dc4b4498f1
DME/DME (19).E2E/2- 25- 2017 9- 58- 33 PM/Image 8,/kaggle/input/aether-oct5k-pilot/Images/Images_Manual/DME/DME (19).E2E/2- 25- 2017 9- 58- 33 PM/Image 8.png,/kaggle/input/aether-oct5k-pilot/Masks/Masks_Manual/Grading_1/DME/DME (19).E2E/2- 25- 2017 9- 58- 33 PM/Image 8.png,DME,train,6bfdd05d966f025bad439c24040b8db10065233da4b4eec6d38ecccdc5902cda,251678de9034b77015929814caca707fc82282725711f327b32eecd7f84adee4,1f66430efa1d560c58eb170647f4e2bd2b45f7144640355a8d2d62c3d5418d0a
DME/DME (9).E2E/2- 25- 2017 9- 45- 28 PM/Image 31,/kaggle/input/aether-oct5k-pilot/Images/Images_Manual/DME/DME (9).E2E/2- 25- 2017 9- 45- 28 PM/Image 31.png,/kaggle/input/aether-oct5k-pilot/Masks/Masks_Manual/Grading_1/DME/DME (9).E2E/2- 25- 2017 9- 45- 28 PM/Image 31.png,DME,train,758eb8f32c70318c8ca2baa5253b586879f8089cc132ceb04e8c41a863c6881d,c9f35e87e6641978d2feb4eccd19c1e011f2c63fe9f48d5b03f430e9978fad96,d8ea40f066d9e295dde16cd19daff1dcef7e10d7b86c7f2251bd182578d6a4ab
AMD Part2/AMD (40).E2E/2- 25- 2017 9- 08- 13 PM/Image 19,/kaggle/input/aether-oct5k-pilot/Images/Images_Manual/AMD Part2/AMD (40).E2E/2- 25- 2017 9- 08- 13 PM/Image 19.png,/kaggle/input/aether-oct5k-pilot/Masks/Masks_Manual/Grading_1/AMD Part2/AMD (40).E2E/2- 25- 2017 9- 08- 13 PM/Image 19.png,AMD Part2,train,e19a010626c967912cc5f3470403c714cb8b46b7334c338797529647119c3c09,c6adf7fa0fe20e144794e2c8636d8a1622afe5f8d0fa4b047c95da37773e4d75,63c6e0bf23d6ad8e888b572d7acfa16f546bd7858003c3ce7c82bb513feec54a
DME/DME (9).E2E/2- 25- 2017 9- 45- 28 PM/Image 15,/kaggle/input/aether-oct5k-pilot/Images/Images_Manual/DME/DME (9).E2E/2- 25- 2017 9- 45- 28 PM/Image 15.png,/kaggle/input/aether-oct5k-pilot/Masks/Masks_Manual/Grading_1/DME/DME (9).E2E/2- 25- 2017 9- 45- 28 PM/Image 15.png,DME,train,2aadb77ca715b627acab244a268a71b9a32323e8e7ef5d43cd05d2b588e98776,15f3f9e5dae30d8e871577ea5089197b0debf860a238ce3fd81c77045de644ff,5089e726ef065bfab37fa0a06a09450414682078361ee7fdd495dafd1c571822
Normal Part2/Normal (40).E2E/2- 26- 2017 10- 10- 37 AM/Image 11,/kaggle/input/aether-oct5k-pilot/Images/Images_Manual/Normal Part2/Normal (40).E2E/2- 26- 2017 10- 10- 37 AM/Image 11.png,/kaggle/input/aether-oct5k-pilot/Masks/Masks_Manual/Grading_1/Normal Part2/Normal (40).E2E/2- 26- 2017 10- 10- 37 AM/Image 11.png,Normal Part2,train,7cea4ffc7b5f84e25845f8ebc081db88dca0e87614fc94851389cee1b367773c,7d92f3d90e6fc14275d9f4782d23cdba4429550edce9e783e68b341d8abe7be9,09bd73a7cbae832fa6dbc089577abd42096f0c345ca54b4696e15003c73a7cf0
Normal Part2/Normal (35).E2E/2- 26- 2017 10- 03- 02 AM/Image 9,/kaggle/input/aether-oct5k-pilot/Images/Images_Manual/Normal Part2/Normal (35).E2E/2- 26- 2017 10- 03- 02 AM/Image 9.png,/kaggle/input/aether-oct5k-pilot/Masks/Masks_Manual/Grading_1/Normal Part2/Normal (35).E2E/2- 26- 2017 10- 03- 02 AM/Image 9.png,Normal Part2,train,b88c53615c1f0c0e178e42b6d542dee8bd3e7367972664dda47e409bc3292c6b,a87957dd89ce3e93995e79123448f5ed491225d89b9635f331036b47e9582383,6b8f45e3c2ed0a8a6daa3da2401a5fca076873e3fe5aa3ab116812ee6cddf81c
AMD Part1/AMD (3).E2E/2- 25- 2017 9- 13- 55 PM/Image 29,/kaggle/input/aether-oct5k-pilot/Images/Images_Manual/AMD Part1/AMD (3).E2E/2- 25- 2017 9- 13- 55 PM/Image 29.png,/kaggle/input/aether-oct5k-pilot/Masks/Masks_Manual/Grading_1/AMD Part1/AMD (3).E2E/2- 25- 2017 9- 13- 55 PM/Image 29.png,AMD Part1,train,f7489b4d3388d1c555fb8dbe588062f17c4d2fa8ca70d614f4ba1f83c3c9ce66,0273ee6283b798b631ccd42e7d009a1ae42ae30f2f6b94bb74ba53a12d5fa3af,06b76f9e2438f42aec1ab9846553de208149028c8c68fcbd1a31b556835b4a21
AMD Part1/AMD (21).E2E/2- 25- 2017 5- 10- 29 PM/Image 46,/kaggle/input/aether-oct5k-pilot/Images/Images_Manual/AMD Part1/AMD (21).E2E/2- 25- 2017 5- 10- 29 PM/Image 46.png,/kaggle/input/aether-oct5k-pilot/Masks/Masks_Manual/Grading_1/AMD Part1/AMD (21).E2E/2- 25- 2017 5- 10- 29 PM/Image 46.png,AMD Part1,train,bded84abe9dbad6a2176b9f782e74b21d2e6b991e952ded2f0a8e495230ef6e2,46ae4d28969ea37bc7c6c4c3fd58990aa8b171794938cb7893a2242b526a697f,3cc153f08fb32547158cf7ac5098b5596b271a417fb05b21fb804c8b2e68a7d7
Normal Part2/Normal (38).E2E/2- 26- 2017 10- 06- 02 AM/Image 5,/kaggle/input/aether-oct5k-pilot/Images/Images_Manual/Normal Part2/Normal (38).E2E/2- 26- 2017 10- 06- 02 AM/Image 5.png,/kaggle/input/aether-oct5k-pilot/Masks/Masks_Manual/Grading_1/Normal Part2/Normal (38).E2E/2- 26- 2017 10- 06- 02 AM/Image 5.png,Normal Part2,train,a2ee5b83a362d81289aa3d7f6ad5f22d1fdf1cda9524e2d0b2c9e45fb1c997c4,edfd7e90e3ac37aa2b70e52e49c532ed17853bdcb6c5475c00a4608d51fad17a,01e8a839736271939d569ae774c3bfe21efb39ff7c44ede94dd1c0f478ab1462
DME/DME (7).E2E/2- 25- 2017 9- 42- 34 PM/Image 7,/kaggle/input/aether-oct5k-pilot/Images/Images_Manual/DME/DME (7).E2E/2- 25- 2017 9- 42- 34 PM/Image 7.png,/kaggle/input/aether-oct5k-pilot/Masks/Masks_Manual/Grading_1/DME/DME (7).E2E/2- 25- 2017 9- 42- 34 PM/Image 7.png,DME,train,b962d16dadf6c6863a5d90a327b38ff7f189aa4bd363fc1f0fdb2ff0049de25b,43f24c832c2e007775f73e119d01bc3e8b3963d082dd3711e3a4c82b65b45283,e791d0dc159c61bd664d2b3d83a4c42f0d13bdbeb3dfd0a9814327ff777ed251
DME/DME (17).E2E/2- 25- 2017 9- 55- 34 PM/Image 3,/kaggle/input/aether-oct5k-pilot/Images/Images_Manual/DME/DME (17).E2E/2- 25- 2017 9- 55- 34 PM/Image 3.png,/kaggle/input/aether-oct5k-pilot/Masks/Masks_Manual/Grading_1/DME/DME (17).E2E/2- 25- 2017 9- 55- 34 PM/Image 3.png,DME,train,616f15e1f8a66a573c28229e1cb77045fb09da3619427c240714a2184d58fee8,bb981352ba7d4e2b47b88fd5030e343a0a80b92e56d2fe8f1793b7d8ee5e527a,0937fa49caeb25b60db2e7f7656191b3381c3563970919313c866ffb3af3ae96
DME/DME (29).E2E/2- 25- 2017 10- 15- 35 PM/Image 1,/kaggle/input/aether-oct5k-pilot/Images/Images_Manual/DME/DME (29).E2E/2- 25- 2017 10- 15- 35 PM/Image 1.png,/kaggle/input/aether-oct5k-pilot/Masks/Masks_Manual/Grading_1/DME/DME (29).E2E/2- 25- 2017 10- 15- 35 PM/Image 1.png,DME,train,395608018e7e392168b5cbed7cc860e79e0854e5e09dd51c10c4b56ed96dfd1d,8e8a94123ca9fb1a5efeba8b37b3d62cb535e36cb720826ce552b71c469f1fda,ac0ab97f45fa99daa021fb1f0ad2b001eeb8317d92c32ff514565b82d9cda56b
AMD Part1/AMD (24).E2E/2- 25- 2017 5- 17- 27 PM/Image 27,/kaggle/input/aether-oct5k-pilot/Images/Images_Manual/AMD Part1/AMD (24).E2E/2- 25- 2017 5- 17- 27 PM/Image 27.png,/kaggle/input/aether-oct5k-pilot/Masks/Masks_Manual/Grading_1/AMD Part1/AMD (24).E2E/2- 25- 2017 5- 17- 27 PM/Image 27.png,AMD Part1,train,cbdc5a2cad2233c92e16d82f527bd2aebc826e411a3bc45d2e332334ab9ddf71,eeb83b6e063c1da5d75183963c00eb3da59144f5405643de7568edbcda395bf2,1bdcf1dfa36796d9657dc84cf26b5c56238895857d0d5de87e41e93b201ad338
AMD Part1/AMD (13).E2E/2- 25- 2017 4- 48- 43 PM/Image 52,/kaggle/input/aether-oct5k-pilot/Images/Images_Manual/AMD Part1/AMD (13).E2E/2- 25- 2017 4- 48- 43 PM/Image 52.png,/kaggle/input/aether-oct5k-pilot/Masks/Masks_Manual/Grading_1/AMD Part1/AMD (13).E2E/2- 25- 2017 4- 48- 43 PM/Image 52.png,AMD Part1,train,dc40be22aa50ec84423eb2e16027d661584175a1c9843d4ba93861ad467fe404,a4d3f6d749467e62953f692097e51e3bab9a8a50d0625ee1d4899f5b67a4ebd6,36f637cc6155fcd33fd380b39d594671dab1dd2d8045f45a84236c147fe92482
Normal Part1/Normal (13).E2E/2- 26- 2017 9- 25- 04 AM/Image 18,/kaggle/input/aether-oct5k-pilot/Images/Images_Manual/Normal Part1/Normal (13).E2E/2- 26- 2017 9- 25- 04 AM/Image 18.png,/kaggle/input/aether-oct5k-pilot/Masks/Masks_Manual/Grading_1/Normal Part1/Normal (13).E2E/2- 26- 2017 9- 25- 04 AM/Image 18.png,Normal Part1,train,81009242f2721f39892d073d28ddda9596f6e8bfc1cedd281cff9f9a643ab56b,8a5d4da112e583f5ace6d013357c121c054c9596c5fb7cb615b56cbd889bbcf6,b453a1cd6bfd0f72bd4f7970262bf83a7786f2e31e36021ef2bd835376101073
AMD Part1/AMD (22).E2E/2- 25- 2017 5- 11- 45 PM/Image 16,/kaggle/input/aether-oct5k-pilot/Images/Images_Manual/AMD Part1/AMD (22).E2E/2- 25- 2017 5- 11- 45 PM/Image 16.png,/kaggle/input/aether-oct5k-pilot/Masks/Masks_Manual/Grading_1/AMD Part1/AMD (22).E2E/2- 25- 2017 5- 11- 45 PM/Image 16.png,AMD Part1,train,6281778d163d374d66185129fb7feb598fb0d4a0c99991a187ac9537b17a2aa8,8be2302697527e81039f346aa8edb9e7db7c977fbb60ad460c86400be6300282,fe1d2d94e4a450efb1708b693123c1b48b91264f230b8c196c36b1e5e76536fe
DME/DME (14).E2E/2- 25- 2017 9- 51- 49 PM/Image 17,/kaggle/input/aether-oct5k-pilot/Images/Images_Manual/DME/DME (14).E2E/2- 25- 2017 9- 51- 49 PM/Image 17.png,/kaggle/input/aether-oct5k-pilot/Masks/Masks_Manual/Grading_1/DME/DME (14).E2E/2- 25- 2017 9- 51- 49 PM/Image 17.png,DME,train,007c4e9b9be9314e45992b19a66062e04202277caaee2d90c08d1b84fa377d8b,67c41a39535473987a98f3b585be8da109ebd9a25dc51a3283fd21ef7096e590,57296289dd2bc7386a3e9caf2e364b674519743e4bfa5f67f5e40259754dc1fd
DME/DME (4).E2E/2- 25- 2017 9- 38- 17 PM/Image 7,/kaggle/input/aether-oct5k-pilot/Images/Images_Manual/DME/DME (4).E2E/2- 25- 2017 9- 38- 17 PM/Image 7.png,/kaggle/input/aether-oct5k-pilot/Masks/Masks_Manual/Grading_1/DME/DME (4).E2E/2- 25- 2017 9- 38- 17 PM/Image 7.png,DME,train,faad62cb4fd091b20cff1b0e1d5fd5db3610ec1b37152335c3eaacb3814e98eb,3bf99845e2bdd3a090267b54e2b8d2348d44e88f4a0ea147081b35848aa341c1,093d5ff7a8aaced3678abc559a74e432437713cb77416aabaf1b7559ee2c75c5
Normal Part1/Normal (25).E2E/2- 26- 2017 9- 42- 47 AM/Image 50,/kaggle/input/aether-oct5k-pilot/Images/Images_Manual/Normal Part1/Normal (25).E2E/2- 26- 2017 9- 42- 47 AM/Image 50.png,/kaggle/input/aether-oct5k-pilot/Masks/Masks_Manual/Grading_1/Normal Part1/Normal (25).E2E/2- 26- 2017 9- 42- 47 AM/Image 50.png,Normal Part1,train,921e6d5ea000932584b0b537b6faa0e6ba851cd40fb6c3db0bd323605f6f9625,19bba0bd2da17031aa300271c7dda11fcec4515f198364ff5d324674d84dcb3b,ccaf5bce6efb8cfb5211d4e6349151a070a335256d48c50a85c556fff4127b37
Normal Part2/Normal (36).E2E/2- 26- 2017 10- 04- 18 AM/Image 9,/kaggle/input/aether-oct5k-pilot/Images/Images_Manual/Normal Part2/Normal (36).E2E/2- 26- 2017 10- 04- 18 AM/Image 9.png,/kaggle/input/aether-oct5k-pilot/Masks/Masks_Manual/Grading_1/Normal Part2/Normal (36).E2E/2- 26- 2017 10- 04- 18 AM/Image 9.png,Normal Part2,train,9491a60c6a7590698bbc6f692c43fcb108f6422530a6f69e9b5e2300e79f598d,9514155e2a010923f6916d7efd9f10b52d0ba63ccf71ab0531e40b62225dffee,a80ab9f148fda9553c5482725e99554caed9259e27e4600afa007faa616f4c7b
AMD Part1/AMD (35).E2E/2- 25- 2017 9- 00- 52 PM/Image 2,/kaggle/input/aether-oct5k-pilot/Images/Images_Manual/AMD Part1/AMD (35).E2E/2- 25- 2017 9- 00- 52 PM/Image 2.png,/kaggle/input/aether-oct5k-pilot/Masks/Masks_Manual/Grading_1/AMD Part1/AMD (35).E2E/2- 25- 2017 9- 00- 52 PM/Image 2.png,AMD Part1,train,6ce44caffc1417ccd0a241ab783fa7101fdb0e7e360f8ad3d454a055e730b89c,12e64713b07258059bff06489870491a51843b5aab394817ad7a22f736c00afe,08b7cb1f694c28fde48bc288a20dcacaab6f6f5ab9201af729ca8e6d31299982
AMD Part1/AMD (35).E2E/2- 25- 2017 9- 00- 52 PM/Image 22,/kaggle/input/aether-oct5k-pilot/Images/Images_Manual/AMD Part1/AMD (35).E2E/2- 25- 2017 9- 00- 52 PM/Image 22.png,/kaggle/input/aether-oct5k-pilot/Masks/Masks_Manual/Grading_1/AMD Part1/AMD (35).E2E/2- 25- 2017 9- 00- 52 PM/Image 22.png,AMD Part1,train,725ad61fd02a257bdb067a685a16b3b3932c6a5f0ef2227fed908b2cb71f1b2c,216f130e41bd4cc54b9368f2c622dbe663b21c03b121abce7fb58bd803337a61,cb22cd9aace210b014261a595e41acf401745c7dab14a6875afef4cf25f836d0
Normal Part1/Normal (12).E2E/2- 26- 2017 9- 23- 28 AM/Image 2,/kaggle/input/aether-oct5k-pilot/Images/Images_Manual/Normal Part1/Normal (12).E2E/2- 26- 2017 9- 23- 28 AM/Image 2.png,/kaggle/input/aether-oct5k-pilot/Masks/Masks_Manual/Grading_1/Normal Part1/Normal (12).E2E/2- 26- 2017 9- 23- 28 AM/Image 2.png,Normal Part1,train,1001147c6ec92bc7ab216b7b340186805661e9f9738cb3a1451e5b65eb607dd4,5396aa288b502e95641cdc0d40cf350bae28a980698d56e9ebe35f7f019a20e5,23130656b58844abbde5b16a216d654f72dd95d1a8f08a976d5078ad38884f0e
Normal Part1/Normal (25).E2E/2- 26- 2017 9- 42- 47 AM/Image 24,/kaggle/input/aether-oct5k-pilot/Images/Images_Manual/Normal Part1/Normal (25).E2E/2- 26- 2017 9- 42- 47 AM/Image 24.png,/kaggle/input/aether-oct5k-pilot/Masks/Masks_Manual/Grading_1/Normal Part1/Normal (25).E2E/2- 26- 2017 9- 42- 47 AM/Image 24.png,Normal Part1,train,c4e1a9b9895117a74ade391242d397827db84c93932fc7347fd14654d33c70dd,ddccd0589361878dfff9703df8e84e6a137c9be0deb8168149b8cf55ef496018,335a9f7cd1c89a7d24d98d8481e66dca4a9e730466078ea6ae6536880b80fbeb
Normal Part1/Normal (6).E2E/2- 26- 2017 9- 12- 11 AM/Image 8,/kaggle/input/aether-oct5k-pilot/Images/Images_Manual/Normal Part1/Normal (6).E2E/2- 26- 2017 9- 12- 11 AM/Image 8.png,/kaggle/input/aether-oct5k-pilot/Masks/Masks_Manual/Grading_1/Normal Part1/Normal (6).E2E/2- 26- 2017 9- 12- 11 AM/Image 8.png,Normal Part1,train,b369fb1d198dd6e53a743299cadc4eeb8fab632bc6383d153de9c219ec4605ed,ddb027b05bc46c0b63ba1c854fa12dfda9e20375f4d016ce046b36bb29d24ce1,c54306ad32af35273291b2ccc588eb49196c44261a5ee24449fced833084c630
DME/DME (14).E2E/2- 25- 2017 9- 51- 49 PM/Image 4,/kaggle/input/aether-oct5k-pilot/Images/Images_Manual/DME/DME (14).E2E/2- 25- 2017 9- 51- 49 PM/Image 4.png,/kaggle/input/aether-oct5k-pilot/Masks/Masks_Manual/Grading_1/DME/DME (14).E2E/2- 25- 2017 9- 51- 49 PM/Image 4.png,DME,train,9298bebaeb8dfd7143c2ae8f776134237df1df81676876cd9ae704bb5e586ca4,d971b0fe46272aab08ce799ad16a5869fb7e60a9e905d3e5cb0f55e36d595c9e,b0caedb2bac78c9f762d2889f0e0aff8ea886006006df3f973dbd44b627a6dcf
DME/DME (9).E2E/2- 25- 2017 9- 45- 28 PM/Image 59,/kaggle/input/aether-oct5k-pilot/Images/Images_Manual/DME/DME (9).E2E/2- 25- 2017 9- 45- 28 PM/Image 59.png,/kaggle/input/aether-oct5k-pilot/Masks/Masks_Manual/Grading_1/DME/DME (9).E2E/2- 25- 2017 9- 45- 28 PM/Image 59.png,DME,train,340c4fb53860d43208aaae1286142dba2772c4e645ecea2c6dcd17776d293c94,9a4f2fc9c48a0d857ce91ecd4c0ee0156c40dff04da31d16ce9f15a6ccff31cd,938c4d26ebe30532d18877b6b40b04c23a4daa9a27082687dd47a6eeb45581ac
DME/DME (33).E2E/2- 25- 2017 10- 21- 00 PM/Image 5,/kaggle/input/aether-oct5k-pilot/Images/Images_Manual/DME/DME (33).E2E/2- 25- 2017 10- 21- 00 PM/Image 5.png,/kaggle/input/aether-oct5k-pilot/Masks/Masks_Manual/Grading_1/DME/DME (33).E2E/2- 25- 2017 10- 21- 00 PM/Image 5.png,DME,train,50d6a061e4bb4f429630562870e3c55734145e46097db45b9341c9e3a5679be0,021a7fe422595a19278f0935c07daf45a29c1a472e94117eba91b2da576c4fde,d5c1764ffd952fae852f6417b4651a4b3ffbece192ce25da3345d9158f1f3983
Normal Part2/Normal (47).E2E/2- 26- 2017 10- 21- 43 AM/Image 23,/kaggle/input/aether-oct5k-pilot/Images/Images_Manual/Normal Part2/Normal (47).E2E/2- 26- 2017 10- 21- 43 AM/Image 23.png,/kaggle/input/aether-oct5k-pilot/Masks/Masks_Manual/Grading_1/Normal Part2/Normal (47).E2E/2- 26- 2017 10- 21- 43 AM/Image 23.png,Normal Part2,train,82f4284276e287aedd43164a3d360e9eef48b82f82cdecd1bd69fe1c65a45932,df22be5823684146ba63f90e8b5acb4ea15e56bf800dc34fc8f2c8af43509839,1104903e6095bcee01baddf4573bf68ef9eb82291e5ffa4df0b8ac07d58126b7
Normal Part2/Normal (47).E2E/2- 26- 2017 10- 21- 43 AM/Image 57,/kaggle/input/aether-oct5k-pilot/Images/Images_Manual/Normal Part2/Normal (47).E2E/2- 26- 2017 10- 21- 43 AM/Image 57.png,/kaggle/input/aether-oct5k-pilot/Masks/Masks_Manual/Grading_1/Normal Part2/Normal (47).E2E/2- 26- 2017 10- 21- 43 AM/Image 57.png,Normal Part2,train,17eb8c0e4c7ac1d894e989a454acedd81b44043cfca1621a2a1ab219c9034d06,0bd56c56fea5c991641a515367af8298c0363f4e0b0718d38cec44eb91de5d90,0dfadb3d5c40fd117492ce1cd80a5bdb4ae26048313a62a28b68ee8e20a08e7d
AMD Part1/AMD (13).E2E/2- 25- 2017 4- 48- 43 PM/Image 40,/kaggle/input/aether-oct5k-pilot/Images/Images_Manual/AMD Part1/AMD (13).E2E/2- 25- 2017 4- 48- 43 PM/Image 40.png,/kaggle/input/aether-oct5k-pilot/Masks/Masks_Manual/Grading_1/AMD Part1/AMD (13).E2E/2- 25- 2017 4- 48- 43 PM/Image 40.png,AMD Part1,train,31417ed62327e38267dcca3c1dd2f1d918a69955d8b63e50c583a8aca15fa580,7aae824893b8f0d2010b27f33d8ae2c9001503bc180c4b6f8bf0c73d206be6f5,c38decad6b2e616186573ac3806d15ab6c23935a91a3c147ab742e02f79d8f8d
DME/DME (22).E2E/2- 25- 2017 10- 03- 04 PM/Image 3,/kaggle/input/aether-oct5k-pilot/Images/Images_Manual/DME/DME (22).E2E/2- 25- 2017 10- 03- 04 PM/Image 3.png,/kaggle/input/aether-oct5k-pilot/Masks/Masks_Manual/Grading_1/DME/DME (22).E2E/2- 25- 2017 10- 03- 04 PM/Image 3.png,DME,train,06c58cd90f3326f217306b04dd5a2a471858b51a7fcee1e55bdd15474c26bfb6,6342e338c4469296568e8e06a818e8e045ec5f1dfb498ce5b09dc848fee205c5,cd474ad014d88e46617afe9240dc33603a539067b129e675c1f8886d59debd1d
AMD Part1/AMD (3).E2E/2- 25- 2017 9- 13- 55 PM/Image 5,/kaggle/input/aether-oct5k-pilot/Images/Images_Manual/AMD Part1/AMD (3).E2E/2- 25- 2017 9- 13- 55 PM/Image 5.png,/kaggle/input/aether-oct5k-pilot/Masks/Masks_Manual/Grading_1/AMD Part1/AMD (3).E2E/2- 25- 2017 9- 13- 55 PM/Image 5.png,AMD Part1,train,ec395ca2080492e9450c3e733c83615c5be558c4e71d9a35eb012bb410e45da2,4d3e8d0b07f2580465dca53a19914e66363d5bba92ee4d4428920d7cd1831c2f,84fb5b14dd4c691aacbbc36c48f96f49464ab93f3a413780dc1e7e59533d8297
AMD Part1/AMD (34).E2E/2- 25- 2017 8- 59- 29 PM/Image 27,/kaggle/input/aether-oct5k-pilot/Images/Images_Manual/AMD Part1/AMD (34).E2E/2- 25- 2017 8- 59- 29 PM/Image 27.png,/kaggle/input/aether-oct5k-pilot/Masks/Masks_Manual/Grading_1/AMD Part1/AMD (34).E2E/2- 25- 2017 8- 59- 29 PM/Image 27.png,AMD Part1,train,5edf42135a8e2df4306e2626e77076658c9782d82d79c0acf5cf5757519e2872,bdf9c1408b5efc34fe1bada44ebcb83f7a216c0b5dd51546d2964e0fe64e2f14,248967553f8b04c78e7c5ba424f8296268d8f17115bb3878d51b9abce9d56e44
AMD Part1/AMD (26).E2E/2- 25- 2017 5- 23- 01 PM/Image 18,/kaggle/input/aether-oct5k-pilot/Images/Images_Manual/AMD Part1/AMD (26).E2E/2- 25- 2017 5- 23- 01 PM/Image 18.png,/kaggle/input/aether-oct5k-pilot/Masks/Masks_Manual/Grading_1/AMD Part1/AMD (26).E2E/2- 25- 2017 5- 23- 01 PM/Image 18.png,AMD Part1,train,58a646f41257cb94a5fc82a197bd320cec364b4f28cf9db13ac3888daf5c7a31,3c2501ed56c08aefe1c6987b21b36db99c1bfe5a52e1078b9a13bd0687fff356,040c3b85c95fcbab696dfc622d9dc776261d4bc95133b1be016af5f638b351a8
AMD Part1/AMD (3).E2E/2- 25- 2017 9- 13- 55 PM/Image 37,/kaggle/input/aether-oct5k-pilot/Images/Images_Manual/AMD Part1/AMD (3).E2E/2- 25- 2017 9- 13- 55 PM/Image 37.png,/kaggle/input/aether-oct5k-pilot/Masks/Masks_Manual/Grading_1/AMD Part1/AMD (3).E2E/2- 25- 2017 9- 13- 55 PM/Image 37.png,AMD Part1,train,d9eb1865eef1c81e8adff0328922345272209e519c5bd20ba1598b7178e964c0,3d64a4fa6ec457c792e40c178a44e4dd0d5b5900fa6da992b6f82d93f81cb573,b493468cc8540fd236f093aa0f44e29a2998fd4609b671e82ff900bb28356aef
AMD Part1/AMD (26).E2E/2- 25- 2017 5- 23- 01 PM/Image 44,/kaggle/input/aether-oct5k-pilot/Images/Images_Manual/AMD Part1/AMD (26).E2E/2- 25- 2017 5- 23- 01 PM/Image 44.png,/kaggle/input/aether-oct5k-pilot/Masks/Masks_Manual/Grading_1/AMD Part1/AMD (26).E2E/2- 25- 2017 5- 23- 01 PM/Image 44.png,AMD Part1,train,6569bfad1bb020dda2bb79d60779b9da826675faa148a7d91ebdbc6d92b71db5,079bdf0ecb8db758976f90a9b90c4381cdbf05ac5cac2682947f7ff2f5a4b751,c24d816f65837141718a0762e38b2d44453d46fbab2e64466535014b521a3823
Normal Part2/Normal (37).E2E/2- 26- 2017 10- 05- 11 AM/Image 7,/kaggle/input/aether-oct5k-pilot/Images/Images_Manual/Normal Part2/Normal (37).E2E/2- 26- 2017 10- 05- 11 AM/Image 7.png,/kaggle/input/aether-oct5k-pilot/Masks/Masks_Manual/Grading_1/Normal Part2/Normal (37).E2E/2- 26- 2017 10- 05- 11 AM/Image 7.png,Normal Part2,train,8f6e57feaaec63c472e2b935be7745a38d132cd8a6b11aeac793cdec88868404,896a155d825a8781bfde5ae0b5289d74a13ee526c11e44f282b0bd76c5c4cea7,8a513771b4a415008f5a21aaea4ab81c1866dcf1a08ff87849264f6864132a60
Normal Part1/Normal (26).E2E/2- 26- 2017 9- 44- 13 AM/Image 17,/kaggle/input/aether-oct5k-pilot/Images/Images_Manual/Normal Part1/Normal (26).E2E/2- 26- 2017 9- 44- 13 AM/Image 17.png,/kaggle/input/aether-oct5k-pilot/Masks/Masks_Manual/Grading_1/Normal Part1/Normal (26).E2E/2- 26- 2017 9- 44- 13 AM/Image 17.png,Normal Part1,train,933a3dff20c4290b8bcc646558c13db20280f23576758f84cb0e872d2bbec103,08f8fb5b1c8275fc0df2862989a5df33dbebc426a016d59b6d076fd2db9c6eb2,7decda5ee051c430533f7ba3ded3148d7a3e30036f0ba9ba8258a1cf4963ceb8
Normal Part2/Normal (39).E2E/2- 26- 2017 10- 08- 18 AM/Image 8,/kaggle/input/aether-oct5k-pilot/Images/Images_Manual/Normal Part2/Normal (39).E2E/2- 26- 2017 10- 08- 18 AM/Image 8.png,/kaggle/input/aether-oct5k-pilot/Masks/Masks_Manual/Grading_1/Normal Part2/Normal (39).E2E/2- 26- 2017 10- 08- 18 AM/Image 8.png,Normal Part2,train,2e2e877869fb275fa7362412f267a7959c7899bc6945f340029e2daae3b0244f,60471fcfc731b58d37ddce6ccabbf285b5abacd628bf14d77275765c154ac7ff,00c7593348eab8b724e29a1374d356ab580fe3da2f3a0f91fb821e667ed77df9
AMD Part1/AMD (13).E2E/2- 25- 2017 4- 48- 43 PM/Image 18,/kaggle/input/aether-oct5k-pilot/Images/Images_Manual/AMD Part1/AMD (13).E2E/2- 25- 2017 4- 48- 43 PM/Image 18.png,/kaggle/input/aether-oct5k-pilot/Masks/Masks_Manual/Grading_1/AMD Part1/AMD (13).E2E/2- 25- 2017 4- 48- 43 PM/Image 18.png,AMD Part1,train,1277be6374bb937229ed925e28f89eee4dfff11e631684cc254c8e67cd8bfdba,5e3bc4f523484bb9adaadb75c0a0127404ec347a10f9237b84f7b0d708a2a477,e0531d0c308614ec1d352d5fb199c7e4b97a208bc775f1172d2384889c17383d
AMD Part1/AMD (28).E2E/2- 25- 2017 8- 37- 13 PM/Image 11,/kaggle/input/aether-oct5k-pilot/Images/Images_Manual/AMD Part1/AMD (28).E2E/2- 25- 2017 8- 37- 13 PM/Image 11.png,/kaggle/input/aether-oct5k-pilot/Masks/Masks_Manual/Grading_1/AMD Part1/AMD (28).E2E/2- 25- 2017 8- 37- 13 PM/Image 11.png,AMD Part1,train,c596e05e43f717c694bdf12423dac67cfd3afa3488644e7f3dbf47016089867f,f4f6a433c95db595e9cb31ad05bfbb8a704543287f91b7a9fc2a04f42dc69064,15e8c0fc171232aefb473d20e35bb6e9ade8b750bdb0986ee659740758f3cd82
AMD Part1/AMD (26).E2E/2- 25- 2017 5- 23- 01 PM/Image 7,/kaggle/input/aether-oct5k-pilot/Images/Images_Manual/AMD Part1/AMD (26).E2E/2- 25- 2017 5- 23- 01 PM/Image 7.png,/kaggle/input/aether-oct5k-pilot/Masks/Masks_Manual/Grading_1/AMD Part1/AMD (26).E2E/2- 25- 2017 5- 23- 01 PM/Image 7.png,AMD Part1,train,c57b7976e510001fc7158cb89a295db3459cf60ff2a6d81e78035411b1ffc0ad,91aa9e0fa3e321fcc99ab16f670db51f8bccb74311780bb69b183c8cd4a7ea80,0047ef107b33f3dd48858144b9133dbf95cba2541ff7a43fb73da3ad4f032ae8
AMD Part1/AMD (3).E2E/2- 25- 2017 9- 13- 55 PM/Image 2,/kaggle/input/aether-oct5k-pilot/Images/Images_Manual/AMD Part1/AMD (3).E2E/2- 25- 2017 9- 13- 55 PM/Image 2.png,/kaggle/input/aether-oct5k-pilot/Masks/Masks_Manual/Grading_1/AMD Part1/AMD (3).E2E/2- 25- 2017 9- 13- 55 PM/Image 2.png,AMD Part1,train,0eb0b84694d39e9fba4d8a45a0e5dd338512c000f1a78420aed05a99f7351b20,616f13eead52e81bf9d2c5aa79dcd7b7410a52564dd0342d42d7b02995210dab,238c018877fd0215cef569b473bea87e531887f98cc1598c6ad3a028f81f0032
AMD Part1/AMD (22).E2E/2- 25- 2017 5- 11- 45 PM/Image 51,/kaggle/input/aether-oct5k-pilot/Images/Images_Manual/AMD Part1/AMD (22).E2E/2- 25- 2017 5- 11- 45 PM/Image 51.png,/kaggle/input/aether-oct5k-pilot/Masks/Masks_Manual/Grading_1/AMD Part1/AMD (22).E2E/2- 25- 2017 5- 11- 45 PM/Image 51.png,AMD Part1,train,4fa663e4fcdd951365896279c45b493ea802bd20436c1f8e6136b2f9edb936d8,22b7059c298c52b110d7964950a8ea72208a0894718c7da42f21e3f47565d721,a0e657878279d3e18a85ad4208f827d1ee3057b670461c8b29c906e353f7894f
AMD Part1/AMD (22).E2E/2- 25- 2017 5- 11- 45 PM/Image 29,/kaggle/input/aether-oct5k-pilot/Images/Images_Manual/AMD Part1/AMD (22).E2E/2- 25- 2017 5- 11- 45 PM/Image 29.png,/kaggle/input/aether-oct5k-pilot/Masks/Masks_Manual/Grading_1/AMD Part1/AMD (22).E2E/2- 25- 2017 5- 11- 45 PM/Image 29.png,AMD Part1,train,db5195085448868ddfb67912dc4cee48f8de4f372b2ff7ad8be54ca29c2828d3,06f5a04e71779add19bf583ff561053e61da2bac3654e5426df1a680bc9dff27,cf7cb4691572ab2ec9ea3c37f1187281160801499743ecbca58777979d2c82fc
Normal Part2/Normal (34).E2E/2- 26- 2017 10- 01- 13 AM/Image 8,/kaggle/input/aether-oct5k-pilot/Images/Images_Manual/Normal Part2/Normal (34).E2E/2- 26- 2017 10- 01- 13 AM/Image 8.png,/kaggle/input/aether-oct5k-pilot/Masks/Masks_Manual/Grading_1/Normal Part2/Normal (34).E2E/2- 26- 2017 10- 01- 13 AM/Image 8.png,Normal Part2,train,3a655027edbb87e3376b998f7da257cb6a039b15f62189f274cc4989b2ceb508,9c9eb571147f3e595a83554a7167fcbc75f07ffc1513a9744257d510ac1a9bcb,400693baef1d42fc5273226a1ceb4400dcb09f526f9a34faec094e223008ee1a
AMD Part1/AMD (11).E2E/2- 25- 2017 4- 44- 26 PM/Image 10,/kaggle/input/aether-oct5k-pilot/Images/Images_Manual/AMD Part1/AMD (11).E2E/2- 25- 2017 4- 44- 26 PM/Image 10.png,/kaggle/input/aether-oct5k-pilot/Masks/Masks_Manual/Grading_1/AMD Part1/AMD (11).E2E/2- 25- 2017 4- 44- 26 PM/Image 10.png,AMD Part1,train,accd4278bf4720eaebcd70f5cc469836b6645104bc90276a297587e9dd689c3c,661594430da9441792c9fdd25b6cde480c28ae189b4c978d66ff3073dc28146b,1118e0605de97582058897f1343f0f3851c9550116c60d07be5cd704fcb08caf
AMD Part1/AMD (26).E2E/2- 25- 2017 5- 23- 01 PM/Image 45,/kaggle/input/aether-oct5k-pilot/Images/Images_Manual/AMD Part1/AMD (26).E2E/2- 25- 2017 5- 23- 01 PM/Image 45.png,/kaggle/input/aether-oct5k-pilot/Masks/Masks_Manual/Grading_1/AMD Part1/AMD (26).E2E/2- 25- 2017 5- 23- 01 PM/Image 45.png,AMD Part1,train,cff8ee8287e0b6bc5cb92306a78888e8a679fb3d6f8c0c4a94c54d6e06dca7e4,8152236ebcdb28356e2a8e2610119939ca8e4c2b18ff9122d8c2d2274ffbb28a,38708c09384d787719a59c9b884be533a101b4910733b00395d7de4f78b68a58
Normal Part1/Normal (25).E2E/2- 26- 2017 9- 42- 47 AM/Image 14,/kaggle/input/aether-oct5k-pilot/Images/Images_Manual/Normal Part1/Normal (25).E2E/2- 26- 2017 9- 42- 47 AM/Image 14.png,/kaggle/input/aether-oct5k-pilot/Masks/Masks_Manual/Grading_1/Normal Part1/Normal (25).E2E/2- 26- 2017 9- 42- 47 AM/Image 14.png,Normal Part1,train,4dcb7c4310e7745ae08a7604172bdc0554ee5993fc13c87f83d86b151647080d,cc8592e46d4015c3f7b9254d1cf898e1a5b91f6857a984e45daf920be124ca38,90fd4713024080c27865f0b29263feb3685417ce68f0739646767cb415de12b5
DME/DME (4).E2E/2- 25- 2017 9- 38- 17 PM/Image 13,/kaggle/input/aether-oct5k-pilot/Images/Images_Manual/DME/DME (4).E2E/2- 25- 2017 9- 38- 17 PM/Image 13.png,/kaggle/input/aether-oct5k-pilot/Masks/Masks_Manual/Grading_1/DME/DME (4).E2E/2- 25- 2017 9- 38- 17 PM/Image 13.png,DME,train,f4b685986e18f5bb45cc927ecceb48005c85224f2cb4fb7d4529f234a5f33e31,395f7027bbc14c48e736dc0267e3a42967bfd80d61d8a9a8ef64ac082015b8a3,db19f239114b03ece46dbe3020fe2570ebdb6c559265e626288bfee987851b15
AMD Part1/AMD (34).E2E/2- 25- 2017 8- 59- 29 PM/Image 12,/kaggle/input/aether-oct5k-pilot/Images/Images_Manual/AMD Part1/AMD (34).E2E/2- 25- 2017 8- 59- 29 PM/Image 12.png,/kaggle/input/aether-oct5k-pilot/Masks/Masks_Manual/Grading_1/AMD Part1/AMD (34).E2E/2- 25- 2017 8- 59- 29 PM/Image 12.png,AMD Part1,train,1fb6b7e05aae7528f1bd8b1b81ab9a8227b8265e5112145cfe3a28ff83c89697,f3e9cbf1cbfbed06be13e482ece24119ff257ccb70ebec55357942205933c2bf,70131c6da9996bab01c31dbdcb5a5be310fc5cdafb7fffec3fbc431df8bc95e8
DME/DME (28).E2E/2- 25- 2017 10- 12- 57 PM/Image 15,/kaggle/input/aether-oct5k-pilot/Images/Images_Manual/DME/DME (28).E2E/2- 25- 2017 10- 12- 57 PM/Image 15.png,/kaggle/input/aether-oct5k-pilot/Masks/Masks_Manual/Grading_1/DME/DME (28).E2E/2- 25- 2017 10- 12- 57 PM/Image 15.png,DME,train,877c252c75a743a30bd79027ec04b740df6bd50daf7d89962fdd62e19ecfe720,89ba830a02b20cdaa88a7c399139cf4d84ed60ba81bc6b0c31b26d0ae8414e4e,e27c6652b8f359c15c78ee8a51643c62eb5b36966d102426e7c505869593863e
DME/DME (4).E2E/2- 25- 2017 9- 38- 17 PM/Image 14,/kaggle/input/aether-oct5k-pilot/Images/Images_Manual/DME/DME (4).E2E/2- 25- 2017 9- 38- 17 PM/Image 14.png,/kaggle/input/aether-oct5k-pilot/Masks/Masks_Manual/Grading_1/DME/DME (4).E2E/2- 25- 2017 9- 38- 17 PM/Image 14.png,DME,train,041177e80120ac167b862f69d94712db47a081ff682f75b45a84a0be3c3343ee,e4915b5917337b7bf5b3dcbb1d0765d7bd98418572949c8524ddb40a3fc0bc93,5926b1c2f04368f27216e49e5adbc56704d3220ec4294ca13157d5729bc609a1
Normal Part2/Normal (49).E2E/2- 26- 2017 10- 23- 58 AM/Image 18,/kaggle/input/aether-oct5k-pilot/Images/Images_Manual/Normal Part2/Normal (49).E2E/2- 26- 2017 10- 23- 58 AM/Image 18.png,/kaggle/input/aether-oct5k-pilot/Masks/Masks_Manual/Grading_1/Normal Part2/Normal (49).E2E/2- 26- 2017 10- 23- 58 AM/Image 18.png,Normal Part2,train,00829c055c42c10f385bdfa6b7ee8e09d9fa2beaa8a03993b9c3cc4bddf2dd83,a0258c9ef9f99d7991a3613326a575509712fdb211cf72425e73fc74d5c23f93,8035dde3c76cdf568a8b4120c7b1dfe4d5e77d353ce181c4c7705b273b5c4b1a
Normal Part2/Normal (40).E2E/2- 26- 2017 10- 10- 37 AM/Image 3,/kaggle/input/aether-oct5k-pilot/Images/Images_Manual/Normal Part2/Normal (40).E2E/2- 26- 2017 10- 10- 37 AM/Image 3.png,/kaggle/input/aether-oct5k-pilot/Masks/Masks_Manual/Grading_1/Normal Part2/Normal (40).E2E/2- 26- 2017 10- 10- 37 AM/Image 3.png,Normal Part2,train,552ac28d815135472cbcf5f9b2240ae9788d009feeaf751240b47c02d362156e,c5f95530998a77af10df326c8fb85423a323a971a1ace94575011634b69f838a,5687f1ce22819469e4daf4d18fd757d4db4db7ecc6d9c8508f2a8878712c5442
DME/DME (31).E2E/2- 25- 2017 10- 17- 51 PM/Image 14,/kaggle/input/aether-oct5k-pilot/Images/Images_Manual/DME/DME (31).E2E/2- 25- 2017 10- 17- 51 PM/Image 14.png,/kaggle/input/aether-oct5k-pilot/Masks/Masks_Manual/Grading_1/DME/DME (31).E2E/2- 25- 2017 10- 17- 51 PM/Image 14.png,DME,train,6bb703b4ba73a61da5cf56ff6678c79bdf47458a6b86489c53d0a59f20e31d5e,981142cd435b391377b27ba0ba64540534a9c4bd1b921af8e3c1d26cc53b06ff,1665938ccdbcbf4e6b548a361f7ee5bfeaeed7f6b15780ee79c0e2a89feeeb3e
AMD Part1/AMD (22).E2E/2- 25- 2017 5- 11- 45 PM/Image 31,/kaggle/input/aether-oct5k-pilot/Images/Images_Manual/AMD Part1/AMD (22).E2E/2- 25- 2017 5- 11- 45 PM/Image 31.png,/kaggle/input/aether-oct5k-pilot/Masks/Masks_Manual/Grading_1/AMD Part1/AMD (22).E2E/2- 25- 2017 5- 11- 45 PM/Image 31.png,AMD Part1,train,1567dd04c536f6c74bd777d05213937eac8d03d4cafba2823d2ae1662968bd5b,5a2f23e1d5300558ec293e7fb0614d6447c3fb016051f2ba413c147b31469ae1,1adfa6b39a9cc50831ba0a2f97f364cade01fe108d13b598f749f9d7cc174437
AMD Part1/AMD (13).E2E/2- 25- 2017 4- 48- 43 PM/Image 42,/kaggle/input/aether-oct5k-pilot/Images/Images_Manual/AMD Part1/AMD (13).E2E/2- 25- 2017 4- 48- 43 PM/Image 42.png,/kaggle/input/aether-oct5k-pilot/Masks/Masks_Manual/Grading_1/AMD Part1/AMD (13).E2E/2- 25- 2017 4- 48- 43 PM/Image 42.png,AMD Part1,train,0a5831dc9396bc94441847639a371700cbe7b2fc6033139bbbe2880647faff67,ff65ad8c588464b15ad743b0b8ff0a08ce94a26062ce055d5ba2a3ad2b734605,2e382d5fc06fe3a449a7f0de8c6a575d9234beece37d9e9878ffc069c4a7cfce
Normal Part1/Normal (6).E2E/2- 26- 2017 9- 12- 11 AM/Image 18,/kaggle/input/aether-oct5k-pilot/Images/Images_Manual/Normal Part1/Normal (6).E2E/2- 26- 2017 9- 12- 11 AM/Image 18.png,/kaggle/input/aether-oct5k-pilot/Masks/Masks_Manual/Grading_1/Normal Part1/Normal (6).E2E/2- 26- 2017 9- 12- 11 AM/Image 18.png,Normal Part1,train,06afa74f99dc7f2e669ce734d912c98f192428b991274d1fbcb6a3493cd69509,76c73078be898459b77e2601efe54d7b2c09a3aae4419d8bb292f7b76982bfca,3f143b27f19a0bfc1daeeedbde16ba491af81846bf8450d71d3e0d6f3fb9a8ed
AMD Part1/AMD (3).E2E/2- 25- 2017 9- 13- 55 PM/Image 12,/kaggle/input/aether-oct5k-pilot/Images/Images_Manual/AMD Part1/AMD (3).E2E/2- 25- 2017 9- 13- 55 PM/Image 12.png,/kaggle/input/aether-oct5k-pilot/Masks/Masks_Manual/Grading_1/AMD Part1/AMD (3).E2E/2- 25- 2017 9- 13- 55 PM/Image 12.png,AMD Part1,train,d524e16d161ed88a24af39390ad6e6335e6297eb84632ee6cc65bd8417a067ea,8760a64ce9ece23f254fc7133a0e4b2154d20b1e5e816bd7fa2c62f9ebc8c9da,1158812add3d3d51fbaf0d75c09f37978b698c34bcd0f28e6e8e3d3af04062a9
AMD Part1/AMD (22).E2E/2- 25- 2017 5- 11- 45 PM/Image 43,/kaggle/input/aether-oct5k-pilot/Images/Images_Manual/AMD Part1/AMD (22).E2E/2- 25- 2017 5- 11- 45 PM/Image 43.png,/kaggle/input/aether-oct5k-pilot/Masks/Masks_Manual/Grading_1/AMD Part1/AMD (22).E2E/2- 25- 2017 5- 11- 45 PM/Image 43.png,AMD Part1,train,1e9b251325f9e698af1488a838b3e60c35ac3a358a27753b5ff396433f2e5833,fc2e6af822085b557c1edc71d5df38d635d99855181b9691b26bcaffe4344583,284fafe3410c3a79cdf085af50b9e53452e55883484eba7df6094a269786aec9
AMD Part1/AMD (13).E2E/2- 25- 2017 4- 48- 43 PM/Image 51,/kaggle/input/aether-oct5k-pilot/Images/Images_Manual/AMD Part1/AMD (13).E2E/2- 25- 2017 4- 48- 43 PM/Image 51.png,/kaggle/input/aether-oct5k-pilot/Masks/Masks_Manual/Grading_1/AMD Part1/AMD (13).E2E/2- 25- 2017 4- 48- 43 PM/Image 51.png,AMD Part1,train,9671a51c85c4ca44b46bacf27007fe85f3749e1669c7117fbf7b82dd71c2864f,3552e5b9ed97a30146f79f68ea6bc29f3ef3490a08f211cedfdb77bab5d98802,003927a22002e30141a3ef044ad16b22e127cef9af757c7bf4d2f0b058be6279
DME/DME (35).E2E/2- 25- 2017 10- 23- 21 PM/Image 7,/kaggle/input/aether-oct5k-pilot/Images/Images_Manual/DME/DME (35).E2E/2- 25- 2017 10- 23- 21 PM/Image 7.png,/kaggle/input/aether-oct5k-pilot/Masks/Masks_Manual/Grading_1/DME/DME (35).E2E/2- 25- 2017 10- 23- 21 PM/Image 7.png,DME,train,08a638ad47db0840fc1485cf6a63d660ab90343bf0ad0ae2a5c3e5aca5d1a6f3,bf17b0a9fd09eca59d3ce33edd3d43e4d89c1c7b789b316645792c20441f015e,8867f7bc97022136077ff5bdbb6d43fc0bad7eb191e139660ee7acf91f997d46
Normal Part2/Normal (47).E2E/2- 26- 2017 10- 21- 43 AM/Image 55,/kaggle/input/aether-oct5k-pilot/Images/Images_Manual/Normal Part2/Normal (47).E2E/2- 26- 2017 10- 21- 43 AM/Image 55.png,/kaggle/input/aether-oct5k-pilot/Masks/Masks_Manual/Grading_1/Normal Part2/Normal (47).E2E/2- 26- 2017 10- 21- 43 AM/Image 55.png,Normal Part2,train,3d01a972831832018e1025da59818d10babd66062a1f80d41c8bdb25fde52265,43271ce3d64a9badc7c76617e478f631c035ae8852a8b4716997e1baee835574,ccdd5e5eb527215940a8e14153b95e950109f2800ce9ebeb726f8e41c9a4cb88
Normal Part1/Normal (25).E2E/2- 26- 2017 9- 42- 47 AM/Image 35,/kaggle/input/aether-oct5k-pilot/Images/Images_Manual/Normal Part1/Normal (25).E2E/2- 26- 2017 9- 42- 47 AM/Image 35.png,/kaggle/input/aether-oct5k-pilot/Masks/Masks_Manual/Grading_1/Normal Part1/Normal (25).E2E/2- 26- 2017 9- 42- 47 AM/Image 35.png,Normal Part1,train,0469b9023dd2f1ff3d1ee362c61d89938a1e57196aefab9230dadb957acfcc20,d6c60f5a9d12fe3bcf7f2ef2767c6818cd52b486d3e8819454f3d28844f0185e,8b9dd8e710284985033d41d054b546e2418b3754fd3c43f8b0fd6774475a2164
DME/DME (28).E2E/2- 25- 2017 10- 12- 57 PM/Image 6,/kaggle/input/aether-oct5k-pilot/Images/Images_Manual/DME/DME (28).E2E/2- 25- 2017 10- 12- 57 PM/Image 6.png,/kaggle/input/aether-oct5k-pilot/Masks/Masks_Manual/Grading_1/DME/DME (28).E2E/2- 25- 2017 10- 12- 57 PM/Image 6.png,DME,train,98fea446cbb2022ce35de6ebe46175cddd6c35ed7ca0bd4fdda99debfb2ff4d5,c35e448b9c8cadacad8ac174761a3904f36d2bab5325a33aa2716a9c063a416a,bec72d43e48731f8df5ebb34ec488eb03b90867a48ac817050e643f6aa6ed012
DME/DME (7).E2E/2- 25- 2017 9- 42- 34 PM/Image 2,/kaggle/input/aether-oct5k-pilot/Images/Images_Manual/DME/DME (7).E2E/2- 25- 2017 9- 42- 34 PM/Image 2.png,/kaggle/input/aether-oct5k-pilot/Masks/Masks_Manual/Grading_1/DME/DME (7).E2E/2- 25- 2017 9- 42- 34 PM/Image 2.png,DME,train,78a738a57f9565c76eb1e8ad3223c776487448cad3bafbf2edc8d6b7a6afe648,84323c66922cd9d7316fc085ed44b34bbde3b64a562603830658e786f84548b8,981633b89411dc0807368c90f66720339c069895ec00b6404f24857ce3dea8c6
Normal Part2/Normal (49).E2E/2- 26- 2017 10- 23- 58 AM/Image 8,/kaggle/input/aether-oct5k-pilot/Images/Images_Manual/Normal Part2/Normal (49).E2E/2- 26- 2017 10- 23- 58 AM/Image 8.png,/kaggle/input/aether-oct5k-pilot/Masks/Masks_Manual/Grading_1/Normal Part2/Normal (49).E2E/2- 26- 2017 10- 23- 58 AM/Image 8.png,Normal Part2,train,f4182281f21765bf83b247d7ce80bc9d98645c0016e5afb9402bf069b118f253,ec8ab30102c227b40365a4a9b6fd16dce243ecbf195ac3657e263d4747ab28a1,303f61d0e2d1abd623e76d8cfc2cef2494f83d400d0fb4a731f5faf80d40f12a
DME/DME (22).E2E/2- 25- 2017 10- 03- 04 PM/Image 9,/kaggle/input/aether-oct5k-pilot/Images/Images_Manual/DME/DME (22).E2E/2- 25- 2017 10- 03- 04 PM/Image 9.png,/kaggle/input/aether-oct5k-pilot/Masks/Masks_Manual/Grading_1/DME/DME (22).E2E/2- 25- 2017 10- 03- 04 PM/Image 9.png,DME,train,26dfb19b14c19b139f79128955d56238440f3edc903df9cd566b7eb2947b5ea8,e1ccabd097d302f3dfefa461590a0ba08d80b16132c338323bd02fd285128342,1682947bdb209f44ff0bc079467d78148823c3968d2045560ca53aeee1b08102
Normal Part2/Normal (37).E2E/2- 26- 2017 10- 05- 11 AM/Image 12,/kaggle/input/aether-oct5k-pilot/Images/Images_Manual/Normal Part2/Normal (37).E2E/2- 26- 2017 10- 05- 11 AM/Image 12.png,/kaggle/input/aether-oct5k-pilot/Masks/Masks_Manual/Grading_1/Normal Part2/Normal (37).E2E/2- 26- 2017 10- 05- 11 AM/Image 12.png,Normal Part2,train,a5c20af001f6931fbe23e951a59dbeeb2636f481a2999469dea369b4b182c887,b4e3c42a0b5703f9a54a8ac430cb2a1d35244d776ece68c1aed57dd55415c250,d14f4ac542f5fa85ba66f1a1f3d20251d416026fec87f11381a34868d9536fb7
DME/DME (11).E2E/2- 25- 2017 9- 47- 31 PM/Image 5,/kaggle/input/aether-oct5k-pilot/Images/Images_Manual/DME/DME (11).E2E/2- 25- 2017 9- 47- 31 PM/Image 5.png,/kaggle/input/aether-oct5k-pilot/Masks/Masks_Manual/Grading_1/DME/DME (11).E2E/2- 25- 2017 9- 47- 31 PM/Image 5.png,DME,train,116c6292d9808d3d870d0b1dae1554befdebb2e70c3d00a338fc7393e9a91ff4,e3accdd43492ccef21b34fcf1a4cc15625fc16c57e59f56d9c1df64029c4ff3d,a02aca1f9609fcc7bbb5ed6d13aa6718a566947ad3a13cf881a1d8f8c00b7f3c
AMD Part1/AMD (22).E2E/2- 25- 2017 5- 11- 45 PM/Image 32,/kaggle/input/aether-oct5k-pilot/Images/Images_Manual/AMD Part1/AMD (22).E2E/2- 25- 2017 5- 11- 45 PM/Image 32.png,/kaggle/input/aether-oct5k-pilot/Masks/Masks_Manual/Grading_1/AMD Part1/AMD (22).E2E/2- 25- 2017 5- 11- 45 PM/Image 32.png,AMD Part1,train,053b08bd704f4e8a285af5a2b4bb3f3b98b7d9b5299df3f8a168babe2c1d4707,541d98aa4991b32662a47601a6853d48ae40d3041f3e626cf2574059f9d0675e,ee3614666221b8d206e261c240ae258233c73c73dd27e00dce92bc95b392e280
AMD Part1/AMD (8).E2E/2- 25- 2017 9- 21- 50 PM/Image 10,/kaggle/input/aether-oct5k-pilot/Images/Images_Manual/AMD Part1/AMD (8).E2E/2- 25- 2017 9- 21- 50 PM/Image 10.png,/kaggle/input/aether-oct5k-pilot/Masks/Masks_Manual/Grading_1/AMD Part1/AMD (8).E2E/2- 25- 2017 9- 21- 50 PM/Image 10.png,AMD Part1,train,025c2944e3aeca0c2082ccf213d671bcbdc46397545f81267f8c75868d00f04d,0e1d800cad194dcd150eebe6e1e64359a77a353f6323f25c56bc2bff74e1dfb2,beb051e597a84c8bdaf1bae6c16130bf415b2b4c2202ee6f8535f4a2eb9735b1
